region_name,area_name,regional_head_name,area_head_name,branch_manager_name,branch_id,branch_name,branch_type,branch_story,kpi_id,kpi,direction,ppy,py,cy,target_value,observation_date
Dubai,Central Dubai,Mariam Al Mansoori,Omar Rahman,Ahmed Khan,BR001,Downtown Main,Flagship,Improving,KPI01,CSAT,HIGHER,85.3,85.8,86.3,85,2025-07-31
Dubai,Central Dubai,Mariam Al Mansoori,Omar Rahman,Ahmed Khan,BR001,Downtown Main,Flagship,Improving,KPI01,CSAT,HIGHER,85.8,86.3,87.3,85,2025-08-31
Dubai,Central Dubai,Mariam Al Mansoori,Omar Rahman,Ahmed Khan,BR001,Downtown Main,Flagship,Improving,KPI01,CSAT,HIGHER,86.3,87.3,87.4,85,2025-09-30
Dubai,Central Dubai,Mariam Al Mansoori,Omar Rahman,Ahmed Khan,BR001,Downtown Main,Flagship,Improving,KPI01,CSAT,HIGHER,87.3,87.4,87.2,85,2025-10-31
Dubai,Central Dubai,Mariam Al Mansoori,Omar Rahman,Ahmed Khan,BR001,Downtown Main,Flagship,Improving,KPI01,CSAT,HIGHER,87.4,87.2,87.9,85,2025-11-30
Dubai,Central Dubai,Mariam Al Mansoori,Omar Rahman,Ahmed Khan,BR001,Downtown Main,Flagship,Improving,KPI01,CSAT,HIGHER,87.2,87.9,88.5,85,2025-12-31
Dubai,Central Dubai,Mariam Al Mansoori,Omar Rahman,Ahmed Khan,BR001,Downtown Main,Flagship,Improving,KPI01,CSAT,HIGHER,87.9,88.5,89.2,85,2026-01-31
Dubai,Central Dubai,Mariam Al Mansoori,Omar Rahman,Ahmed Khan,BR001,Downtown Main,Flagship,Improving,KPI01,CSAT,HIGHER,88.5,89.2,89.7,85,2026-02-28
Dubai,Central Dubai,Mariam Al Mansoori,Omar Rahman,Ahmed Khan,BR001,Downtown Main,Flagship,Improving,KPI01,CSAT,HIGHER,89.2,89.7,90.0,85,2026-03-31
Dubai,Central Dubai,Mariam Al Mansoori,Omar Rahman,Ahmed Khan,BR001,Downtown Main,Flagship,Improving,KPI01,CSAT,HIGHER,89.7,90.0,90.4,85,2026-04-30
Dubai,Central Dubai,Mariam Al Mansoori,Omar Rahman,Ahmed Khan,BR001,Downtown Main,Flagship,Improving,KPI01,CSAT,HIGHER,90.0,90.4,91.0,85,2026-05-31
Dubai,Central Dubai,Mariam Al Mansoori,Omar Rahman,Ahmed Khan,BR001,Downtown Main,Flagship,Improving,KPI01,CSAT,HIGHER,90.4,91.0,91.9,85,2026-06-30
Dubai,Central Dubai,Mariam Al Mansoori,Omar Rahman,Ahmed Khan,BR001,Downtown Main,Flagship,Improving,KPI02,NPS,HIGHER,40.5,42.5,43.6,40,2025-07-31
Dubai,Central Dubai,Mariam Al Mansoori,Omar Rahman,Ahmed Khan,BR001,Downtown Main,Flagship,Improving,KPI02,NPS,HIGHER,42.5,43.6,44.5,40,2025-08-31
Dubai,Central Dubai,Mariam Al Mansoori,Omar Rahman,Ahmed Khan,BR001,Downtown Main,Flagship,Improving,KPI02,NPS,HIGHER,43.6,44.5,45.9,40,2025-09-30
Dubai,Central Dubai,Mariam Al Mansoori,Omar Rahman,Ahmed Khan,BR001,Downtown Main,Flagship,Improving,KPI02,NPS,HIGHER,44.5,45.9,45.8,40,2025-10-31
Dubai,Central Dubai,Mariam Al Mansoori,Omar Rahman,Ahmed Khan,BR001,Downtown Main,Flagship,Improving,KPI02,NPS,HIGHER,45.9,45.8,46.5,40,2025-11-30
Dubai,Central Dubai,Mariam Al Mansoori,Omar Rahman,Ahmed Khan,BR001,Downtown Main,Flagship,Improving,KPI02,NPS,HIGHER,45.8,46.5,47.9,40,2025-12-31
Dubai,Central Dubai,Mariam Al Mansoori,Omar Rahman,Ahmed Khan,BR001,Downtown Main,Flagship,Improving,KPI02,NPS,HIGHER,46.5,47.9,49.6,40,2026-01-31
Dubai,Central Dubai,Mariam Al Mansoori,Omar Rahman,Ahmed Khan,BR001,Downtown Main,Flagship,Improving,KPI02,NPS,HIGHER,47.9,49.6,50.4,40,2026-02-28
Dubai,Central Dubai,Mariam Al Mansoori,Omar Rahman,Ahmed Khan,BR001,Downtown Main,Flagship,Improving,KPI02,NPS,HIGHER,49.6,50.4,51.7,40,2026-03-31
Dubai,Central Dubai,Mariam Al Mansoori,Omar Rahman,Ahmed Khan,BR001,Downtown Main,Flagship,Improving,KPI02,NPS,HIGHER,50.4,51.7,52.9,40,2026-04-30
Dubai,Central Dubai,Mariam Al Mansoori,Omar Rahman,Ahmed Khan,BR001,Downtown Main,Flagship,Improving,KPI02,NPS,HIGHER,51.7,52.9,54.5,40,2026-05-31
Dubai,Central Dubai,Mariam Al Mansoori,Omar Rahman,Ahmed Khan,BR001,Downtown Main,Flagship,Improving,KPI02,NPS,HIGHER,52.9,54.5,54.6,40,2026-06-30
Dubai,Central Dubai,Mariam Al Mansoori,Omar Rahman,Ahmed Khan,BR001,Downtown Main,Flagship,Improving,KPI03,Complaint Rate,LOWER,3.59,3.44,3.42,2.0,2025-07-31
Dubai,Central Dubai,Mariam Al Mansoori,Omar Rahman,Ahmed Khan,BR001,Downtown Main,Flagship,Improving,KPI03,Complaint Rate,LOWER,3.44,3.42,3.33,2.0,2025-08-31
Dubai,Central Dubai,Mariam Al Mansoori,Omar Rahman,Ahmed Khan,BR001,Downtown Main,Flagship,Improving,KPI03,Complaint Rate,LOWER,3.42,3.33,3.15,2.0,2025-09-30
Dubai,Central Dubai,Mariam Al Mansoori,Omar Rahman,Ahmed Khan,BR001,Downtown Main,Flagship,Improving,KPI03,Complaint Rate,LOWER,3.33,3.15,3.04,2.0,2025-10-31
Dubai,Central Dubai,Mariam Al Mansoori,Omar Rahman,Ahmed Khan,BR001,Downtown Main,Flagship,Improving,KPI03,Complaint Rate,LOWER,3.15,3.04,2.87,2.0,2025-11-30
Dubai,Central Dubai,Mariam Al Mansoori,Omar Rahman,Ahmed Khan,BR001,Downtown Main,Flagship,Improving,KPI03,Complaint Rate,LOWER,3.04,2.87,2.71,2.0,2025-12-31
Dubai,Central Dubai,Mariam Al Mansoori,Omar Rahman,Ahmed Khan,BR001,Downtown Main,Flagship,Improving,KPI03,Complaint Rate,LOWER,2.87,2.71,2.55,2.0,2026-01-31
Dubai,Central Dubai,Mariam Al Mansoori,Omar Rahman,Ahmed Khan,BR001,Downtown Main,Flagship,Improving,KPI03,Complaint Rate,LOWER,2.71,2.55,2.43,2.0,2026-02-28
Dubai,Central Dubai,Mariam Al Mansoori,Omar Rahman,Ahmed Khan,BR001,Downtown Main,Flagship,Improving,KPI03,Complaint Rate,LOWER,2.55,2.43,2.4,2.0,2026-03-31
Dubai,Central Dubai,Mariam Al Mansoori,Omar Rahman,Ahmed Khan,BR001,Downtown Main,Flagship,Improving,KPI03,Complaint Rate,LOWER,2.43,2.4,2.34,2.0,2026-04-30
Dubai,Central Dubai,Mariam Al Mansoori,Omar Rahman,Ahmed Khan,BR001,Downtown Main,Flagship,Improving,KPI03,Complaint Rate,LOWER,2.4,2.34,2.25,2.0,2026-05-31
Dubai,Central Dubai,Mariam Al Mansoori,Omar Rahman,Ahmed Khan,BR001,Downtown Main,Flagship,Improving,KPI03,Complaint Rate,LOWER,2.34,2.25,2.2,2.0,2026-06-30
Dubai,Central Dubai,Mariam Al Mansoori,Omar Rahman,Ahmed Khan,BR001,Downtown Main,Flagship,Improving,KPI04,Complaint Volume,LOWER,73.0,70.0,63.0,100,2025-07-31
Dubai,Central Dubai,Mariam Al Mansoori,Omar Rahman,Ahmed Khan,BR001,Downtown Main,Flagship,Improving,KPI04,Complaint Volume,LOWER,70.0,63.0,56.0,100,2025-08-31
Dubai,Central Dubai,Mariam Al Mansoori,Omar Rahman,Ahmed Khan,BR001,Downtown Main,Flagship,Improving,KPI04,Complaint Volume,LOWER,63.0,56.0,50.0,100,2025-09-30
Dubai,Central Dubai,Mariam Al Mansoori,Omar Rahman,Ahmed Khan,BR001,Downtown Main,Flagship,Improving,KPI04,Complaint Volume,LOWER,56.0,50.0,48.0,100,2025-10-31
Dubai,Central Dubai,Mariam Al Mansoori,Omar Rahman,Ahmed Khan,BR001,Downtown Main,Flagship,Improving,KPI04,Complaint Volume,LOWER,50.0,48.0,42.0,100,2025-11-30
Dubai,Central Dubai,Mariam Al Mansoori,Omar Rahman,Ahmed Khan,BR001,Downtown Main,Flagship,Improving,KPI04,Complaint Volume,LOWER,48.0,42.0,46.0,100,2025-12-31
Dubai,Central Dubai,Mariam Al Mansoori,Omar Rahman,Ahmed Khan,BR001,Downtown Main,Flagship,Improving,KPI04,Complaint Volume,LOWER,42.0,46.0,39.0,100,2026-01-31
Dubai,Central Dubai,Mariam Al Mansoori,Omar Rahman,Ahmed Khan,BR001,Downtown Main,Flagship,Improving,KPI04,Complaint Volume,LOWER,46.0,39.0,31.0,100,2026-02-28
Dubai,Central Dubai,Mariam Al Mansoori,Omar Rahman,Ahmed Khan,BR001,Downtown Main,Flagship,Improving,KPI04,Complaint Volume,LOWER,39.0,31.0,29.0,100,2026-03-31
Dubai,Central Dubai,Mariam Al Mansoori,Omar Rahman,Ahmed Khan,BR001,Downtown Main,Flagship,Improving,KPI04,Complaint Volume,LOWER,31.0,29.0,30.0,100,2026-04-30
Dubai,Central Dubai,Mariam Al Mansoori,Omar Rahman,Ahmed Khan,BR001,Downtown Main,Flagship,Improving,KPI04,Complaint Volume,LOWER,29.0,30.0,27.0,100,2026-05-31
Dubai,Central Dubai,Mariam Al Mansoori,Omar Rahman,Ahmed Khan,BR001,Downtown Main,Flagship,Improving,KPI04,Complaint Volume,LOWER,30.0,27.0,26.0,100,2026-06-30
Dubai,Central Dubai,Mariam Al Mansoori,Omar Rahman,Ahmed Khan,BR001,Downtown Main,Flagship,Improving,KPI05,Resolution Time,LOWER,6.06,5.89,5.74,3.0,2025-07-31
Dubai,Central Dubai,Mariam Al Mansoori,Omar Rahman,Ahmed Khan,BR001,Downtown Main,Flagship,Improving,KPI05,Resolution Time,LOWER,5.89,5.74,5.51,3.0,2025-08-31
Dubai,Central Dubai,Mariam Al Mansoori,Omar Rahman,Ahmed Khan,BR001,Downtown Main,Flagship,Improving,KPI05,Resolution Time,LOWER,5.74,5.51,5.42,3.0,2025-09-30
Dubai,Central Dubai,Mariam Al Mansoori,Omar Rahman,Ahmed Khan,BR001,Downtown Main,Flagship,Improving,KPI05,Resolution Time,LOWER,5.51,5.42,5.27,3.0,2025-10-31
Dubai,Central Dubai,Mariam Al Mansoori,Omar Rahman,Ahmed Khan,BR001,Downtown Main,Flagship,Improving,KPI05,Resolution Time,LOWER,5.42,5.27,5.24,3.0,2025-11-30
Dubai,Central Dubai,Mariam Al Mansoori,Omar Rahman,Ahmed Khan,BR001,Downtown Main,Flagship,Improving,KPI05,Resolution Time,LOWER,5.27,5.24,5.16,3.0,2025-12-31
Dubai,Central Dubai,Mariam Al Mansoori,Omar Rahman,Ahmed Khan,BR001,Downtown Main,Flagship,Improving,KPI05,Resolution Time,LOWER,5.24,5.16,5.06,3.0,2026-01-31
Dubai,Central Dubai,Mariam Al Mansoori,Omar Rahman,Ahmed Khan,BR001,Downtown Main,Flagship,Improving,KPI05,Resolution Time,LOWER,5.16,5.06,5.02,3.0,2026-02-28
Dubai,Central Dubai,Mariam Al Mansoori,Omar Rahman,Ahmed Khan,BR001,Downtown Main,Flagship,Improving,KPI05,Resolution Time,LOWER,5.06,5.02,5.07,3.0,2026-03-31
Dubai,Central Dubai,Mariam Al Mansoori,Omar Rahman,Ahmed Khan,BR001,Downtown Main,Flagship,Improving,KPI05,Resolution Time,LOWER,5.02,5.07,4.92,3.0,2026-04-30
Dubai,Central Dubai,Mariam Al Mansoori,Omar Rahman,Ahmed Khan,BR001,Downtown Main,Flagship,Improving,KPI05,Resolution Time,LOWER,5.07,4.92,4.78,3.0,2026-05-31
Dubai,Central Dubai,Mariam Al Mansoori,Omar Rahman,Ahmed Khan,BR001,Downtown Main,Flagship,Improving,KPI05,Resolution Time,LOWER,4.92,4.78,4.78,3.0,2026-06-30
Dubai,Central Dubai,Mariam Al Mansoori,Omar Rahman,Ahmed Khan,BR001,Downtown Main,Flagship,Improving,KPI06,SLA Compliance,HIGHER,87.4,87.7,88.1,95,2025-07-31
Dubai,Central Dubai,Mariam Al Mansoori,Omar Rahman,Ahmed Khan,BR001,Downtown Main,Flagship,Improving,KPI06,SLA Compliance,HIGHER,87.7,88.1,88.8,95,2025-08-31
Dubai,Central Dubai,Mariam Al Mansoori,Omar Rahman,Ahmed Khan,BR001,Downtown Main,Flagship,Improving,KPI06,SLA Compliance,HIGHER,88.1,88.8,89.0,95,2025-09-30
Dubai,Central Dubai,Mariam Al Mansoori,Omar Rahman,Ahmed Khan,BR001,Downtown Main,Flagship,Improving,KPI06,SLA Compliance,HIGHER,88.8,89.0,89.4,95,2025-10-31
Dubai,Central Dubai,Mariam Al Mansoori,Omar Rahman,Ahmed Khan,BR001,Downtown Main,Flagship,Improving,KPI06,SLA Compliance,HIGHER,89.0,89.4,89.1,95,2025-11-30
Dubai,Central Dubai,Mariam Al Mansoori,Omar Rahman,Ahmed Khan,BR001,Downtown Main,Flagship,Improving,KPI06,SLA Compliance,HIGHER,89.4,89.1,89.2,95,2025-12-31
Dubai,Central Dubai,Mariam Al Mansoori,Omar Rahman,Ahmed Khan,BR001,Downtown Main,Flagship,Improving,KPI06,SLA Compliance,HIGHER,89.1,89.2,89.5,95,2026-01-31
Dubai,Central Dubai,Mariam Al Mansoori,Omar Rahman,Ahmed Khan,BR001,Downtown Main,Flagship,Improving,KPI06,SLA Compliance,HIGHER,89.2,89.5,90.1,95,2026-02-28
Dubai,Central Dubai,Mariam Al Mansoori,Omar Rahman,Ahmed Khan,BR001,Downtown Main,Flagship,Improving,KPI06,SLA Compliance,HIGHER,89.5,90.1,90.9,95,2026-03-31
Dubai,Central Dubai,Mariam Al Mansoori,Omar Rahman,Ahmed Khan,BR001,Downtown Main,Flagship,Improving,KPI06,SLA Compliance,HIGHER,90.1,90.9,91.4,95,2026-04-30
Dubai,Central Dubai,Mariam Al Mansoori,Omar Rahman,Ahmed Khan,BR001,Downtown Main,Flagship,Improving,KPI06,SLA Compliance,HIGHER,90.9,91.4,91.9,95,2026-05-31
Dubai,Central Dubai,Mariam Al Mansoori,Omar Rahman,Ahmed Khan,BR001,Downtown Main,Flagship,Improving,KPI06,SLA Compliance,HIGHER,91.4,91.9,92.4,95,2026-06-30
Dubai,Central Dubai,Mariam Al Mansoori,Omar Rahman,Ahmed Khan,BR001,Downtown Main,Flagship,Improving,KPI07,First Contact Resolution,HIGHER,69.1,69.1,69.5,85,2025-07-31
Dubai,Central Dubai,Mariam Al Mansoori,Omar Rahman,Ahmed Khan,BR001,Downtown Main,Flagship,Improving,KPI07,First Contact Resolution,HIGHER,69.1,69.5,70.1,85,2025-08-31
Dubai,Central Dubai,Mariam Al Mansoori,Omar Rahman,Ahmed Khan,BR001,Downtown Main,Flagship,Improving,KPI07,First Contact Resolution,HIGHER,69.5,70.1,69.6,85,2025-09-30
Dubai,Central Dubai,Mariam Al Mansoori,Omar Rahman,Ahmed Khan,BR001,Downtown Main,Flagship,Improving,KPI07,First Contact Resolution,HIGHER,70.1,69.6,71.0,85,2025-10-31
Dubai,Central Dubai,Mariam Al Mansoori,Omar Rahman,Ahmed Khan,BR001,Downtown Main,Flagship,Improving,KPI07,First Contact Resolution,HIGHER,69.6,71.0,70.5,85,2025-11-30
Dubai,Central Dubai,Mariam Al Mansoori,Omar Rahman,Ahmed Khan,BR001,Downtown Main,Flagship,Improving,KPI07,First Contact Resolution,HIGHER,71.0,70.5,70.8,85,2025-12-31
Dubai,Central Dubai,Mariam Al Mansoori,Omar Rahman,Ahmed Khan,BR001,Downtown Main,Flagship,Improving,KPI07,First Contact Resolution,HIGHER,70.5,70.8,71.4,85,2026-01-31
Dubai,Central Dubai,Mariam Al Mansoori,Omar Rahman,Ahmed Khan,BR001,Downtown Main,Flagship,Improving,KPI07,First Contact Resolution,HIGHER,70.8,71.4,71.8,85,2026-02-28
Dubai,Central Dubai,Mariam Al Mansoori,Omar Rahman,Ahmed Khan,BR001,Downtown Main,Flagship,Improving,KPI07,First Contact Resolution,HIGHER,71.4,71.8,72.2,85,2026-03-31
Dubai,Central Dubai,Mariam Al Mansoori,Omar Rahman,Ahmed Khan,BR001,Downtown Main,Flagship,Improving,KPI07,First Contact Resolution,HIGHER,71.8,72.2,72.1,85,2026-04-30
Dubai,Central Dubai,Mariam Al Mansoori,Omar Rahman,Ahmed Khan,BR001,Downtown Main,Flagship,Improving,KPI07,First Contact Resolution,HIGHER,72.2,72.1,72.4,85,2026-05-31
Dubai,Central Dubai,Mariam Al Mansoori,Omar Rahman,Ahmed Khan,BR001,Downtown Main,Flagship,Improving,KPI07,First Contact Resolution,HIGHER,72.1,72.4,72.8,85,2026-06-30
Dubai,Central Dubai,Mariam Al Mansoori,Omar Rahman,Ahmed Khan,BR001,Downtown Main,Flagship,Improving,KPI08,Customer Effort Score,LOWER,3.88,3.85,3.68,3.0,2025-07-31
Dubai,Central Dubai,Mariam Al Mansoori,Omar Rahman,Ahmed Khan,BR001,Downtown Main,Flagship,Improving,KPI08,Customer Effort Score,LOWER,3.85,3.68,3.65,3.0,2025-08-31
Dubai,Central Dubai,Mariam Al Mansoori,Omar Rahman,Ahmed Khan,BR001,Downtown Main,Flagship,Improving,KPI08,Customer Effort Score,LOWER,3.68,3.65,3.62,3.0,2025-09-30
Dubai,Central Dubai,Mariam Al Mansoori,Omar Rahman,Ahmed Khan,BR001,Downtown Main,Flagship,Improving,KPI08,Customer Effort Score,LOWER,3.65,3.62,3.53,3.0,2025-10-31
Dubai,Central Dubai,Mariam Al Mansoori,Omar Rahman,Ahmed Khan,BR001,Downtown Main,Flagship,Improving,KPI08,Customer Effort Score,LOWER,3.62,3.53,3.44,3.0,2025-11-30
Dubai,Central Dubai,Mariam Al Mansoori,Omar Rahman,Ahmed Khan,BR001,Downtown Main,Flagship,Improving,KPI08,Customer Effort Score,LOWER,3.53,3.44,3.38,3.0,2025-12-31
Dubai,Central Dubai,Mariam Al Mansoori,Omar Rahman,Ahmed Khan,BR001,Downtown Main,Flagship,Improving,KPI08,Customer Effort Score,LOWER,3.44,3.38,3.41,3.0,2026-01-31
Dubai,Central Dubai,Mariam Al Mansoori,Omar Rahman,Ahmed Khan,BR001,Downtown Main,Flagship,Improving,KPI08,Customer Effort Score,LOWER,3.38,3.41,3.3,3.0,2026-02-28
Dubai,Central Dubai,Mariam Al Mansoori,Omar Rahman,Ahmed Khan,BR001,Downtown Main,Flagship,Improving,KPI08,Customer Effort Score,LOWER,3.41,3.3,3.22,3.0,2026-03-31
Dubai,Central Dubai,Mariam Al Mansoori,Omar Rahman,Ahmed Khan,BR001,Downtown Main,Flagship,Improving,KPI08,Customer Effort Score,LOWER,3.3,3.22,3.22,3.0,2026-04-30
Dubai,Central Dubai,Mariam Al Mansoori,Omar Rahman,Ahmed Khan,BR001,Downtown Main,Flagship,Improving,KPI08,Customer Effort Score,LOWER,3.22,3.22,3.14,3.0,2026-05-31
Dubai,Central Dubai,Mariam Al Mansoori,Omar Rahman,Ahmed Khan,BR001,Downtown Main,Flagship,Improving,KPI08,Customer Effort Score,LOWER,3.22,3.14,3.06,3.0,2026-06-30
Dubai,Central Dubai,Mariam Al Mansoori,Omar Rahman,Ahmed Khan,BR001,Downtown Main,Flagship,Improving,KPI09,Digital Adoption Rate,HIGHER,81.0,81.5,82.2,75,2025-07-31
Dubai,Central Dubai,Mariam Al Mansoori,Omar Rahman,Ahmed Khan,BR001,Downtown Main,Flagship,Improving,KPI09,Digital Adoption Rate,HIGHER,81.5,82.2,82.9,75,2025-08-31
Dubai,Central Dubai,Mariam Al Mansoori,Omar Rahman,Ahmed Khan,BR001,Downtown Main,Flagship,Improving,KPI09,Digital Adoption Rate,HIGHER,82.2,82.9,83.6,75,2025-09-30
Dubai,Central Dubai,Mariam Al Mansoori,Omar Rahman,Ahmed Khan,BR001,Downtown Main,Flagship,Improving,KPI09,Digital Adoption Rate,HIGHER,82.9,83.6,84.5,75,2025-10-31
Dubai,Central Dubai,Mariam Al Mansoori,Omar Rahman,Ahmed Khan,BR001,Downtown Main,Flagship,Improving,KPI09,Digital Adoption Rate,HIGHER,83.6,84.5,86.3,75,2025-11-30
Dubai,Central Dubai,Mariam Al Mansoori,Omar Rahman,Ahmed Khan,BR001,Downtown Main,Flagship,Improving,KPI09,Digital Adoption Rate,HIGHER,84.5,86.3,86.5,75,2025-12-31
Dubai,Central Dubai,Mariam Al Mansoori,Omar Rahman,Ahmed Khan,BR001,Downtown Main,Flagship,Improving,KPI09,Digital Adoption Rate,HIGHER,86.3,86.5,87.5,75,2026-01-31
Dubai,Central Dubai,Mariam Al Mansoori,Omar Rahman,Ahmed Khan,BR001,Downtown Main,Flagship,Improving,KPI09,Digital Adoption Rate,HIGHER,86.5,87.5,87.7,75,2026-02-28
Dubai,Central Dubai,Mariam Al Mansoori,Omar Rahman,Ahmed Khan,BR001,Downtown Main,Flagship,Improving,KPI09,Digital Adoption Rate,HIGHER,87.5,87.7,89.6,75,2026-03-31
Dubai,Central Dubai,Mariam Al Mansoori,Omar Rahman,Ahmed Khan,BR001,Downtown Main,Flagship,Improving,KPI09,Digital Adoption Rate,HIGHER,87.7,89.6,90.8,75,2026-04-30
Dubai,Central Dubai,Mariam Al Mansoori,Omar Rahman,Ahmed Khan,BR001,Downtown Main,Flagship,Improving,KPI09,Digital Adoption Rate,HIGHER,89.6,90.8,91.7,75,2026-05-31
Dubai,Central Dubai,Mariam Al Mansoori,Omar Rahman,Ahmed Khan,BR001,Downtown Main,Flagship,Improving,KPI09,Digital Adoption Rate,HIGHER,90.8,91.7,92.4,75,2026-06-30
Dubai,Central Dubai,Mariam Al Mansoori,Omar Rahman,Ahmed Khan,BR001,Downtown Main,Flagship,Improving,KPI10,Repeat Complaint Rate,LOWER,11.5,11.4,11.0,8,2025-07-31
Dubai,Central Dubai,Mariam Al Mansoori,Omar Rahman,Ahmed Khan,BR001,Downtown Main,Flagship,Improving,KPI10,Repeat Complaint Rate,LOWER,11.4,11.0,10.6,8,2025-08-31
Dubai,Central Dubai,Mariam Al Mansoori,Omar Rahman,Ahmed Khan,BR001,Downtown Main,Flagship,Improving,KPI10,Repeat Complaint Rate,LOWER,11.0,10.6,9.9,8,2025-09-30
Dubai,Central Dubai,Mariam Al Mansoori,Omar Rahman,Ahmed Khan,BR001,Downtown Main,Flagship,Improving,KPI10,Repeat Complaint Rate,LOWER,10.6,9.9,9.6,8,2025-10-31
Dubai,Central Dubai,Mariam Al Mansoori,Omar Rahman,Ahmed Khan,BR001,Downtown Main,Flagship,Improving,KPI10,Repeat Complaint Rate,LOWER,9.9,9.6,9.2,8,2025-11-30
Dubai,Central Dubai,Mariam Al Mansoori,Omar Rahman,Ahmed Khan,BR001,Downtown Main,Flagship,Improving,KPI10,Repeat Complaint Rate,LOWER,9.6,9.2,9.4,8,2025-12-31
Dubai,Central Dubai,Mariam Al Mansoori,Omar Rahman,Ahmed Khan,BR001,Downtown Main,Flagship,Improving,KPI10,Repeat Complaint Rate,LOWER,9.2,9.4,8.9,8,2026-01-31
Dubai,Central Dubai,Mariam Al Mansoori,Omar Rahman,Ahmed Khan,BR001,Downtown Main,Flagship,Improving,KPI10,Repeat Complaint Rate,LOWER,9.4,8.9,8.7,8,2026-02-28
Dubai,Central Dubai,Mariam Al Mansoori,Omar Rahman,Ahmed Khan,BR001,Downtown Main,Flagship,Improving,KPI10,Repeat Complaint Rate,LOWER,8.9,8.7,7.9,8,2026-03-31
Dubai,Central Dubai,Mariam Al Mansoori,Omar Rahman,Ahmed Khan,BR001,Downtown Main,Flagship,Improving,KPI10,Repeat Complaint Rate,LOWER,8.7,7.9,7.4,8,2026-04-30
Dubai,Central Dubai,Mariam Al Mansoori,Omar Rahman,Ahmed Khan,BR001,Downtown Main,Flagship,Improving,KPI10,Repeat Complaint Rate,LOWER,7.9,7.4,7.2,8,2026-05-31
Dubai,Central Dubai,Mariam Al Mansoori,Omar Rahman,Ahmed Khan,BR001,Downtown Main,Flagship,Improving,KPI10,Repeat Complaint Rate,LOWER,7.4,7.2,7.1,8,2026-06-30
Abu Dhabi,Khalifa City,Saeed Al Mazrouei,Faisal Karim,Fatima Noor,BR002,Dubai Mall,Premium,Declining,KPI01,CSAT,HIGHER,89.3,88.5,87.9,85,2025-07-31
Abu Dhabi,Khalifa City,Saeed Al Mazrouei,Faisal Karim,Fatima Noor,BR002,Dubai Mall,Premium,Declining,KPI01,CSAT,HIGHER,88.5,87.9,87.5,85,2025-08-31
Abu Dhabi,Khalifa City,Saeed Al Mazrouei,Faisal Karim,Fatima Noor,BR002,Dubai Mall,Premium,Declining,KPI01,CSAT,HIGHER,87.9,87.5,87.1,85,2025-09-30
Abu Dhabi,Khalifa City,Saeed Al Mazrouei,Faisal Karim,Fatima Noor,BR002,Dubai Mall,Premium,Declining,KPI01,CSAT,HIGHER,87.5,87.1,87.0,85,2025-10-31
Abu Dhabi,Khalifa City,Saeed Al Mazrouei,Faisal Karim,Fatima Noor,BR002,Dubai Mall,Premium,Declining,KPI01,CSAT,HIGHER,87.1,87.0,86.3,85,2025-11-30
Abu Dhabi,Khalifa City,Saeed Al Mazrouei,Faisal Karim,Fatima Noor,BR002,Dubai Mall,Premium,Declining,KPI01,CSAT,HIGHER,87.0,86.3,85.8,85,2025-12-31
Abu Dhabi,Khalifa City,Saeed Al Mazrouei,Faisal Karim,Fatima Noor,BR002,Dubai Mall,Premium,Declining,KPI01,CSAT,HIGHER,86.3,85.8,85.4,85,2026-01-31
Abu Dhabi,Khalifa City,Saeed Al Mazrouei,Faisal Karim,Fatima Noor,BR002,Dubai Mall,Premium,Declining,KPI01,CSAT,HIGHER,85.8,85.4,85.1,85,2026-02-28
Abu Dhabi,Khalifa City,Saeed Al Mazrouei,Faisal Karim,Fatima Noor,BR002,Dubai Mall,Premium,Declining,KPI01,CSAT,HIGHER,85.4,85.1,84.5,85,2026-03-31
Abu Dhabi,Khalifa City,Saeed Al Mazrouei,Faisal Karim,Fatima Noor,BR002,Dubai Mall,Premium,Declining,KPI01,CSAT,HIGHER,85.1,84.5,83.9,85,2026-04-30
Abu Dhabi,Khalifa City,Saeed Al Mazrouei,Faisal Karim,Fatima Noor,BR002,Dubai Mall,Premium,Declining,KPI01,CSAT,HIGHER,84.5,83.9,84.0,85,2026-05-31
Abu Dhabi,Khalifa City,Saeed Al Mazrouei,Faisal Karim,Fatima Noor,BR002,Dubai Mall,Premium,Declining,KPI01,CSAT,HIGHER,83.9,84.0,83.2,85,2026-06-30
Abu Dhabi,Khalifa City,Saeed Al Mazrouei,Faisal Karim,Fatima Noor,BR002,Dubai Mall,Premium,Declining,KPI02,NPS,HIGHER,16.9,17.1,16.2,40,2025-07-31
Abu Dhabi,Khalifa City,Saeed Al Mazrouei,Faisal Karim,Fatima Noor,BR002,Dubai Mall,Premium,Declining,KPI02,NPS,HIGHER,17.1,16.2,15.6,40,2025-08-31
Abu Dhabi,Khalifa City,Saeed Al Mazrouei,Faisal Karim,Fatima Noor,BR002,Dubai Mall,Premium,Declining,KPI02,NPS,HIGHER,16.2,15.6,15.6,40,2025-09-30
Abu Dhabi,Khalifa City,Saeed Al Mazrouei,Faisal Karim,Fatima Noor,BR002,Dubai Mall,Premium,Declining,KPI02,NPS,HIGHER,15.6,15.6,14.2,40,2025-10-31
Abu Dhabi,Khalifa City,Saeed Al Mazrouei,Faisal Karim,Fatima Noor,BR002,Dubai Mall,Premium,Declining,KPI02,NPS,HIGHER,15.6,14.2,11.8,40,2025-11-30
Abu Dhabi,Khalifa City,Saeed Al Mazrouei,Faisal Karim,Fatima Noor,BR002,Dubai Mall,Premium,Declining,KPI02,NPS,HIGHER,14.2,11.8,11.0,40,2025-12-31
Abu Dhabi,Khalifa City,Saeed Al Mazrouei,Faisal Karim,Fatima Noor,BR002,Dubai Mall,Premium,Declining,KPI02,NPS,HIGHER,11.8,11.0,10.2,40,2026-01-31
Abu Dhabi,Khalifa City,Saeed Al Mazrouei,Faisal Karim,Fatima Noor,BR002,Dubai Mall,Premium,Declining,KPI02,NPS,HIGHER,11.0,10.2,8.7,40,2026-02-28
Abu Dhabi,Khalifa City,Saeed Al Mazrouei,Faisal Karim,Fatima Noor,BR002,Dubai Mall,Premium,Declining,KPI02,NPS,HIGHER,10.2,8.7,8.4,40,2026-03-31
Abu Dhabi,Khalifa City,Saeed Al Mazrouei,Faisal Karim,Fatima Noor,BR002,Dubai Mall,Premium,Declining,KPI02,NPS,HIGHER,8.7,8.4,7.9,40,2026-04-30
Abu Dhabi,Khalifa City,Saeed Al Mazrouei,Faisal Karim,Fatima Noor,BR002,Dubai Mall,Premium,Declining,KPI02,NPS,HIGHER,8.4,7.9,6.1,40,2026-05-31
Abu Dhabi,Khalifa City,Saeed Al Mazrouei,Faisal Karim,Fatima Noor,BR002,Dubai Mall,Premium,Declining,KPI02,NPS,HIGHER,7.9,6.1,5.5,40,2026-06-30
Abu Dhabi,Khalifa City,Saeed Al Mazrouei,Faisal Karim,Fatima Noor,BR002,Dubai Mall,Premium,Declining,KPI03,Complaint Rate,LOWER,3.6,3.52,3.65,2.0,2025-07-31
Abu Dhabi,Khalifa City,Saeed Al Mazrouei,Faisal Karim,Fatima Noor,BR002,Dubai Mall,Premium,Declining,KPI03,Complaint Rate,LOWER,3.52,3.65,3.76,2.0,2025-08-31
Abu Dhabi,Khalifa City,Saeed Al Mazrouei,Faisal Karim,Fatima Noor,BR002,Dubai Mall,Premium,Declining,KPI03,Complaint Rate,LOWER,3.65,3.76,3.77,2.0,2025-09-30
Abu Dhabi,Khalifa City,Saeed Al Mazrouei,Faisal Karim,Fatima Noor,BR002,Dubai Mall,Premium,Declining,KPI03,Complaint Rate,LOWER,3.76,3.77,3.95,2.0,2025-10-31
Abu Dhabi,Khalifa City,Saeed Al Mazrouei,Faisal Karim,Fatima Noor,BR002,Dubai Mall,Premium,Declining,KPI03,Complaint Rate,LOWER,3.77,3.95,4.03,2.0,2025-11-30
Abu Dhabi,Khalifa City,Saeed Al Mazrouei,Faisal Karim,Fatima Noor,BR002,Dubai Mall,Premium,Declining,KPI03,Complaint Rate,LOWER,3.95,4.03,4.14,2.0,2025-12-31
Abu Dhabi,Khalifa City,Saeed Al Mazrouei,Faisal Karim,Fatima Noor,BR002,Dubai Mall,Premium,Declining,KPI03,Complaint Rate,LOWER,4.03,4.14,4.16,2.0,2026-01-31
Abu Dhabi,Khalifa City,Saeed Al Mazrouei,Faisal Karim,Fatima Noor,BR002,Dubai Mall,Premium,Declining,KPI03,Complaint Rate,LOWER,4.14,4.16,4.25,2.0,2026-02-28
Abu Dhabi,Khalifa City,Saeed Al Mazrouei,Faisal Karim,Fatima Noor,BR002,Dubai Mall,Premium,Declining,KPI03,Complaint Rate,LOWER,4.16,4.25,4.32,2.0,2026-03-31
Abu Dhabi,Khalifa City,Saeed Al Mazrouei,Faisal Karim,Fatima Noor,BR002,Dubai Mall,Premium,Declining,KPI03,Complaint Rate,LOWER,4.25,4.32,4.44,2.0,2026-04-30
Abu Dhabi,Khalifa City,Saeed Al Mazrouei,Faisal Karim,Fatima Noor,BR002,Dubai Mall,Premium,Declining,KPI03,Complaint Rate,LOWER,4.32,4.44,4.58,2.0,2026-05-31
Abu Dhabi,Khalifa City,Saeed Al Mazrouei,Faisal Karim,Fatima Noor,BR002,Dubai Mall,Premium,Declining,KPI03,Complaint Rate,LOWER,4.44,4.58,4.62,2.0,2026-06-30
Abu Dhabi,Khalifa City,Saeed Al Mazrouei,Faisal Karim,Fatima Noor,BR002,Dubai Mall,Premium,Declining,KPI04,Complaint Volume,LOWER,199.0,203.0,214.0,100,2025-07-31
Abu Dhabi,Khalifa City,Saeed Al Mazrouei,Faisal Karim,Fatima Noor,BR002,Dubai Mall,Premium,Declining,KPI04,Complaint Volume,LOWER,203.0,214.0,219.0,100,2025-08-31
Abu Dhabi,Khalifa City,Saeed Al Mazrouei,Faisal Karim,Fatima Noor,BR002,Dubai Mall,Premium,Declining,KPI04,Complaint Volume,LOWER,214.0,219.0,231.0,100,2025-09-30
Abu Dhabi,Khalifa City,Saeed Al Mazrouei,Faisal Karim,Fatima Noor,BR002,Dubai Mall,Premium,Declining,KPI04,Complaint Volume,LOWER,219.0,231.0,234.0,100,2025-10-31
Abu Dhabi,Khalifa City,Saeed Al Mazrouei,Faisal Karim,Fatima Noor,BR002,Dubai Mall,Premium,Declining,KPI04,Complaint Volume,LOWER,231.0,234.0,239.0,100,2025-11-30
Abu Dhabi,Khalifa City,Saeed Al Mazrouei,Faisal Karim,Fatima Noor,BR002,Dubai Mall,Premium,Declining,KPI04,Complaint Volume,LOWER,234.0,239.0,242.0,100,2025-12-31
Abu Dhabi,Khalifa City,Saeed Al Mazrouei,Faisal Karim,Fatima Noor,BR002,Dubai Mall,Premium,Declining,KPI04,Complaint Volume,LOWER,239.0,242.0,244.0,100,2026-01-31
Abu Dhabi,Khalifa City,Saeed Al Mazrouei,Faisal Karim,Fatima Noor,BR002,Dubai Mall,Premium,Declining,KPI04,Complaint Volume,LOWER,242.0,244.0,249.0,100,2026-02-28
Abu Dhabi,Khalifa City,Saeed Al Mazrouei,Faisal Karim,Fatima Noor,BR002,Dubai Mall,Premium,Declining,KPI04,Complaint Volume,LOWER,244.0,249.0,252.0,100,2026-03-31
Abu Dhabi,Khalifa City,Saeed Al Mazrouei,Faisal Karim,Fatima Noor,BR002,Dubai Mall,Premium,Declining,KPI04,Complaint Volume,LOWER,249.0,252.0,257.0,100,2026-04-30
Abu Dhabi,Khalifa City,Saeed Al Mazrouei,Faisal Karim,Fatima Noor,BR002,Dubai Mall,Premium,Declining,KPI04,Complaint Volume,LOWER,252.0,257.0,254.0,100,2026-05-31
Abu Dhabi,Khalifa City,Saeed Al Mazrouei,Faisal Karim,Fatima Noor,BR002,Dubai Mall,Premium,Declining,KPI04,Complaint Volume,LOWER,257.0,254.0,266.0,100,2026-06-30
Abu Dhabi,Khalifa City,Saeed Al Mazrouei,Faisal Karim,Fatima Noor,BR002,Dubai Mall,Premium,Declining,KPI05,Resolution Time,LOWER,3.31,3.32,3.25,3.0,2025-07-31
Abu Dhabi,Khalifa City,Saeed Al Mazrouei,Faisal Karim,Fatima Noor,BR002,Dubai Mall,Premium,Declining,KPI05,Resolution Time,LOWER,3.32,3.25,3.43,3.0,2025-08-31
Abu Dhabi,Khalifa City,Saeed Al Mazrouei,Faisal Karim,Fatima Noor,BR002,Dubai Mall,Premium,Declining,KPI05,Resolution Time,LOWER,3.25,3.43,3.62,3.0,2025-09-30
Abu Dhabi,Khalifa City,Saeed Al Mazrouei,Faisal Karim,Fatima Noor,BR002,Dubai Mall,Premium,Declining,KPI05,Resolution Time,LOWER,3.43,3.62,3.71,3.0,2025-10-31
Abu Dhabi,Khalifa City,Saeed Al Mazrouei,Faisal Karim,Fatima Noor,BR002,Dubai Mall,Premium,Declining,KPI05,Resolution Time,LOWER,3.62,3.71,3.8,3.0,2025-11-30
Abu Dhabi,Khalifa City,Saeed Al Mazrouei,Faisal Karim,Fatima Noor,BR002,Dubai Mall,Premium,Declining,KPI05,Resolution Time,LOWER,3.71,3.8,3.85,3.0,2025-12-31
Abu Dhabi,Khalifa City,Saeed Al Mazrouei,Faisal Karim,Fatima Noor,BR002,Dubai Mall,Premium,Declining,KPI05,Resolution Time,LOWER,3.8,3.85,3.89,3.0,2026-01-31
Abu Dhabi,Khalifa City,Saeed Al Mazrouei,Faisal Karim,Fatima Noor,BR002,Dubai Mall,Premium,Declining,KPI05,Resolution Time,LOWER,3.85,3.89,4.17,3.0,2026-02-28
Abu Dhabi,Khalifa City,Saeed Al Mazrouei,Faisal Karim,Fatima Noor,BR002,Dubai Mall,Premium,Declining,KPI05,Resolution Time,LOWER,3.89,4.17,4.19,3.0,2026-03-31
Abu Dhabi,Khalifa City,Saeed Al Mazrouei,Faisal Karim,Fatima Noor,BR002,Dubai Mall,Premium,Declining,KPI05,Resolution Time,LOWER,4.17,4.19,4.24,3.0,2026-04-30
Abu Dhabi,Khalifa City,Saeed Al Mazrouei,Faisal Karim,Fatima Noor,BR002,Dubai Mall,Premium,Declining,KPI05,Resolution Time,LOWER,4.19,4.24,4.33,3.0,2026-05-31
Abu Dhabi,Khalifa City,Saeed Al Mazrouei,Faisal Karim,Fatima Noor,BR002,Dubai Mall,Premium,Declining,KPI05,Resolution Time,LOWER,4.24,4.33,4.4,3.0,2026-06-30
Abu Dhabi,Khalifa City,Saeed Al Mazrouei,Faisal Karim,Fatima Noor,BR002,Dubai Mall,Premium,Declining,KPI06,SLA Compliance,HIGHER,87.9,87.5,87.5,95,2025-07-31
Abu Dhabi,Khalifa City,Saeed Al Mazrouei,Faisal Karim,Fatima Noor,BR002,Dubai Mall,Premium,Declining,KPI06,SLA Compliance,HIGHER,87.5,87.5,87.9,95,2025-08-31
Abu Dhabi,Khalifa City,Saeed Al Mazrouei,Faisal Karim,Fatima Noor,BR002,Dubai Mall,Premium,Declining,KPI06,SLA Compliance,HIGHER,87.5,87.9,87.6,95,2025-09-30
Abu Dhabi,Khalifa City,Saeed Al Mazrouei,Faisal Karim,Fatima Noor,BR002,Dubai Mall,Premium,Declining,KPI06,SLA Compliance,HIGHER,87.9,87.6,87.3,95,2025-10-31
Abu Dhabi,Khalifa City,Saeed Al Mazrouei,Faisal Karim,Fatima Noor,BR002,Dubai Mall,Premium,Declining,KPI06,SLA Compliance,HIGHER,87.6,87.3,86.4,95,2025-11-30
Abu Dhabi,Khalifa City,Saeed Al Mazrouei,Faisal Karim,Fatima Noor,BR002,Dubai Mall,Premium,Declining,KPI06,SLA Compliance,HIGHER,87.3,86.4,85.6,95,2025-12-31
Abu Dhabi,Khalifa City,Saeed Al Mazrouei,Faisal Karim,Fatima Noor,BR002,Dubai Mall,Premium,Declining,KPI06,SLA Compliance,HIGHER,86.4,85.6,85.2,95,2026-01-31
Abu Dhabi,Khalifa City,Saeed Al Mazrouei,Faisal Karim,Fatima Noor,BR002,Dubai Mall,Premium,Declining,KPI06,SLA Compliance,HIGHER,85.6,85.2,84.9,95,2026-02-28
Abu Dhabi,Khalifa City,Saeed Al Mazrouei,Faisal Karim,Fatima Noor,BR002,Dubai Mall,Premium,Declining,KPI06,SLA Compliance,HIGHER,85.2,84.9,84.7,95,2026-03-31
Abu Dhabi,Khalifa City,Saeed Al Mazrouei,Faisal Karim,Fatima Noor,BR002,Dubai Mall,Premium,Declining,KPI06,SLA Compliance,HIGHER,84.9,84.7,84.0,95,2026-04-30
Abu Dhabi,Khalifa City,Saeed Al Mazrouei,Faisal Karim,Fatima Noor,BR002,Dubai Mall,Premium,Declining,KPI06,SLA Compliance,HIGHER,84.7,84.0,83.2,95,2026-05-31
Abu Dhabi,Khalifa City,Saeed Al Mazrouei,Faisal Karim,Fatima Noor,BR002,Dubai Mall,Premium,Declining,KPI06,SLA Compliance,HIGHER,84.0,83.2,82.5,95,2026-06-30
Abu Dhabi,Khalifa City,Saeed Al Mazrouei,Faisal Karim,Fatima Noor,BR002,Dubai Mall,Premium,Declining,KPI07,First Contact Resolution,HIGHER,74.5,73.7,73.4,85,2025-07-31
Abu Dhabi,Khalifa City,Saeed Al Mazrouei,Faisal Karim,Fatima Noor,BR002,Dubai Mall,Premium,Declining,KPI07,First Contact Resolution,HIGHER,73.7,73.4,72.8,85,2025-08-31
Abu Dhabi,Khalifa City,Saeed Al Mazrouei,Faisal Karim,Fatima Noor,BR002,Dubai Mall,Premium,Declining,KPI07,First Contact Resolution,HIGHER,73.4,72.8,72.2,85,2025-09-30
Abu Dhabi,Khalifa City,Saeed Al Mazrouei,Faisal Karim,Fatima Noor,BR002,Dubai Mall,Premium,Declining,KPI07,First Contact Resolution,HIGHER,72.8,72.2,71.4,85,2025-10-31
Abu Dhabi,Khalifa City,Saeed Al Mazrouei,Faisal Karim,Fatima Noor,BR002,Dubai Mall,Premium,Declining,KPI07,First Contact Resolution,HIGHER,72.2,71.4,70.3,85,2025-11-30
Abu Dhabi,Khalifa City,Saeed Al Mazrouei,Faisal Karim,Fatima Noor,BR002,Dubai Mall,Premium,Declining,KPI07,First Contact Resolution,HIGHER,71.4,70.3,70.2,85,2025-12-31
Abu Dhabi,Khalifa City,Saeed Al Mazrouei,Faisal Karim,Fatima Noor,BR002,Dubai Mall,Premium,Declining,KPI07,First Contact Resolution,HIGHER,70.3,70.2,69.6,85,2026-01-31
Abu Dhabi,Khalifa City,Saeed Al Mazrouei,Faisal Karim,Fatima Noor,BR002,Dubai Mall,Premium,Declining,KPI07,First Contact Resolution,HIGHER,70.2,69.6,69.4,85,2026-02-28
Abu Dhabi,Khalifa City,Saeed Al Mazrouei,Faisal Karim,Fatima Noor,BR002,Dubai Mall,Premium,Declining,KPI07,First Contact Resolution,HIGHER,69.6,69.4,68.8,85,2026-03-31
Abu Dhabi,Khalifa City,Saeed Al Mazrouei,Faisal Karim,Fatima Noor,BR002,Dubai Mall,Premium,Declining,KPI07,First Contact Resolution,HIGHER,69.4,68.8,68.2,85,2026-04-30
Abu Dhabi,Khalifa City,Saeed Al Mazrouei,Faisal Karim,Fatima Noor,BR002,Dubai Mall,Premium,Declining,KPI07,First Contact Resolution,HIGHER,68.8,68.2,66.1,85,2026-05-31
Abu Dhabi,Khalifa City,Saeed Al Mazrouei,Faisal Karim,Fatima Noor,BR002,Dubai Mall,Premium,Declining,KPI07,First Contact Resolution,HIGHER,68.2,66.1,66.0,85,2026-06-30
Abu Dhabi,Khalifa City,Saeed Al Mazrouei,Faisal Karim,Fatima Noor,BR002,Dubai Mall,Premium,Declining,KPI08,Customer Effort Score,LOWER,5.28,5.35,5.4,3.0,2025-07-31
Abu Dhabi,Khalifa City,Saeed Al Mazrouei,Faisal Karim,Fatima Noor,BR002,Dubai Mall,Premium,Declining,KPI08,Customer Effort Score,LOWER,5.35,5.4,5.57,3.0,2025-08-31
Abu Dhabi,Khalifa City,Saeed Al Mazrouei,Faisal Karim,Fatima Noor,BR002,Dubai Mall,Premium,Declining,KPI08,Customer Effort Score,LOWER,5.4,5.57,5.7,3.0,2025-09-30
Abu Dhabi,Khalifa City,Saeed Al Mazrouei,Faisal Karim,Fatima Noor,BR002,Dubai Mall,Premium,Declining,KPI08,Customer Effort Score,LOWER,5.57,5.7,5.7,3.0,2025-10-31
Abu Dhabi,Khalifa City,Saeed Al Mazrouei,Faisal Karim,Fatima Noor,BR002,Dubai Mall,Premium,Declining,KPI08,Customer Effort Score,LOWER,5.7,5.7,5.74,3.0,2025-11-30
Abu Dhabi,Khalifa City,Saeed Al Mazrouei,Faisal Karim,Fatima Noor,BR002,Dubai Mall,Premium,Declining,KPI08,Customer Effort Score,LOWER,5.7,5.74,5.82,3.0,2025-12-31
Abu Dhabi,Khalifa City,Saeed Al Mazrouei,Faisal Karim,Fatima Noor,BR002,Dubai Mall,Premium,Declining,KPI08,Customer Effort Score,LOWER,5.74,5.82,5.92,3.0,2026-01-31
Abu Dhabi,Khalifa City,Saeed Al Mazrouei,Faisal Karim,Fatima Noor,BR002,Dubai Mall,Premium,Declining,KPI08,Customer Effort Score,LOWER,5.82,5.92,5.91,3.0,2026-02-28
Abu Dhabi,Khalifa City,Saeed Al Mazrouei,Faisal Karim,Fatima Noor,BR002,Dubai Mall,Premium,Declining,KPI08,Customer Effort Score,LOWER,5.92,5.91,5.86,3.0,2026-03-31
Abu Dhabi,Khalifa City,Saeed Al Mazrouei,Faisal Karim,Fatima Noor,BR002,Dubai Mall,Premium,Declining,KPI08,Customer Effort Score,LOWER,5.91,5.86,5.83,3.0,2026-04-30
Abu Dhabi,Khalifa City,Saeed Al Mazrouei,Faisal Karim,Fatima Noor,BR002,Dubai Mall,Premium,Declining,KPI08,Customer Effort Score,LOWER,5.86,5.83,5.89,3.0,2026-05-31
Abu Dhabi,Khalifa City,Saeed Al Mazrouei,Faisal Karim,Fatima Noor,BR002,Dubai Mall,Premium,Declining,KPI08,Customer Effort Score,LOWER,5.83,5.89,5.94,3.0,2026-06-30
Abu Dhabi,Khalifa City,Saeed Al Mazrouei,Faisal Karim,Fatima Noor,BR002,Dubai Mall,Premium,Declining,KPI09,Digital Adoption Rate,HIGHER,80.4,80.5,80.1,75,2025-07-31
Abu Dhabi,Khalifa City,Saeed Al Mazrouei,Faisal Karim,Fatima Noor,BR002,Dubai Mall,Premium,Declining,KPI09,Digital Adoption Rate,HIGHER,80.5,80.1,79.2,75,2025-08-31
Abu Dhabi,Khalifa City,Saeed Al Mazrouei,Faisal Karim,Fatima Noor,BR002,Dubai Mall,Premium,Declining,KPI09,Digital Adoption Rate,HIGHER,80.1,79.2,78.7,75,2025-09-30
Abu Dhabi,Khalifa City,Saeed Al Mazrouei,Faisal Karim,Fatima Noor,BR002,Dubai Mall,Premium,Declining,KPI09,Digital Adoption Rate,HIGHER,79.2,78.7,78.2,75,2025-10-31
Abu Dhabi,Khalifa City,Saeed Al Mazrouei,Faisal Karim,Fatima Noor,BR002,Dubai Mall,Premium,Declining,KPI09,Digital Adoption Rate,HIGHER,78.7,78.2,77.0,75,2025-11-30
Abu Dhabi,Khalifa City,Saeed Al Mazrouei,Faisal Karim,Fatima Noor,BR002,Dubai Mall,Premium,Declining,KPI09,Digital Adoption Rate,HIGHER,78.2,77.0,76.1,75,2025-12-31
Abu Dhabi,Khalifa City,Saeed Al Mazrouei,Faisal Karim,Fatima Noor,BR002,Dubai Mall,Premium,Declining,KPI09,Digital Adoption Rate,HIGHER,77.0,76.1,74.6,75,2026-01-31
Abu Dhabi,Khalifa City,Saeed Al Mazrouei,Faisal Karim,Fatima Noor,BR002,Dubai Mall,Premium,Declining,KPI09,Digital Adoption Rate,HIGHER,76.1,74.6,73.3,75,2026-02-28
Abu Dhabi,Khalifa City,Saeed Al Mazrouei,Faisal Karim,Fatima Noor,BR002,Dubai Mall,Premium,Declining,KPI09,Digital Adoption Rate,HIGHER,74.6,73.3,72.9,75,2026-03-31
Abu Dhabi,Khalifa City,Saeed Al Mazrouei,Faisal Karim,Fatima Noor,BR002,Dubai Mall,Premium,Declining,KPI09,Digital Adoption Rate,HIGHER,73.3,72.9,72.9,75,2026-04-30
Abu Dhabi,Khalifa City,Saeed Al Mazrouei,Faisal Karim,Fatima Noor,BR002,Dubai Mall,Premium,Declining,KPI09,Digital Adoption Rate,HIGHER,72.9,72.9,72.1,75,2026-05-31
Abu Dhabi,Khalifa City,Saeed Al Mazrouei,Faisal Karim,Fatima Noor,BR002,Dubai Mall,Premium,Declining,KPI09,Digital Adoption Rate,HIGHER,72.9,72.1,72.1,75,2026-06-30
Abu Dhabi,Khalifa City,Saeed Al Mazrouei,Faisal Karim,Fatima Noor,BR002,Dubai Mall,Premium,Declining,KPI10,Repeat Complaint Rate,LOWER,19.0,19.2,19.4,8,2025-07-31
Abu Dhabi,Khalifa City,Saeed Al Mazrouei,Faisal Karim,Fatima Noor,BR002,Dubai Mall,Premium,Declining,KPI10,Repeat Complaint Rate,LOWER,19.2,19.4,19.8,8,2025-08-31
Abu Dhabi,Khalifa City,Saeed Al Mazrouei,Faisal Karim,Fatima Noor,BR002,Dubai Mall,Premium,Declining,KPI10,Repeat Complaint Rate,LOWER,19.4,19.8,20.6,8,2025-09-30
Abu Dhabi,Khalifa City,Saeed Al Mazrouei,Faisal Karim,Fatima Noor,BR002,Dubai Mall,Premium,Declining,KPI10,Repeat Complaint Rate,LOWER,19.8,20.6,21.0,8,2025-10-31
Abu Dhabi,Khalifa City,Saeed Al Mazrouei,Faisal Karim,Fatima Noor,BR002,Dubai Mall,Premium,Declining,KPI10,Repeat Complaint Rate,LOWER,20.6,21.0,21.2,8,2025-11-30
Abu Dhabi,Khalifa City,Saeed Al Mazrouei,Faisal Karim,Fatima Noor,BR002,Dubai Mall,Premium,Declining,KPI10,Repeat Complaint Rate,LOWER,21.0,21.2,21.4,8,2025-12-31
Abu Dhabi,Khalifa City,Saeed Al Mazrouei,Faisal Karim,Fatima Noor,BR002,Dubai Mall,Premium,Declining,KPI10,Repeat Complaint Rate,LOWER,21.2,21.4,21.7,8,2026-01-31
Abu Dhabi,Khalifa City,Saeed Al Mazrouei,Faisal Karim,Fatima Noor,BR002,Dubai Mall,Premium,Declining,KPI10,Repeat Complaint Rate,LOWER,21.4,21.7,21.7,8,2026-02-28
Abu Dhabi,Khalifa City,Saeed Al Mazrouei,Faisal Karim,Fatima Noor,BR002,Dubai Mall,Premium,Declining,KPI10,Repeat Complaint Rate,LOWER,21.7,21.7,22.0,8,2026-03-31
Abu Dhabi,Khalifa City,Saeed Al Mazrouei,Faisal Karim,Fatima Noor,BR002,Dubai Mall,Premium,Declining,KPI10,Repeat Complaint Rate,LOWER,21.7,22.0,22.3,8,2026-04-30
Abu Dhabi,Khalifa City,Saeed Al Mazrouei,Faisal Karim,Fatima Noor,BR002,Dubai Mall,Premium,Declining,KPI10,Repeat Complaint Rate,LOWER,22.0,22.3,23.2,8,2026-05-31
Abu Dhabi,Khalifa City,Saeed Al Mazrouei,Faisal Karim,Fatima Noor,BR002,Dubai Mall,Premium,Declining,KPI10,Repeat Complaint Rate,LOWER,22.3,23.2,23.8,8,2026-06-30
Sharjah,Muwaileh,Aisha Al Qasimi,Tariq Hamad,Sara Ali,BR003,Business Bay,Standard,Stable,KPI01,CSAT,HIGHER,87.6,87.5,87.3,85,2025-07-31
Sharjah,Muwaileh,Aisha Al Qasimi,Tariq Hamad,Sara Ali,BR003,Business Bay,Standard,Stable,KPI01,CSAT,HIGHER,87.5,87.3,87.2,85,2025-08-31
Sharjah,Muwaileh,Aisha Al Qasimi,Tariq Hamad,Sara Ali,BR003,Business Bay,Standard,Stable,KPI01,CSAT,HIGHER,87.3,87.2,87.4,85,2025-09-30
Sharjah,Muwaileh,Aisha Al Qasimi,Tariq Hamad,Sara Ali,BR003,Business Bay,Standard,Stable,KPI01,CSAT,HIGHER,87.2,87.4,87.6,85,2025-10-31
Sharjah,Muwaileh,Aisha Al Qasimi,Tariq Hamad,Sara Ali,BR003,Business Bay,Standard,Stable,KPI01,CSAT,HIGHER,87.4,87.6,88.1,85,2025-11-30
Sharjah,Muwaileh,Aisha Al Qasimi,Tariq Hamad,Sara Ali,BR003,Business Bay,Standard,Stable,KPI01,CSAT,HIGHER,87.6,88.1,87.7,85,2025-12-31
Sharjah,Muwaileh,Aisha Al Qasimi,Tariq Hamad,Sara Ali,BR003,Business Bay,Standard,Stable,KPI01,CSAT,HIGHER,88.1,87.7,88.2,85,2026-01-31
Sharjah,Muwaileh,Aisha Al Qasimi,Tariq Hamad,Sara Ali,BR003,Business Bay,Standard,Stable,KPI01,CSAT,HIGHER,87.7,88.2,87.6,85,2026-02-28
Sharjah,Muwaileh,Aisha Al Qasimi,Tariq Hamad,Sara Ali,BR003,Business Bay,Standard,Stable,KPI01,CSAT,HIGHER,88.2,87.6,87.7,85,2026-03-31
Sharjah,Muwaileh,Aisha Al Qasimi,Tariq Hamad,Sara Ali,BR003,Business Bay,Standard,Stable,KPI01,CSAT,HIGHER,87.6,87.7,88.0,85,2026-04-30
Sharjah,Muwaileh,Aisha Al Qasimi,Tariq Hamad,Sara Ali,BR003,Business Bay,Standard,Stable,KPI01,CSAT,HIGHER,87.7,88.0,88.4,85,2026-05-31
Sharjah,Muwaileh,Aisha Al Qasimi,Tariq Hamad,Sara Ali,BR003,Business Bay,Standard,Stable,KPI01,CSAT,HIGHER,88.0,88.4,88.8,85,2026-06-30
Sharjah,Muwaileh,Aisha Al Qasimi,Tariq Hamad,Sara Ali,BR003,Business Bay,Standard,Stable,KPI02,NPS,HIGHER,49.4,50.1,51.1,40,2025-07-31
Sharjah,Muwaileh,Aisha Al Qasimi,Tariq Hamad,Sara Ali,BR003,Business Bay,Standard,Stable,KPI02,NPS,HIGHER,50.1,51.1,52.6,40,2025-08-31
Sharjah,Muwaileh,Aisha Al Qasimi,Tariq Hamad,Sara Ali,BR003,Business Bay,Standard,Stable,KPI02,NPS,HIGHER,51.1,52.6,54.1,40,2025-09-30
Sharjah,Muwaileh,Aisha Al Qasimi,Tariq Hamad,Sara Ali,BR003,Business Bay,Standard,Stable,KPI02,NPS,HIGHER,52.6,54.1,52.4,40,2025-10-31
Sharjah,Muwaileh,Aisha Al Qasimi,Tariq Hamad,Sara Ali,BR003,Business Bay,Standard,Stable,KPI02,NPS,HIGHER,54.1,52.4,53.0,40,2025-11-30
Sharjah,Muwaileh,Aisha Al Qasimi,Tariq Hamad,Sara Ali,BR003,Business Bay,Standard,Stable,KPI02,NPS,HIGHER,52.4,53.0,51.5,40,2025-12-31
Sharjah,Muwaileh,Aisha Al Qasimi,Tariq Hamad,Sara Ali,BR003,Business Bay,Standard,Stable,KPI02,NPS,HIGHER,53.0,51.5,52.8,40,2026-01-31
Sharjah,Muwaileh,Aisha Al Qasimi,Tariq Hamad,Sara Ali,BR003,Business Bay,Standard,Stable,KPI02,NPS,HIGHER,51.5,52.8,53.0,40,2026-02-28
Sharjah,Muwaileh,Aisha Al Qasimi,Tariq Hamad,Sara Ali,BR003,Business Bay,Standard,Stable,KPI02,NPS,HIGHER,52.8,53.0,52.1,40,2026-03-31
Sharjah,Muwaileh,Aisha Al Qasimi,Tariq Hamad,Sara Ali,BR003,Business Bay,Standard,Stable,KPI02,NPS,HIGHER,53.0,52.1,53.7,40,2026-04-30
Sharjah,Muwaileh,Aisha Al Qasimi,Tariq Hamad,Sara Ali,BR003,Business Bay,Standard,Stable,KPI02,NPS,HIGHER,52.1,53.7,54.2,40,2026-05-31
Sharjah,Muwaileh,Aisha Al Qasimi,Tariq Hamad,Sara Ali,BR003,Business Bay,Standard,Stable,KPI02,NPS,HIGHER,53.7,54.2,52.7,40,2026-06-30
Sharjah,Muwaileh,Aisha Al Qasimi,Tariq Hamad,Sara Ali,BR003,Business Bay,Standard,Stable,KPI03,Complaint Rate,LOWER,3.86,3.97,4.07,2.0,2025-07-31
Sharjah,Muwaileh,Aisha Al Qasimi,Tariq Hamad,Sara Ali,BR003,Business Bay,Standard,Stable,KPI03,Complaint Rate,LOWER,3.97,4.07,4.14,2.0,2025-08-31
Sharjah,Muwaileh,Aisha Al Qasimi,Tariq Hamad,Sara Ali,BR003,Business Bay,Standard,Stable,KPI03,Complaint Rate,LOWER,4.07,4.14,4.17,2.0,2025-09-30
Sharjah,Muwaileh,Aisha Al Qasimi,Tariq Hamad,Sara Ali,BR003,Business Bay,Standard,Stable,KPI03,Complaint Rate,LOWER,4.14,4.17,4.14,2.0,2025-10-31
Sharjah,Muwaileh,Aisha Al Qasimi,Tariq Hamad,Sara Ali,BR003,Business Bay,Standard,Stable,KPI03,Complaint Rate,LOWER,4.17,4.14,4.17,2.0,2025-11-30
Sharjah,Muwaileh,Aisha Al Qasimi,Tariq Hamad,Sara Ali,BR003,Business Bay,Standard,Stable,KPI03,Complaint Rate,LOWER,4.14,4.17,4.1,2.0,2025-12-31
Sharjah,Muwaileh,Aisha Al Qasimi,Tariq Hamad,Sara Ali,BR003,Business Bay,Standard,Stable,KPI03,Complaint Rate,LOWER,4.17,4.1,4.07,2.0,2026-01-31
Sharjah,Muwaileh,Aisha Al Qasimi,Tariq Hamad,Sara Ali,BR003,Business Bay,Standard,Stable,KPI03,Complaint Rate,LOWER,4.1,4.07,4.17,2.0,2026-02-28
Sharjah,Muwaileh,Aisha Al Qasimi,Tariq Hamad,Sara Ali,BR003,Business Bay,Standard,Stable,KPI03,Complaint Rate,LOWER,4.07,4.17,4.17,2.0,2026-03-31
Sharjah,Muwaileh,Aisha Al Qasimi,Tariq Hamad,Sara Ali,BR003,Business Bay,Standard,Stable,KPI03,Complaint Rate,LOWER,4.17,4.17,4.18,2.0,2026-04-30
Sharjah,Muwaileh,Aisha Al Qasimi,Tariq Hamad,Sara Ali,BR003,Business Bay,Standard,Stable,KPI03,Complaint Rate,LOWER,4.17,4.18,4.2,2.0,2026-05-31
Sharjah,Muwaileh,Aisha Al Qasimi,Tariq Hamad,Sara Ali,BR003,Business Bay,Standard,Stable,KPI03,Complaint Rate,LOWER,4.18,4.2,4.25,2.0,2026-06-30
Sharjah,Muwaileh,Aisha Al Qasimi,Tariq Hamad,Sara Ali,BR003,Business Bay,Standard,Stable,KPI04,Complaint Volume,LOWER,199.0,198.0,196.0,100,2025-07-31
Sharjah,Muwaileh,Aisha Al Qasimi,Tariq Hamad,Sara Ali,BR003,Business Bay,Standard,Stable,KPI04,Complaint Volume,LOWER,198.0,196.0,193.0,100,2025-08-31
Sharjah,Muwaileh,Aisha Al Qasimi,Tariq Hamad,Sara Ali,BR003,Business Bay,Standard,Stable,KPI04,Complaint Volume,LOWER,196.0,193.0,198.0,100,2025-09-30
Sharjah,Muwaileh,Aisha Al Qasimi,Tariq Hamad,Sara Ali,BR003,Business Bay,Standard,Stable,KPI04,Complaint Volume,LOWER,193.0,198.0,197.0,100,2025-10-31
Sharjah,Muwaileh,Aisha Al Qasimi,Tariq Hamad,Sara Ali,BR003,Business Bay,Standard,Stable,KPI04,Complaint Volume,LOWER,198.0,197.0,199.0,100,2025-11-30
Sharjah,Muwaileh,Aisha Al Qasimi,Tariq Hamad,Sara Ali,BR003,Business Bay,Standard,Stable,KPI04,Complaint Volume,LOWER,197.0,199.0,198.0,100,2025-12-31
Sharjah,Muwaileh,Aisha Al Qasimi,Tariq Hamad,Sara Ali,BR003,Business Bay,Standard,Stable,KPI04,Complaint Volume,LOWER,199.0,198.0,200.0,100,2026-01-31
Sharjah,Muwaileh,Aisha Al Qasimi,Tariq Hamad,Sara Ali,BR003,Business Bay,Standard,Stable,KPI04,Complaint Volume,LOWER,198.0,200.0,200.0,100,2026-02-28
Sharjah,Muwaileh,Aisha Al Qasimi,Tariq Hamad,Sara Ali,BR003,Business Bay,Standard,Stable,KPI04,Complaint Volume,LOWER,200.0,200.0,203.0,100,2026-03-31
Sharjah,Muwaileh,Aisha Al Qasimi,Tariq Hamad,Sara Ali,BR003,Business Bay,Standard,Stable,KPI04,Complaint Volume,LOWER,200.0,203.0,202.0,100,2026-04-30
Sharjah,Muwaileh,Aisha Al Qasimi,Tariq Hamad,Sara Ali,BR003,Business Bay,Standard,Stable,KPI04,Complaint Volume,LOWER,203.0,202.0,205.0,100,2026-05-31
Sharjah,Muwaileh,Aisha Al Qasimi,Tariq Hamad,Sara Ali,BR003,Business Bay,Standard,Stable,KPI04,Complaint Volume,LOWER,202.0,205.0,207.0,100,2026-06-30
Sharjah,Muwaileh,Aisha Al Qasimi,Tariq Hamad,Sara Ali,BR003,Business Bay,Standard,Stable,KPI05,Resolution Time,LOWER,5.24,5.33,5.26,3.0,2025-07-31
Sharjah,Muwaileh,Aisha Al Qasimi,Tariq Hamad,Sara Ali,BR003,Business Bay,Standard,Stable,KPI05,Resolution Time,LOWER,5.33,5.26,5.25,3.0,2025-08-31
Sharjah,Muwaileh,Aisha Al Qasimi,Tariq Hamad,Sara Ali,BR003,Business Bay,Standard,Stable,KPI05,Resolution Time,LOWER,5.26,5.25,5.2,3.0,2025-09-30
Sharjah,Muwaileh,Aisha Al Qasimi,Tariq Hamad,Sara Ali,BR003,Business Bay,Standard,Stable,KPI05,Resolution Time,LOWER,5.25,5.2,5.17,3.0,2025-10-31
Sharjah,Muwaileh,Aisha Al Qasimi,Tariq Hamad,Sara Ali,BR003,Business Bay,Standard,Stable,KPI05,Resolution Time,LOWER,5.2,5.17,5.17,3.0,2025-11-30
Sharjah,Muwaileh,Aisha Al Qasimi,Tariq Hamad,Sara Ali,BR003,Business Bay,Standard,Stable,KPI05,Resolution Time,LOWER,5.17,5.17,5.17,3.0,2025-12-31
Sharjah,Muwaileh,Aisha Al Qasimi,Tariq Hamad,Sara Ali,BR003,Business Bay,Standard,Stable,KPI05,Resolution Time,LOWER,5.17,5.17,5.25,3.0,2026-01-31
Sharjah,Muwaileh,Aisha Al Qasimi,Tariq Hamad,Sara Ali,BR003,Business Bay,Standard,Stable,KPI05,Resolution Time,LOWER,5.17,5.25,5.21,3.0,2026-02-28
Sharjah,Muwaileh,Aisha Al Qasimi,Tariq Hamad,Sara Ali,BR003,Business Bay,Standard,Stable,KPI05,Resolution Time,LOWER,5.25,5.21,5.19,3.0,2026-03-31
Sharjah,Muwaileh,Aisha Al Qasimi,Tariq Hamad,Sara Ali,BR003,Business Bay,Standard,Stable,KPI05,Resolution Time,LOWER,5.21,5.19,5.06,3.0,2026-04-30
Sharjah,Muwaileh,Aisha Al Qasimi,Tariq Hamad,Sara Ali,BR003,Business Bay,Standard,Stable,KPI05,Resolution Time,LOWER,5.19,5.06,5.03,3.0,2026-05-31
Sharjah,Muwaileh,Aisha Al Qasimi,Tariq Hamad,Sara Ali,BR003,Business Bay,Standard,Stable,KPI05,Resolution Time,LOWER,5.06,5.03,4.97,3.0,2026-06-30
Sharjah,Muwaileh,Aisha Al Qasimi,Tariq Hamad,Sara Ali,BR003,Business Bay,Standard,Stable,KPI06,SLA Compliance,HIGHER,79.2,78.9,78.6,95,2025-07-31
Sharjah,Muwaileh,Aisha Al Qasimi,Tariq Hamad,Sara Ali,BR003,Business Bay,Standard,Stable,KPI06,SLA Compliance,HIGHER,78.9,78.6,79.3,95,2025-08-31
Sharjah,Muwaileh,Aisha Al Qasimi,Tariq Hamad,Sara Ali,BR003,Business Bay,Standard,Stable,KPI06,SLA Compliance,HIGHER,78.6,79.3,79.2,95,2025-09-30
Sharjah,Muwaileh,Aisha Al Qasimi,Tariq Hamad,Sara Ali,BR003,Business Bay,Standard,Stable,KPI06,SLA Compliance,HIGHER,79.3,79.2,78.9,95,2025-10-31
Sharjah,Muwaileh,Aisha Al Qasimi,Tariq Hamad,Sara Ali,BR003,Business Bay,Standard,Stable,KPI06,SLA Compliance,HIGHER,79.2,78.9,78.8,95,2025-11-30
Sharjah,Muwaileh,Aisha Al Qasimi,Tariq Hamad,Sara Ali,BR003,Business Bay,Standard,Stable,KPI06,SLA Compliance,HIGHER,78.9,78.8,79.1,95,2025-12-31
Sharjah,Muwaileh,Aisha Al Qasimi,Tariq Hamad,Sara Ali,BR003,Business Bay,Standard,Stable,KPI06,SLA Compliance,HIGHER,78.8,79.1,78.9,95,2026-01-31
Sharjah,Muwaileh,Aisha Al Qasimi,Tariq Hamad,Sara Ali,BR003,Business Bay,Standard,Stable,KPI06,SLA Compliance,HIGHER,79.1,78.9,79.0,95,2026-02-28
Sharjah,Muwaileh,Aisha Al Qasimi,Tariq Hamad,Sara Ali,BR003,Business Bay,Standard,Stable,KPI06,SLA Compliance,HIGHER,78.9,79.0,79.3,95,2026-03-31
Sharjah,Muwaileh,Aisha Al Qasimi,Tariq Hamad,Sara Ali,BR003,Business Bay,Standard,Stable,KPI06,SLA Compliance,HIGHER,79.0,79.3,79.6,95,2026-04-30
Sharjah,Muwaileh,Aisha Al Qasimi,Tariq Hamad,Sara Ali,BR003,Business Bay,Standard,Stable,KPI06,SLA Compliance,HIGHER,79.3,79.6,80.1,95,2026-05-31
Sharjah,Muwaileh,Aisha Al Qasimi,Tariq Hamad,Sara Ali,BR003,Business Bay,Standard,Stable,KPI06,SLA Compliance,HIGHER,79.6,80.1,79.9,95,2026-06-30
Sharjah,Muwaileh,Aisha Al Qasimi,Tariq Hamad,Sara Ali,BR003,Business Bay,Standard,Stable,KPI07,First Contact Resolution,HIGHER,87.3,87.1,87.1,85,2025-07-31
Sharjah,Muwaileh,Aisha Al Qasimi,Tariq Hamad,Sara Ali,BR003,Business Bay,Standard,Stable,KPI07,First Contact Resolution,HIGHER,87.1,87.1,87.0,85,2025-08-31
Sharjah,Muwaileh,Aisha Al Qasimi,Tariq Hamad,Sara Ali,BR003,Business Bay,Standard,Stable,KPI07,First Contact Resolution,HIGHER,87.1,87.0,86.9,85,2025-09-30
Sharjah,Muwaileh,Aisha Al Qasimi,Tariq Hamad,Sara Ali,BR003,Business Bay,Standard,Stable,KPI07,First Contact Resolution,HIGHER,87.0,86.9,87.4,85,2025-10-31
Sharjah,Muwaileh,Aisha Al Qasimi,Tariq Hamad,Sara Ali,BR003,Business Bay,Standard,Stable,KPI07,First Contact Resolution,HIGHER,86.9,87.4,86.8,85,2025-11-30
Sharjah,Muwaileh,Aisha Al Qasimi,Tariq Hamad,Sara Ali,BR003,Business Bay,Standard,Stable,KPI07,First Contact Resolution,HIGHER,87.4,86.8,86.5,85,2025-12-31
Sharjah,Muwaileh,Aisha Al Qasimi,Tariq Hamad,Sara Ali,BR003,Business Bay,Standard,Stable,KPI07,First Contact Resolution,HIGHER,86.8,86.5,86.1,85,2026-01-31
Sharjah,Muwaileh,Aisha Al Qasimi,Tariq Hamad,Sara Ali,BR003,Business Bay,Standard,Stable,KPI07,First Contact Resolution,HIGHER,86.5,86.1,86.2,85,2026-02-28
Sharjah,Muwaileh,Aisha Al Qasimi,Tariq Hamad,Sara Ali,BR003,Business Bay,Standard,Stable,KPI07,First Contact Resolution,HIGHER,86.1,86.2,86.3,85,2026-03-31
Sharjah,Muwaileh,Aisha Al Qasimi,Tariq Hamad,Sara Ali,BR003,Business Bay,Standard,Stable,KPI07,First Contact Resolution,HIGHER,86.2,86.3,86.8,85,2026-04-30
Sharjah,Muwaileh,Aisha Al Qasimi,Tariq Hamad,Sara Ali,BR003,Business Bay,Standard,Stable,KPI07,First Contact Resolution,HIGHER,86.3,86.8,87.4,85,2026-05-31
Sharjah,Muwaileh,Aisha Al Qasimi,Tariq Hamad,Sara Ali,BR003,Business Bay,Standard,Stable,KPI07,First Contact Resolution,HIGHER,86.8,87.4,86.9,85,2026-06-30
Sharjah,Muwaileh,Aisha Al Qasimi,Tariq Hamad,Sara Ali,BR003,Business Bay,Standard,Stable,KPI08,Customer Effort Score,LOWER,2.59,2.62,2.59,3.0,2025-07-31
Sharjah,Muwaileh,Aisha Al Qasimi,Tariq Hamad,Sara Ali,BR003,Business Bay,Standard,Stable,KPI08,Customer Effort Score,LOWER,2.62,2.59,2.56,3.0,2025-08-31
Sharjah,Muwaileh,Aisha Al Qasimi,Tariq Hamad,Sara Ali,BR003,Business Bay,Standard,Stable,KPI08,Customer Effort Score,LOWER,2.59,2.56,2.59,3.0,2025-09-30
Sharjah,Muwaileh,Aisha Al Qasimi,Tariq Hamad,Sara Ali,BR003,Business Bay,Standard,Stable,KPI08,Customer Effort Score,LOWER,2.56,2.59,2.52,3.0,2025-10-31
Sharjah,Muwaileh,Aisha Al Qasimi,Tariq Hamad,Sara Ali,BR003,Business Bay,Standard,Stable,KPI08,Customer Effort Score,LOWER,2.59,2.52,2.51,3.0,2025-11-30
Sharjah,Muwaileh,Aisha Al Qasimi,Tariq Hamad,Sara Ali,BR003,Business Bay,Standard,Stable,KPI08,Customer Effort Score,LOWER,2.52,2.51,2.48,3.0,2025-12-31
Sharjah,Muwaileh,Aisha Al Qasimi,Tariq Hamad,Sara Ali,BR003,Business Bay,Standard,Stable,KPI08,Customer Effort Score,LOWER,2.51,2.48,2.48,3.0,2026-01-31
Sharjah,Muwaileh,Aisha Al Qasimi,Tariq Hamad,Sara Ali,BR003,Business Bay,Standard,Stable,KPI08,Customer Effort Score,LOWER,2.48,2.48,2.49,3.0,2026-02-28
Sharjah,Muwaileh,Aisha Al Qasimi,Tariq Hamad,Sara Ali,BR003,Business Bay,Standard,Stable,KPI08,Customer Effort Score,LOWER,2.48,2.49,2.49,3.0,2026-03-31
Sharjah,Muwaileh,Aisha Al Qasimi,Tariq Hamad,Sara Ali,BR003,Business Bay,Standard,Stable,KPI08,Customer Effort Score,LOWER,2.49,2.49,2.54,3.0,2026-04-30
Sharjah,Muwaileh,Aisha Al Qasimi,Tariq Hamad,Sara Ali,BR003,Business Bay,Standard,Stable,KPI08,Customer Effort Score,LOWER,2.49,2.54,2.56,3.0,2026-05-31
Sharjah,Muwaileh,Aisha Al Qasimi,Tariq Hamad,Sara Ali,BR003,Business Bay,Standard,Stable,KPI08,Customer Effort Score,LOWER,2.54,2.56,2.54,3.0,2026-06-30
Sharjah,Muwaileh,Aisha Al Qasimi,Tariq Hamad,Sara Ali,BR003,Business Bay,Standard,Stable,KPI09,Digital Adoption Rate,HIGHER,66.7,66.4,66.2,75,2025-07-31
Sharjah,Muwaileh,Aisha Al Qasimi,Tariq Hamad,Sara Ali,BR003,Business Bay,Standard,Stable,KPI09,Digital Adoption Rate,HIGHER,66.4,66.2,65.5,75,2025-08-31
Sharjah,Muwaileh,Aisha Al Qasimi,Tariq Hamad,Sara Ali,BR003,Business Bay,Standard,Stable,KPI09,Digital Adoption Rate,HIGHER,66.2,65.5,65.5,75,2025-09-30
Sharjah,Muwaileh,Aisha Al Qasimi,Tariq Hamad,Sara Ali,BR003,Business Bay,Standard,Stable,KPI09,Digital Adoption Rate,HIGHER,65.5,65.5,66.4,75,2025-10-31
Sharjah,Muwaileh,Aisha Al Qasimi,Tariq Hamad,Sara Ali,BR003,Business Bay,Standard,Stable,KPI09,Digital Adoption Rate,HIGHER,65.5,66.4,67.4,75,2025-11-30
Sharjah,Muwaileh,Aisha Al Qasimi,Tariq Hamad,Sara Ali,BR003,Business Bay,Standard,Stable,KPI09,Digital Adoption Rate,HIGHER,66.4,67.4,67.4,75,2025-12-31
Sharjah,Muwaileh,Aisha Al Qasimi,Tariq Hamad,Sara Ali,BR003,Business Bay,Standard,Stable,KPI09,Digital Adoption Rate,HIGHER,67.4,67.4,67.4,75,2026-01-31
Sharjah,Muwaileh,Aisha Al Qasimi,Tariq Hamad,Sara Ali,BR003,Business Bay,Standard,Stable,KPI09,Digital Adoption Rate,HIGHER,67.4,67.4,67.2,75,2026-02-28
Sharjah,Muwaileh,Aisha Al Qasimi,Tariq Hamad,Sara Ali,BR003,Business Bay,Standard,Stable,KPI09,Digital Adoption Rate,HIGHER,67.4,67.2,66.8,75,2026-03-31
Sharjah,Muwaileh,Aisha Al Qasimi,Tariq Hamad,Sara Ali,BR003,Business Bay,Standard,Stable,KPI09,Digital Adoption Rate,HIGHER,67.2,66.8,67.0,75,2026-04-30
Sharjah,Muwaileh,Aisha Al Qasimi,Tariq Hamad,Sara Ali,BR003,Business Bay,Standard,Stable,KPI09,Digital Adoption Rate,HIGHER,66.8,67.0,67.7,75,2026-05-31
Sharjah,Muwaileh,Aisha Al Qasimi,Tariq Hamad,Sara Ali,BR003,Business Bay,Standard,Stable,KPI09,Digital Adoption Rate,HIGHER,67.0,67.7,67.5,75,2026-06-30
Sharjah,Muwaileh,Aisha Al Qasimi,Tariq Hamad,Sara Ali,BR003,Business Bay,Standard,Stable,KPI10,Repeat Complaint Rate,LOWER,5.8,6.3,5.8,8,2025-07-31
Sharjah,Muwaileh,Aisha Al Qasimi,Tariq Hamad,Sara Ali,BR003,Business Bay,Standard,Stable,KPI10,Repeat Complaint Rate,LOWER,6.3,5.8,5.9,8,2025-08-31
Sharjah,Muwaileh,Aisha Al Qasimi,Tariq Hamad,Sara Ali,BR003,Business Bay,Standard,Stable,KPI10,Repeat Complaint Rate,LOWER,5.8,5.9,5.5,8,2025-09-30
Sharjah,Muwaileh,Aisha Al Qasimi,Tariq Hamad,Sara Ali,BR003,Business Bay,Standard,Stable,KPI10,Repeat Complaint Rate,LOWER,5.9,5.5,4.8,8,2025-10-31
Sharjah,Muwaileh,Aisha Al Qasimi,Tariq Hamad,Sara Ali,BR003,Business Bay,Standard,Stable,KPI10,Repeat Complaint Rate,LOWER,5.5,4.8,4.3,8,2025-11-30
Sharjah,Muwaileh,Aisha Al Qasimi,Tariq Hamad,Sara Ali,BR003,Business Bay,Standard,Stable,KPI10,Repeat Complaint Rate,LOWER,4.8,4.3,3.9,8,2025-12-31
Sharjah,Muwaileh,Aisha Al Qasimi,Tariq Hamad,Sara Ali,BR003,Business Bay,Standard,Stable,KPI10,Repeat Complaint Rate,LOWER,4.3,3.9,4.2,8,2026-01-31
Sharjah,Muwaileh,Aisha Al Qasimi,Tariq Hamad,Sara Ali,BR003,Business Bay,Standard,Stable,KPI10,Repeat Complaint Rate,LOWER,3.9,4.2,4.0,8,2026-02-28
Sharjah,Muwaileh,Aisha Al Qasimi,Tariq Hamad,Sara Ali,BR003,Business Bay,Standard,Stable,KPI10,Repeat Complaint Rate,LOWER,4.2,4.0,3.9,8,2026-03-31
Sharjah,Muwaileh,Aisha Al Qasimi,Tariq Hamad,Sara Ali,BR003,Business Bay,Standard,Stable,KPI10,Repeat Complaint Rate,LOWER,4.0,3.9,3.6,8,2026-04-30
Sharjah,Muwaileh,Aisha Al Qasimi,Tariq Hamad,Sara Ali,BR003,Business Bay,Standard,Stable,KPI10,Repeat Complaint Rate,LOWER,3.9,3.6,3.8,8,2026-05-31
Sharjah,Muwaileh,Aisha Al Qasimi,Tariq Hamad,Sara Ali,BR003,Business Bay,Standard,Stable,KPI10,Repeat Complaint Rate,LOWER,3.6,3.8,3.5,8,2026-06-30
Northern Emirates,Ajman,Noura Al Shamsi,Hassan Ali,Omar Siddiqui,BR004,Jumeirah,Digital Hub,Recovering,KPI01,CSAT,HIGHER,87.7,87.0,86.6,85,2025-07-31
Northern Emirates,Ajman,Noura Al Shamsi,Hassan Ali,Omar Siddiqui,BR004,Jumeirah,Digital Hub,Recovering,KPI01,CSAT,HIGHER,87.0,86.6,86.4,85,2025-08-31
Northern Emirates,Ajman,Noura Al Shamsi,Hassan Ali,Omar Siddiqui,BR004,Jumeirah,Digital Hub,Recovering,KPI01,CSAT,HIGHER,86.6,86.4,85.7,85,2025-09-30
Northern Emirates,Ajman,Noura Al Shamsi,Hassan Ali,Omar Siddiqui,BR004,Jumeirah,Digital Hub,Recovering,KPI01,CSAT,HIGHER,86.4,85.7,84.8,85,2025-10-31
Northern Emirates,Ajman,Noura Al Shamsi,Hassan Ali,Omar Siddiqui,BR004,Jumeirah,Digital Hub,Recovering,KPI01,CSAT,HIGHER,85.7,84.8,85.0,85,2025-11-30
Northern Emirates,Ajman,Noura Al Shamsi,Hassan Ali,Omar Siddiqui,BR004,Jumeirah,Digital Hub,Recovering,KPI01,CSAT,HIGHER,84.8,85.0,81.5,85,2025-12-31
Northern Emirates,Ajman,Noura Al Shamsi,Hassan Ali,Omar Siddiqui,BR004,Jumeirah,Digital Hub,Recovering,KPI01,CSAT,HIGHER,85.0,81.5,82.1,85,2026-01-31
Northern Emirates,Ajman,Noura Al Shamsi,Hassan Ali,Omar Siddiqui,BR004,Jumeirah,Digital Hub,Recovering,KPI01,CSAT,HIGHER,81.5,82.1,82.8,85,2026-02-28
Northern Emirates,Ajman,Noura Al Shamsi,Hassan Ali,Omar Siddiqui,BR004,Jumeirah,Digital Hub,Recovering,KPI01,CSAT,HIGHER,82.1,82.8,83.4,85,2026-03-31
Northern Emirates,Ajman,Noura Al Shamsi,Hassan Ali,Omar Siddiqui,BR004,Jumeirah,Digital Hub,Recovering,KPI01,CSAT,HIGHER,82.8,83.4,84.2,85,2026-04-30
Northern Emirates,Ajman,Noura Al Shamsi,Hassan Ali,Omar Siddiqui,BR004,Jumeirah,Digital Hub,Recovering,KPI01,CSAT,HIGHER,83.4,84.2,84.7,85,2026-05-31
Northern Emirates,Ajman,Noura Al Shamsi,Hassan Ali,Omar Siddiqui,BR004,Jumeirah,Digital Hub,Recovering,KPI01,CSAT,HIGHER,84.2,84.7,85.6,85,2026-06-30
Northern Emirates,Ajman,Noura Al Shamsi,Hassan Ali,Omar Siddiqui,BR004,Jumeirah,Digital Hub,Recovering,KPI02,NPS,HIGHER,19.8,20.1,19.1,40,2025-07-31
Northern Emirates,Ajman,Noura Al Shamsi,Hassan Ali,Omar Siddiqui,BR004,Jumeirah,Digital Hub,Recovering,KPI02,NPS,HIGHER,20.1,19.1,17.9,40,2025-08-31
Northern Emirates,Ajman,Noura Al Shamsi,Hassan Ali,Omar Siddiqui,BR004,Jumeirah,Digital Hub,Recovering,KPI02,NPS,HIGHER,19.1,17.9,16.2,40,2025-09-30
Northern Emirates,Ajman,Noura Al Shamsi,Hassan Ali,Omar Siddiqui,BR004,Jumeirah,Digital Hub,Recovering,KPI02,NPS,HIGHER,17.9,16.2,15.9,40,2025-10-31
Northern Emirates,Ajman,Noura Al Shamsi,Hassan Ali,Omar Siddiqui,BR004,Jumeirah,Digital Hub,Recovering,KPI02,NPS,HIGHER,16.2,15.9,16.8,40,2025-11-30
Northern Emirates,Ajman,Noura Al Shamsi,Hassan Ali,Omar Siddiqui,BR004,Jumeirah,Digital Hub,Recovering,KPI02,NPS,HIGHER,15.9,16.8,14.5,40,2025-12-31
Northern Emirates,Ajman,Noura Al Shamsi,Hassan Ali,Omar Siddiqui,BR004,Jumeirah,Digital Hub,Recovering,KPI02,NPS,HIGHER,16.8,14.5,14.3,40,2026-01-31
Northern Emirates,Ajman,Noura Al Shamsi,Hassan Ali,Omar Siddiqui,BR004,Jumeirah,Digital Hub,Recovering,KPI02,NPS,HIGHER,14.5,14.3,16.6,40,2026-02-28
Northern Emirates,Ajman,Noura Al Shamsi,Hassan Ali,Omar Siddiqui,BR004,Jumeirah,Digital Hub,Recovering,KPI02,NPS,HIGHER,14.3,16.6,16.9,40,2026-03-31
Northern Emirates,Ajman,Noura Al Shamsi,Hassan Ali,Omar Siddiqui,BR004,Jumeirah,Digital Hub,Recovering,KPI02,NPS,HIGHER,16.6,16.9,17.7,40,2026-04-30
Northern Emirates,Ajman,Noura Al Shamsi,Hassan Ali,Omar Siddiqui,BR004,Jumeirah,Digital Hub,Recovering,KPI02,NPS,HIGHER,16.9,17.7,19.9,40,2026-05-31
Northern Emirates,Ajman,Noura Al Shamsi,Hassan Ali,Omar Siddiqui,BR004,Jumeirah,Digital Hub,Recovering,KPI02,NPS,HIGHER,17.7,19.9,20.3,40,2026-06-30
Northern Emirates,Ajman,Noura Al Shamsi,Hassan Ali,Omar Siddiqui,BR004,Jumeirah,Digital Hub,Recovering,KPI03,Complaint Rate,LOWER,2.58,2.65,2.72,2.0,2025-07-31
Northern Emirates,Ajman,Noura Al Shamsi,Hassan Ali,Omar Siddiqui,BR004,Jumeirah,Digital Hub,Recovering,KPI03,Complaint Rate,LOWER,2.65,2.72,2.67,2.0,2025-08-31
Northern Emirates,Ajman,Noura Al Shamsi,Hassan Ali,Omar Siddiqui,BR004,Jumeirah,Digital Hub,Recovering,KPI03,Complaint Rate,LOWER,2.72,2.67,2.8,2.0,2025-09-30
Northern Emirates,Ajman,Noura Al Shamsi,Hassan Ali,Omar Siddiqui,BR004,Jumeirah,Digital Hub,Recovering,KPI03,Complaint Rate,LOWER,2.67,2.8,2.85,2.0,2025-10-31
Northern Emirates,Ajman,Noura Al Shamsi,Hassan Ali,Omar Siddiqui,BR004,Jumeirah,Digital Hub,Recovering,KPI03,Complaint Rate,LOWER,2.8,2.85,2.74,2.0,2025-11-30
Northern Emirates,Ajman,Noura Al Shamsi,Hassan Ali,Omar Siddiqui,BR004,Jumeirah,Digital Hub,Recovering,KPI03,Complaint Rate,LOWER,2.85,2.74,3.47,2.0,2025-12-31
Northern Emirates,Ajman,Noura Al Shamsi,Hassan Ali,Omar Siddiqui,BR004,Jumeirah,Digital Hub,Recovering,KPI03,Complaint Rate,LOWER,2.74,3.47,3.33,2.0,2026-01-31
Northern Emirates,Ajman,Noura Al Shamsi,Hassan Ali,Omar Siddiqui,BR004,Jumeirah,Digital Hub,Recovering,KPI03,Complaint Rate,LOWER,3.47,3.33,3.2,2.0,2026-02-28
Northern Emirates,Ajman,Noura Al Shamsi,Hassan Ali,Omar Siddiqui,BR004,Jumeirah,Digital Hub,Recovering,KPI03,Complaint Rate,LOWER,3.33,3.2,3.1,2.0,2026-03-31
Northern Emirates,Ajman,Noura Al Shamsi,Hassan Ali,Omar Siddiqui,BR004,Jumeirah,Digital Hub,Recovering,KPI03,Complaint Rate,LOWER,3.2,3.1,3.06,2.0,2026-04-30
Northern Emirates,Ajman,Noura Al Shamsi,Hassan Ali,Omar Siddiqui,BR004,Jumeirah,Digital Hub,Recovering,KPI03,Complaint Rate,LOWER,3.1,3.06,3.01,2.0,2026-05-31
Northern Emirates,Ajman,Noura Al Shamsi,Hassan Ali,Omar Siddiqui,BR004,Jumeirah,Digital Hub,Recovering,KPI03,Complaint Rate,LOWER,3.06,3.01,2.91,2.0,2026-06-30
Northern Emirates,Ajman,Noura Al Shamsi,Hassan Ali,Omar Siddiqui,BR004,Jumeirah,Digital Hub,Recovering,KPI04,Complaint Volume,LOWER,166.0,171.0,173.0,100,2025-07-31
Northern Emirates,Ajman,Noura Al Shamsi,Hassan Ali,Omar Siddiqui,BR004,Jumeirah,Digital Hub,Recovering,KPI04,Complaint Volume,LOWER,171.0,173.0,178.0,100,2025-08-31
Northern Emirates,Ajman,Noura Al Shamsi,Hassan Ali,Omar Siddiqui,BR004,Jumeirah,Digital Hub,Recovering,KPI04,Complaint Volume,LOWER,173.0,178.0,181.0,100,2025-09-30
Northern Emirates,Ajman,Noura Al Shamsi,Hassan Ali,Omar Siddiqui,BR004,Jumeirah,Digital Hub,Recovering,KPI04,Complaint Volume,LOWER,178.0,181.0,184.0,100,2025-10-31
Northern Emirates,Ajman,Noura Al Shamsi,Hassan Ali,Omar Siddiqui,BR004,Jumeirah,Digital Hub,Recovering,KPI04,Complaint Volume,LOWER,181.0,184.0,175.0,100,2025-11-30
Northern Emirates,Ajman,Noura Al Shamsi,Hassan Ali,Omar Siddiqui,BR004,Jumeirah,Digital Hub,Recovering,KPI04,Complaint Volume,LOWER,184.0,175.0,224.0,100,2025-12-31
Northern Emirates,Ajman,Noura Al Shamsi,Hassan Ali,Omar Siddiqui,BR004,Jumeirah,Digital Hub,Recovering,KPI04,Complaint Volume,LOWER,175.0,224.0,223.0,100,2026-01-31
Northern Emirates,Ajman,Noura Al Shamsi,Hassan Ali,Omar Siddiqui,BR004,Jumeirah,Digital Hub,Recovering,KPI04,Complaint Volume,LOWER,224.0,223.0,218.0,100,2026-02-28
Northern Emirates,Ajman,Noura Al Shamsi,Hassan Ali,Omar Siddiqui,BR004,Jumeirah,Digital Hub,Recovering,KPI04,Complaint Volume,LOWER,223.0,218.0,214.0,100,2026-03-31
Northern Emirates,Ajman,Noura Al Shamsi,Hassan Ali,Omar Siddiqui,BR004,Jumeirah,Digital Hub,Recovering,KPI04,Complaint Volume,LOWER,218.0,214.0,211.0,100,2026-04-30
Northern Emirates,Ajman,Noura Al Shamsi,Hassan Ali,Omar Siddiqui,BR004,Jumeirah,Digital Hub,Recovering,KPI04,Complaint Volume,LOWER,214.0,211.0,208.0,100,2026-05-31
Northern Emirates,Ajman,Noura Al Shamsi,Hassan Ali,Omar Siddiqui,BR004,Jumeirah,Digital Hub,Recovering,KPI04,Complaint Volume,LOWER,211.0,208.0,203.0,100,2026-06-30
Northern Emirates,Ajman,Noura Al Shamsi,Hassan Ali,Omar Siddiqui,BR004,Jumeirah,Digital Hub,Recovering,KPI05,Resolution Time,LOWER,2.98,3.18,3.17,3.0,2025-07-31
Northern Emirates,Ajman,Noura Al Shamsi,Hassan Ali,Omar Siddiqui,BR004,Jumeirah,Digital Hub,Recovering,KPI05,Resolution Time,LOWER,3.18,3.17,3.34,3.0,2025-08-31
Northern Emirates,Ajman,Noura Al Shamsi,Hassan Ali,Omar Siddiqui,BR004,Jumeirah,Digital Hub,Recovering,KPI05,Resolution Time,LOWER,3.17,3.34,3.46,3.0,2025-09-30
Northern Emirates,Ajman,Noura Al Shamsi,Hassan Ali,Omar Siddiqui,BR004,Jumeirah,Digital Hub,Recovering,KPI05,Resolution Time,LOWER,3.34,3.46,3.49,3.0,2025-10-31
Northern Emirates,Ajman,Noura Al Shamsi,Hassan Ali,Omar Siddiqui,BR004,Jumeirah,Digital Hub,Recovering,KPI05,Resolution Time,LOWER,3.46,3.49,3.37,3.0,2025-11-30
Northern Emirates,Ajman,Noura Al Shamsi,Hassan Ali,Omar Siddiqui,BR004,Jumeirah,Digital Hub,Recovering,KPI05,Resolution Time,LOWER,3.49,3.37,3.25,3.0,2025-12-31
Northern Emirates,Ajman,Noura Al Shamsi,Hassan Ali,Omar Siddiqui,BR004,Jumeirah,Digital Hub,Recovering,KPI05,Resolution Time,LOWER,3.37,3.25,2.8,3.0,2026-01-31
Northern Emirates,Ajman,Noura Al Shamsi,Hassan Ali,Omar Siddiqui,BR004,Jumeirah,Digital Hub,Recovering,KPI05,Resolution Time,LOWER,3.25,2.8,2.58,3.0,2026-02-28
Northern Emirates,Ajman,Noura Al Shamsi,Hassan Ali,Omar Siddiqui,BR004,Jumeirah,Digital Hub,Recovering,KPI05,Resolution Time,LOWER,2.8,2.58,2.39,3.0,2026-03-31
Northern Emirates,Ajman,Noura Al Shamsi,Hassan Ali,Omar Siddiqui,BR004,Jumeirah,Digital Hub,Recovering,KPI05,Resolution Time,LOWER,2.58,2.39,2.34,3.0,2026-04-30
Northern Emirates,Ajman,Noura Al Shamsi,Hassan Ali,Omar Siddiqui,BR004,Jumeirah,Digital Hub,Recovering,KPI05,Resolution Time,LOWER,2.39,2.34,2.23,3.0,2026-05-31
Northern Emirates,Ajman,Noura Al Shamsi,Hassan Ali,Omar Siddiqui,BR004,Jumeirah,Digital Hub,Recovering,KPI05,Resolution Time,LOWER,2.34,2.23,1.99,3.0,2026-06-30
Northern Emirates,Ajman,Noura Al Shamsi,Hassan Ali,Omar Siddiqui,BR004,Jumeirah,Digital Hub,Recovering,KPI06,SLA Compliance,HIGHER,92.2,91.7,91.5,95,2025-07-31
Northern Emirates,Ajman,Noura Al Shamsi,Hassan Ali,Omar Siddiqui,BR004,Jumeirah,Digital Hub,Recovering,KPI06,SLA Compliance,HIGHER,91.7,91.5,91.1,95,2025-08-31
Northern Emirates,Ajman,Noura Al Shamsi,Hassan Ali,Omar Siddiqui,BR004,Jumeirah,Digital Hub,Recovering,KPI06,SLA Compliance,HIGHER,91.5,91.1,91.1,95,2025-09-30
Northern Emirates,Ajman,Noura Al Shamsi,Hassan Ali,Omar Siddiqui,BR004,Jumeirah,Digital Hub,Recovering,KPI06,SLA Compliance,HIGHER,91.1,91.1,91.0,95,2025-10-31
Northern Emirates,Ajman,Noura Al Shamsi,Hassan Ali,Omar Siddiqui,BR004,Jumeirah,Digital Hub,Recovering,KPI06,SLA Compliance,HIGHER,91.1,91.0,91.4,95,2025-11-30
Northern Emirates,Ajman,Noura Al Shamsi,Hassan Ali,Omar Siddiqui,BR004,Jumeirah,Digital Hub,Recovering,KPI06,SLA Compliance,HIGHER,91.0,91.4,92.0,95,2025-12-31
Northern Emirates,Ajman,Noura Al Shamsi,Hassan Ali,Omar Siddiqui,BR004,Jumeirah,Digital Hub,Recovering,KPI06,SLA Compliance,HIGHER,91.4,92.0,92.4,95,2026-01-31
Northern Emirates,Ajman,Noura Al Shamsi,Hassan Ali,Omar Siddiqui,BR004,Jumeirah,Digital Hub,Recovering,KPI06,SLA Compliance,HIGHER,92.0,92.4,92.5,95,2026-02-28
Northern Emirates,Ajman,Noura Al Shamsi,Hassan Ali,Omar Siddiqui,BR004,Jumeirah,Digital Hub,Recovering,KPI06,SLA Compliance,HIGHER,92.4,92.5,93.3,95,2026-03-31
Northern Emirates,Ajman,Noura Al Shamsi,Hassan Ali,Omar Siddiqui,BR004,Jumeirah,Digital Hub,Recovering,KPI06,SLA Compliance,HIGHER,92.5,93.3,94.4,95,2026-04-30
Northern Emirates,Ajman,Noura Al Shamsi,Hassan Ali,Omar Siddiqui,BR004,Jumeirah,Digital Hub,Recovering,KPI06,SLA Compliance,HIGHER,93.3,94.4,95.0,95,2026-05-31
Northern Emirates,Ajman,Noura Al Shamsi,Hassan Ali,Omar Siddiqui,BR004,Jumeirah,Digital Hub,Recovering,KPI06,SLA Compliance,HIGHER,94.4,95.0,95.5,95,2026-06-30
Northern Emirates,Ajman,Noura Al Shamsi,Hassan Ali,Omar Siddiqui,BR004,Jumeirah,Digital Hub,Recovering,KPI07,First Contact Resolution,HIGHER,85.2,84.7,84.6,85,2025-07-31
Northern Emirates,Ajman,Noura Al Shamsi,Hassan Ali,Omar Siddiqui,BR004,Jumeirah,Digital Hub,Recovering,KPI07,First Contact Resolution,HIGHER,84.7,84.6,84.1,85,2025-08-31
Northern Emirates,Ajman,Noura Al Shamsi,Hassan Ali,Omar Siddiqui,BR004,Jumeirah,Digital Hub,Recovering,KPI07,First Contact Resolution,HIGHER,84.6,84.1,83.2,85,2025-09-30
Northern Emirates,Ajman,Noura Al Shamsi,Hassan Ali,Omar Siddiqui,BR004,Jumeirah,Digital Hub,Recovering,KPI07,First Contact Resolution,HIGHER,84.1,83.2,81.8,85,2025-10-31
Northern Emirates,Ajman,Noura Al Shamsi,Hassan Ali,Omar Siddiqui,BR004,Jumeirah,Digital Hub,Recovering,KPI07,First Contact Resolution,HIGHER,83.2,81.8,82.0,85,2025-11-30
Northern Emirates,Ajman,Noura Al Shamsi,Hassan Ali,Omar Siddiqui,BR004,Jumeirah,Digital Hub,Recovering,KPI07,First Contact Resolution,HIGHER,81.8,82.0,83.1,85,2025-12-31
Northern Emirates,Ajman,Noura Al Shamsi,Hassan Ali,Omar Siddiqui,BR004,Jumeirah,Digital Hub,Recovering,KPI07,First Contact Resolution,HIGHER,82.0,83.1,84.4,85,2026-01-31
Northern Emirates,Ajman,Noura Al Shamsi,Hassan Ali,Omar Siddiqui,BR004,Jumeirah,Digital Hub,Recovering,KPI07,First Contact Resolution,HIGHER,83.1,84.4,85.5,85,2026-02-28
Northern Emirates,Ajman,Noura Al Shamsi,Hassan Ali,Omar Siddiqui,BR004,Jumeirah,Digital Hub,Recovering,KPI07,First Contact Resolution,HIGHER,84.4,85.5,86.1,85,2026-03-31
Northern Emirates,Ajman,Noura Al Shamsi,Hassan Ali,Omar Siddiqui,BR004,Jumeirah,Digital Hub,Recovering,KPI07,First Contact Resolution,HIGHER,85.5,86.1,86.7,85,2026-04-30
Northern Emirates,Ajman,Noura Al Shamsi,Hassan Ali,Omar Siddiqui,BR004,Jumeirah,Digital Hub,Recovering,KPI07,First Contact Resolution,HIGHER,86.1,86.7,87.5,85,2026-05-31
Northern Emirates,Ajman,Noura Al Shamsi,Hassan Ali,Omar Siddiqui,BR004,Jumeirah,Digital Hub,Recovering,KPI07,First Contact Resolution,HIGHER,86.7,87.5,87.5,85,2026-06-30
Northern Emirates,Ajman,Noura Al Shamsi,Hassan Ali,Omar Siddiqui,BR004,Jumeirah,Digital Hub,Recovering,KPI08,Customer Effort Score,LOWER,4.08,4.22,4.29,3.0,2025-07-31
Northern Emirates,Ajman,Noura Al Shamsi,Hassan Ali,Omar Siddiqui,BR004,Jumeirah,Digital Hub,Recovering,KPI08,Customer Effort Score,LOWER,4.22,4.29,4.3,3.0,2025-08-31
Northern Emirates,Ajman,Noura Al Shamsi,Hassan Ali,Omar Siddiqui,BR004,Jumeirah,Digital Hub,Recovering,KPI08,Customer Effort Score,LOWER,4.29,4.3,4.31,3.0,2025-09-30
Northern Emirates,Ajman,Noura Al Shamsi,Hassan Ali,Omar Siddiqui,BR004,Jumeirah,Digital Hub,Recovering,KPI08,Customer Effort Score,LOWER,4.3,4.31,4.38,3.0,2025-10-31
Northern Emirates,Ajman,Noura Al Shamsi,Hassan Ali,Omar Siddiqui,BR004,Jumeirah,Digital Hub,Recovering,KPI08,Customer Effort Score,LOWER,4.31,4.38,4.26,3.0,2025-11-30
Northern Emirates,Ajman,Noura Al Shamsi,Hassan Ali,Omar Siddiqui,BR004,Jumeirah,Digital Hub,Recovering,KPI08,Customer Effort Score,LOWER,4.38,4.26,4.17,3.0,2025-12-31
Northern Emirates,Ajman,Noura Al Shamsi,Hassan Ali,Omar Siddiqui,BR004,Jumeirah,Digital Hub,Recovering,KPI08,Customer Effort Score,LOWER,4.26,4.17,4.14,3.0,2026-01-31
Northern Emirates,Ajman,Noura Al Shamsi,Hassan Ali,Omar Siddiqui,BR004,Jumeirah,Digital Hub,Recovering,KPI08,Customer Effort Score,LOWER,4.17,4.14,3.98,3.0,2026-02-28
Northern Emirates,Ajman,Noura Al Shamsi,Hassan Ali,Omar Siddiqui,BR004,Jumeirah,Digital Hub,Recovering,KPI08,Customer Effort Score,LOWER,4.14,3.98,4.0,3.0,2026-03-31
Northern Emirates,Ajman,Noura Al Shamsi,Hassan Ali,Omar Siddiqui,BR004,Jumeirah,Digital Hub,Recovering,KPI08,Customer Effort Score,LOWER,3.98,4.0,3.99,3.0,2026-04-30
Northern Emirates,Ajman,Noura Al Shamsi,Hassan Ali,Omar Siddiqui,BR004,Jumeirah,Digital Hub,Recovering,KPI08,Customer Effort Score,LOWER,4.0,3.99,3.84,3.0,2026-05-31
Northern Emirates,Ajman,Noura Al Shamsi,Hassan Ali,Omar Siddiqui,BR004,Jumeirah,Digital Hub,Recovering,KPI08,Customer Effort Score,LOWER,3.99,3.84,3.69,3.0,2026-06-30
Northern Emirates,Ajman,Noura Al Shamsi,Hassan Ali,Omar Siddiqui,BR004,Jumeirah,Digital Hub,Recovering,KPI09,Digital Adoption Rate,HIGHER,83.9,83.7,83.4,75,2025-07-31
Northern Emirates,Ajman,Noura Al Shamsi,Hassan Ali,Omar Siddiqui,BR004,Jumeirah,Digital Hub,Recovering,KPI09,Digital Adoption Rate,HIGHER,83.7,83.4,82.7,75,2025-08-31
Northern Emirates,Ajman,Noura Al Shamsi,Hassan Ali,Omar Siddiqui,BR004,Jumeirah,Digital Hub,Recovering,KPI09,Digital Adoption Rate,HIGHER,83.4,82.7,82.3,75,2025-09-30
Northern Emirates,Ajman,Noura Al Shamsi,Hassan Ali,Omar Siddiqui,BR004,Jumeirah,Digital Hub,Recovering,KPI09,Digital Adoption Rate,HIGHER,82.7,82.3,81.0,75,2025-10-31
Northern Emirates,Ajman,Noura Al Shamsi,Hassan Ali,Omar Siddiqui,BR004,Jumeirah,Digital Hub,Recovering,KPI09,Digital Adoption Rate,HIGHER,82.3,81.0,81.4,75,2025-11-30
Northern Emirates,Ajman,Noura Al Shamsi,Hassan Ali,Omar Siddiqui,BR004,Jumeirah,Digital Hub,Recovering,KPI09,Digital Adoption Rate,HIGHER,81.0,81.4,82.4,75,2025-12-31
Northern Emirates,Ajman,Noura Al Shamsi,Hassan Ali,Omar Siddiqui,BR004,Jumeirah,Digital Hub,Recovering,KPI09,Digital Adoption Rate,HIGHER,81.4,82.4,83.4,75,2026-01-31
Northern Emirates,Ajman,Noura Al Shamsi,Hassan Ali,Omar Siddiqui,BR004,Jumeirah,Digital Hub,Recovering,KPI09,Digital Adoption Rate,HIGHER,82.4,83.4,84.0,75,2026-02-28
Northern Emirates,Ajman,Noura Al Shamsi,Hassan Ali,Omar Siddiqui,BR004,Jumeirah,Digital Hub,Recovering,KPI09,Digital Adoption Rate,HIGHER,83.4,84.0,85.7,75,2026-03-31
Northern Emirates,Ajman,Noura Al Shamsi,Hassan Ali,Omar Siddiqui,BR004,Jumeirah,Digital Hub,Recovering,KPI09,Digital Adoption Rate,HIGHER,84.0,85.7,85.8,75,2026-04-30
Northern Emirates,Ajman,Noura Al Shamsi,Hassan Ali,Omar Siddiqui,BR004,Jumeirah,Digital Hub,Recovering,KPI09,Digital Adoption Rate,HIGHER,85.7,85.8,87.8,75,2026-05-31
Northern Emirates,Ajman,Noura Al Shamsi,Hassan Ali,Omar Siddiqui,BR004,Jumeirah,Digital Hub,Recovering,KPI09,Digital Adoption Rate,HIGHER,85.8,87.8,89.5,75,2026-06-30
Northern Emirates,Ajman,Noura Al Shamsi,Hassan Ali,Omar Siddiqui,BR004,Jumeirah,Digital Hub,Recovering,KPI10,Repeat Complaint Rate,LOWER,8.6,9.0,9.2,8,2025-07-31
Northern Emirates,Ajman,Noura Al Shamsi,Hassan Ali,Omar Siddiqui,BR004,Jumeirah,Digital Hub,Recovering,KPI10,Repeat Complaint Rate,LOWER,9.0,9.2,9.6,8,2025-08-31
Northern Emirates,Ajman,Noura Al Shamsi,Hassan Ali,Omar Siddiqui,BR004,Jumeirah,Digital Hub,Recovering,KPI10,Repeat Complaint Rate,LOWER,9.2,9.6,10.0,8,2025-09-30
Northern Emirates,Ajman,Noura Al Shamsi,Hassan Ali,Omar Siddiqui,BR004,Jumeirah,Digital Hub,Recovering,KPI10,Repeat Complaint Rate,LOWER,9.6,10.0,10.2,8,2025-10-31
Northern Emirates,Ajman,Noura Al Shamsi,Hassan Ali,Omar Siddiqui,BR004,Jumeirah,Digital Hub,Recovering,KPI10,Repeat Complaint Rate,LOWER,10.0,10.2,9.8,8,2025-11-30
Northern Emirates,Ajman,Noura Al Shamsi,Hassan Ali,Omar Siddiqui,BR004,Jumeirah,Digital Hub,Recovering,KPI10,Repeat Complaint Rate,LOWER,10.2,9.8,9.8,8,2025-12-31
Northern Emirates,Ajman,Noura Al Shamsi,Hassan Ali,Omar Siddiqui,BR004,Jumeirah,Digital Hub,Recovering,KPI10,Repeat Complaint Rate,LOWER,9.8,9.8,9.0,8,2026-01-31
Northern Emirates,Ajman,Noura Al Shamsi,Hassan Ali,Omar Siddiqui,BR004,Jumeirah,Digital Hub,Recovering,KPI10,Repeat Complaint Rate,LOWER,9.8,9.0,9.0,8,2026-02-28
Northern Emirates,Ajman,Noura Al Shamsi,Hassan Ali,Omar Siddiqui,BR004,Jumeirah,Digital Hub,Recovering,KPI10,Repeat Complaint Rate,LOWER,9.0,9.0,8.5,8,2026-03-31
Northern Emirates,Ajman,Noura Al Shamsi,Hassan Ali,Omar Siddiqui,BR004,Jumeirah,Digital Hub,Recovering,KPI10,Repeat Complaint Rate,LOWER,9.0,8.5,7.8,8,2026-04-30
Northern Emirates,Ajman,Noura Al Shamsi,Hassan Ali,Omar Siddiqui,BR004,Jumeirah,Digital Hub,Recovering,KPI10,Repeat Complaint Rate,LOWER,8.5,7.8,8.0,8,2026-05-31
Northern Emirates,Ajman,Noura Al Shamsi,Hassan Ali,Omar Siddiqui,BR004,Jumeirah,Digital Hub,Recovering,KPI10,Repeat Complaint Rate,LOWER,7.8,8.0,7.6,8,2026-06-30
Dubai,New Dubai,Mariam Al Mansoori,Leila Hassan,Maya Joseph,BR005,Marina,Flagship,Volatile,KPI01,CSAT,HIGHER,74.5,74.8,75.1,85,2025-07-31
Dubai,New Dubai,Mariam Al Mansoori,Leila Hassan,Maya Joseph,BR005,Marina,Flagship,Volatile,KPI01,CSAT,HIGHER,74.8,75.1,74.0,85,2025-08-31
Dubai,New Dubai,Mariam Al Mansoori,Leila Hassan,Maya Joseph,BR005,Marina,Flagship,Volatile,KPI01,CSAT,HIGHER,75.1,74.0,73.3,85,2025-09-30
Dubai,New Dubai,Mariam Al Mansoori,Leila Hassan,Maya Joseph,BR005,Marina,Flagship,Volatile,KPI01,CSAT,HIGHER,74.0,73.3,73.3,85,2025-10-31
Dubai,New Dubai,Mariam Al Mansoori,Leila Hassan,Maya Joseph,BR005,Marina,Flagship,Volatile,KPI01,CSAT,HIGHER,73.3,73.3,73.9,85,2025-11-30
Dubai,New Dubai,Mariam Al Mansoori,Leila Hassan,Maya Joseph,BR005,Marina,Flagship,Volatile,KPI01,CSAT,HIGHER,73.3,73.9,73.8,85,2025-12-31
Dubai,New Dubai,Mariam Al Mansoori,Leila Hassan,Maya Joseph,BR005,Marina,Flagship,Volatile,KPI01,CSAT,HIGHER,73.9,73.8,73.2,85,2026-01-31
Dubai,New Dubai,Mariam Al Mansoori,Leila Hassan,Maya Joseph,BR005,Marina,Flagship,Volatile,KPI01,CSAT,HIGHER,73.8,73.2,73.5,85,2026-02-28
Dubai,New Dubai,Mariam Al Mansoori,Leila Hassan,Maya Joseph,BR005,Marina,Flagship,Volatile,KPI01,CSAT,HIGHER,73.2,73.5,73.9,85,2026-03-31
Dubai,New Dubai,Mariam Al Mansoori,Leila Hassan,Maya Joseph,BR005,Marina,Flagship,Volatile,KPI01,CSAT,HIGHER,73.5,73.9,74.8,85,2026-04-30
Dubai,New Dubai,Mariam Al Mansoori,Leila Hassan,Maya Joseph,BR005,Marina,Flagship,Volatile,KPI01,CSAT,HIGHER,73.9,74.8,74.1,85,2026-05-31
Dubai,New Dubai,Mariam Al Mansoori,Leila Hassan,Maya Joseph,BR005,Marina,Flagship,Volatile,KPI01,CSAT,HIGHER,74.8,74.1,73.5,85,2026-06-30
Dubai,New Dubai,Mariam Al Mansoori,Leila Hassan,Maya Joseph,BR005,Marina,Flagship,Volatile,KPI02,NPS,HIGHER,34.5,35.2,35.7,40,2025-07-31
Dubai,New Dubai,Mariam Al Mansoori,Leila Hassan,Maya Joseph,BR005,Marina,Flagship,Volatile,KPI02,NPS,HIGHER,35.2,35.7,33.9,40,2025-08-31
Dubai,New Dubai,Mariam Al Mansoori,Leila Hassan,Maya Joseph,BR005,Marina,Flagship,Volatile,KPI02,NPS,HIGHER,35.7,33.9,32.8,40,2025-09-30
Dubai,New Dubai,Mariam Al Mansoori,Leila Hassan,Maya Joseph,BR005,Marina,Flagship,Volatile,KPI02,NPS,HIGHER,33.9,32.8,33.8,40,2025-10-31
Dubai,New Dubai,Mariam Al Mansoori,Leila Hassan,Maya Joseph,BR005,Marina,Flagship,Volatile,KPI02,NPS,HIGHER,32.8,33.8,35.4,40,2025-11-30
Dubai,New Dubai,Mariam Al Mansoori,Leila Hassan,Maya Joseph,BR005,Marina,Flagship,Volatile,KPI02,NPS,HIGHER,33.8,35.4,35.8,40,2025-12-31
Dubai,New Dubai,Mariam Al Mansoori,Leila Hassan,Maya Joseph,BR005,Marina,Flagship,Volatile,KPI02,NPS,HIGHER,35.4,35.8,33.0,40,2026-01-31
Dubai,New Dubai,Mariam Al Mansoori,Leila Hassan,Maya Joseph,BR005,Marina,Flagship,Volatile,KPI02,NPS,HIGHER,35.8,33.0,32.1,40,2026-02-28
Dubai,New Dubai,Mariam Al Mansoori,Leila Hassan,Maya Joseph,BR005,Marina,Flagship,Volatile,KPI02,NPS,HIGHER,33.0,32.1,33.5,40,2026-03-31
Dubai,New Dubai,Mariam Al Mansoori,Leila Hassan,Maya Joseph,BR005,Marina,Flagship,Volatile,KPI02,NPS,HIGHER,32.1,33.5,35.1,40,2026-04-30
Dubai,New Dubai,Mariam Al Mansoori,Leila Hassan,Maya Joseph,BR005,Marina,Flagship,Volatile,KPI02,NPS,HIGHER,33.5,35.1,33.2,40,2026-05-31
Dubai,New Dubai,Mariam Al Mansoori,Leila Hassan,Maya Joseph,BR005,Marina,Flagship,Volatile,KPI02,NPS,HIGHER,35.1,33.2,31.8,40,2026-06-30
Dubai,New Dubai,Mariam Al Mansoori,Leila Hassan,Maya Joseph,BR005,Marina,Flagship,Volatile,KPI03,Complaint Rate,LOWER,4.18,4.06,4.05,2.0,2025-07-31
Dubai,New Dubai,Mariam Al Mansoori,Leila Hassan,Maya Joseph,BR005,Marina,Flagship,Volatile,KPI03,Complaint Rate,LOWER,4.06,4.05,4.16,2.0,2025-08-31
Dubai,New Dubai,Mariam Al Mansoori,Leila Hassan,Maya Joseph,BR005,Marina,Flagship,Volatile,KPI03,Complaint Rate,LOWER,4.05,4.16,4.26,2.0,2025-09-30
Dubai,New Dubai,Mariam Al Mansoori,Leila Hassan,Maya Joseph,BR005,Marina,Flagship,Volatile,KPI03,Complaint Rate,LOWER,4.16,4.26,4.24,2.0,2025-10-31
Dubai,New Dubai,Mariam Al Mansoori,Leila Hassan,Maya Joseph,BR005,Marina,Flagship,Volatile,KPI03,Complaint Rate,LOWER,4.26,4.24,4.21,2.0,2025-11-30
Dubai,New Dubai,Mariam Al Mansoori,Leila Hassan,Maya Joseph,BR005,Marina,Flagship,Volatile,KPI03,Complaint Rate,LOWER,4.24,4.21,4.22,2.0,2025-12-31
Dubai,New Dubai,Mariam Al Mansoori,Leila Hassan,Maya Joseph,BR005,Marina,Flagship,Volatile,KPI03,Complaint Rate,LOWER,4.21,4.22,4.3,2.0,2026-01-31
Dubai,New Dubai,Mariam Al Mansoori,Leila Hassan,Maya Joseph,BR005,Marina,Flagship,Volatile,KPI03,Complaint Rate,LOWER,4.22,4.3,4.51,2.0,2026-02-28
Dubai,New Dubai,Mariam Al Mansoori,Leila Hassan,Maya Joseph,BR005,Marina,Flagship,Volatile,KPI03,Complaint Rate,LOWER,4.3,4.51,4.33,2.0,2026-03-31
Dubai,New Dubai,Mariam Al Mansoori,Leila Hassan,Maya Joseph,BR005,Marina,Flagship,Volatile,KPI03,Complaint Rate,LOWER,4.51,4.33,4.21,2.0,2026-04-30
Dubai,New Dubai,Mariam Al Mansoori,Leila Hassan,Maya Joseph,BR005,Marina,Flagship,Volatile,KPI03,Complaint Rate,LOWER,4.33,4.21,4.35,2.0,2026-05-31
Dubai,New Dubai,Mariam Al Mansoori,Leila Hassan,Maya Joseph,BR005,Marina,Flagship,Volatile,KPI03,Complaint Rate,LOWER,4.21,4.35,4.55,2.0,2026-06-30
Dubai,New Dubai,Mariam Al Mansoori,Leila Hassan,Maya Joseph,BR005,Marina,Flagship,Volatile,KPI04,Complaint Volume,LOWER,123.0,113.0,107.0,100,2025-07-31
Dubai,New Dubai,Mariam Al Mansoori,Leila Hassan,Maya Joseph,BR005,Marina,Flagship,Volatile,KPI04,Complaint Volume,LOWER,113.0,107.0,113.0,100,2025-08-31
Dubai,New Dubai,Mariam Al Mansoori,Leila Hassan,Maya Joseph,BR005,Marina,Flagship,Volatile,KPI04,Complaint Volume,LOWER,107.0,113.0,118.0,100,2025-09-30
Dubai,New Dubai,Mariam Al Mansoori,Leila Hassan,Maya Joseph,BR005,Marina,Flagship,Volatile,KPI04,Complaint Volume,LOWER,113.0,118.0,116.0,100,2025-10-31
Dubai,New Dubai,Mariam Al Mansoori,Leila Hassan,Maya Joseph,BR005,Marina,Flagship,Volatile,KPI04,Complaint Volume,LOWER,118.0,116.0,114.0,100,2025-11-30
Dubai,New Dubai,Mariam Al Mansoori,Leila Hassan,Maya Joseph,BR005,Marina,Flagship,Volatile,KPI04,Complaint Volume,LOWER,116.0,114.0,112.0,100,2025-12-31
Dubai,New Dubai,Mariam Al Mansoori,Leila Hassan,Maya Joseph,BR005,Marina,Flagship,Volatile,KPI04,Complaint Volume,LOWER,114.0,112.0,120.0,100,2026-01-31
Dubai,New Dubai,Mariam Al Mansoori,Leila Hassan,Maya Joseph,BR005,Marina,Flagship,Volatile,KPI04,Complaint Volume,LOWER,112.0,120.0,120.0,100,2026-02-28
Dubai,New Dubai,Mariam Al Mansoori,Leila Hassan,Maya Joseph,BR005,Marina,Flagship,Volatile,KPI04,Complaint Volume,LOWER,120.0,120.0,119.0,100,2026-03-31
Dubai,New Dubai,Mariam Al Mansoori,Leila Hassan,Maya Joseph,BR005,Marina,Flagship,Volatile,KPI04,Complaint Volume,LOWER,120.0,119.0,116.0,100,2026-04-30
Dubai,New Dubai,Mariam Al Mansoori,Leila Hassan,Maya Joseph,BR005,Marina,Flagship,Volatile,KPI04,Complaint Volume,LOWER,119.0,116.0,121.0,100,2026-05-31
Dubai,New Dubai,Mariam Al Mansoori,Leila Hassan,Maya Joseph,BR005,Marina,Flagship,Volatile,KPI04,Complaint Volume,LOWER,116.0,121.0,128.0,100,2026-06-30
Dubai,New Dubai,Mariam Al Mansoori,Leila Hassan,Maya Joseph,BR005,Marina,Flagship,Volatile,KPI05,Resolution Time,LOWER,4.21,4.3,4.34,3.0,2025-07-31
Dubai,New Dubai,Mariam Al Mansoori,Leila Hassan,Maya Joseph,BR005,Marina,Flagship,Volatile,KPI05,Resolution Time,LOWER,4.3,4.34,4.54,3.0,2025-08-31
Dubai,New Dubai,Mariam Al Mansoori,Leila Hassan,Maya Joseph,BR005,Marina,Flagship,Volatile,KPI05,Resolution Time,LOWER,4.34,4.54,4.54,3.0,2025-09-30
Dubai,New Dubai,Mariam Al Mansoori,Leila Hassan,Maya Joseph,BR005,Marina,Flagship,Volatile,KPI05,Resolution Time,LOWER,4.54,4.54,4.4,3.0,2025-10-31
Dubai,New Dubai,Mariam Al Mansoori,Leila Hassan,Maya Joseph,BR005,Marina,Flagship,Volatile,KPI05,Resolution Time,LOWER,4.54,4.4,4.27,3.0,2025-11-30
Dubai,New Dubai,Mariam Al Mansoori,Leila Hassan,Maya Joseph,BR005,Marina,Flagship,Volatile,KPI05,Resolution Time,LOWER,4.4,4.27,4.37,3.0,2025-12-31
Dubai,New Dubai,Mariam Al Mansoori,Leila Hassan,Maya Joseph,BR005,Marina,Flagship,Volatile,KPI05,Resolution Time,LOWER,4.27,4.37,4.43,3.0,2026-01-31
Dubai,New Dubai,Mariam Al Mansoori,Leila Hassan,Maya Joseph,BR005,Marina,Flagship,Volatile,KPI05,Resolution Time,LOWER,4.37,4.43,4.51,3.0,2026-02-28
Dubai,New Dubai,Mariam Al Mansoori,Leila Hassan,Maya Joseph,BR005,Marina,Flagship,Volatile,KPI05,Resolution Time,LOWER,4.43,4.51,4.54,3.0,2026-03-31
Dubai,New Dubai,Mariam Al Mansoori,Leila Hassan,Maya Joseph,BR005,Marina,Flagship,Volatile,KPI05,Resolution Time,LOWER,4.51,4.54,4.26,3.0,2026-04-30
Dubai,New Dubai,Mariam Al Mansoori,Leila Hassan,Maya Joseph,BR005,Marina,Flagship,Volatile,KPI05,Resolution Time,LOWER,4.54,4.26,4.29,3.0,2026-05-31
Dubai,New Dubai,Mariam Al Mansoori,Leila Hassan,Maya Joseph,BR005,Marina,Flagship,Volatile,KPI05,Resolution Time,LOWER,4.26,4.29,4.53,3.0,2026-06-30
Dubai,New Dubai,Mariam Al Mansoori,Leila Hassan,Maya Joseph,BR005,Marina,Flagship,Volatile,KPI06,SLA Compliance,HIGHER,90.7,90.4,90.8,95,2025-07-31
Dubai,New Dubai,Mariam Al Mansoori,Leila Hassan,Maya Joseph,BR005,Marina,Flagship,Volatile,KPI06,SLA Compliance,HIGHER,90.4,90.8,90.5,95,2025-08-31
Dubai,New Dubai,Mariam Al Mansoori,Leila Hassan,Maya Joseph,BR005,Marina,Flagship,Volatile,KPI06,SLA Compliance,HIGHER,90.8,90.5,89.9,95,2025-09-30
Dubai,New Dubai,Mariam Al Mansoori,Leila Hassan,Maya Joseph,BR005,Marina,Flagship,Volatile,KPI06,SLA Compliance,HIGHER,90.5,89.9,90.0,95,2025-10-31
Dubai,New Dubai,Mariam Al Mansoori,Leila Hassan,Maya Joseph,BR005,Marina,Flagship,Volatile,KPI06,SLA Compliance,HIGHER,89.9,90.0,90.7,95,2025-11-30
Dubai,New Dubai,Mariam Al Mansoori,Leila Hassan,Maya Joseph,BR005,Marina,Flagship,Volatile,KPI06,SLA Compliance,HIGHER,90.0,90.7,90.8,95,2025-12-31
Dubai,New Dubai,Mariam Al Mansoori,Leila Hassan,Maya Joseph,BR005,Marina,Flagship,Volatile,KPI06,SLA Compliance,HIGHER,90.7,90.8,90.6,95,2026-01-31
Dubai,New Dubai,Mariam Al Mansoori,Leila Hassan,Maya Joseph,BR005,Marina,Flagship,Volatile,KPI06,SLA Compliance,HIGHER,90.8,90.6,90.3,95,2026-02-28
Dubai,New Dubai,Mariam Al Mansoori,Leila Hassan,Maya Joseph,BR005,Marina,Flagship,Volatile,KPI06,SLA Compliance,HIGHER,90.6,90.3,90.6,95,2026-03-31
Dubai,New Dubai,Mariam Al Mansoori,Leila Hassan,Maya Joseph,BR005,Marina,Flagship,Volatile,KPI06,SLA Compliance,HIGHER,90.3,90.6,90.9,95,2026-04-30
Dubai,New Dubai,Mariam Al Mansoori,Leila Hassan,Maya Joseph,BR005,Marina,Flagship,Volatile,KPI06,SLA Compliance,HIGHER,90.6,90.9,90.7,95,2026-05-31
Dubai,New Dubai,Mariam Al Mansoori,Leila Hassan,Maya Joseph,BR005,Marina,Flagship,Volatile,KPI06,SLA Compliance,HIGHER,90.9,90.7,90.6,95,2026-06-30
Dubai,New Dubai,Mariam Al Mansoori,Leila Hassan,Maya Joseph,BR005,Marina,Flagship,Volatile,KPI07,First Contact Resolution,HIGHER,83.3,84.2,85.2,85,2025-07-31
Dubai,New Dubai,Mariam Al Mansoori,Leila Hassan,Maya Joseph,BR005,Marina,Flagship,Volatile,KPI07,First Contact Resolution,HIGHER,84.2,85.2,84.3,85,2025-08-31
Dubai,New Dubai,Mariam Al Mansoori,Leila Hassan,Maya Joseph,BR005,Marina,Flagship,Volatile,KPI07,First Contact Resolution,HIGHER,85.2,84.3,83.2,85,2025-09-30
Dubai,New Dubai,Mariam Al Mansoori,Leila Hassan,Maya Joseph,BR005,Marina,Flagship,Volatile,KPI07,First Contact Resolution,HIGHER,84.3,83.2,83.1,85,2025-10-31
Dubai,New Dubai,Mariam Al Mansoori,Leila Hassan,Maya Joseph,BR005,Marina,Flagship,Volatile,KPI07,First Contact Resolution,HIGHER,83.2,83.1,84.3,85,2025-11-30
Dubai,New Dubai,Mariam Al Mansoori,Leila Hassan,Maya Joseph,BR005,Marina,Flagship,Volatile,KPI07,First Contact Resolution,HIGHER,83.1,84.3,84.1,85,2025-12-31
Dubai,New Dubai,Mariam Al Mansoori,Leila Hassan,Maya Joseph,BR005,Marina,Flagship,Volatile,KPI07,First Contact Resolution,HIGHER,84.3,84.1,82.7,85,2026-01-31
Dubai,New Dubai,Mariam Al Mansoori,Leila Hassan,Maya Joseph,BR005,Marina,Flagship,Volatile,KPI07,First Contact Resolution,HIGHER,84.1,82.7,82.3,85,2026-02-28
Dubai,New Dubai,Mariam Al Mansoori,Leila Hassan,Maya Joseph,BR005,Marina,Flagship,Volatile,KPI07,First Contact Resolution,HIGHER,82.7,82.3,83.6,85,2026-03-31
Dubai,New Dubai,Mariam Al Mansoori,Leila Hassan,Maya Joseph,BR005,Marina,Flagship,Volatile,KPI07,First Contact Resolution,HIGHER,82.3,83.6,83.7,85,2026-04-30
Dubai,New Dubai,Mariam Al Mansoori,Leila Hassan,Maya Joseph,BR005,Marina,Flagship,Volatile,KPI07,First Contact Resolution,HIGHER,83.6,83.7,83.6,85,2026-05-31
Dubai,New Dubai,Mariam Al Mansoori,Leila Hassan,Maya Joseph,BR005,Marina,Flagship,Volatile,KPI07,First Contact Resolution,HIGHER,83.7,83.6,82.9,85,2026-06-30
Dubai,New Dubai,Mariam Al Mansoori,Leila Hassan,Maya Joseph,BR005,Marina,Flagship,Volatile,KPI08,Customer Effort Score,LOWER,2.83,2.68,2.64,3.0,2025-07-31
Dubai,New Dubai,Mariam Al Mansoori,Leila Hassan,Maya Joseph,BR005,Marina,Flagship,Volatile,KPI08,Customer Effort Score,LOWER,2.68,2.64,2.73,3.0,2025-08-31
Dubai,New Dubai,Mariam Al Mansoori,Leila Hassan,Maya Joseph,BR005,Marina,Flagship,Volatile,KPI08,Customer Effort Score,LOWER,2.64,2.73,2.78,3.0,2025-09-30
Dubai,New Dubai,Mariam Al Mansoori,Leila Hassan,Maya Joseph,BR005,Marina,Flagship,Volatile,KPI08,Customer Effort Score,LOWER,2.73,2.78,2.67,3.0,2025-10-31
Dubai,New Dubai,Mariam Al Mansoori,Leila Hassan,Maya Joseph,BR005,Marina,Flagship,Volatile,KPI08,Customer Effort Score,LOWER,2.78,2.67,2.63,3.0,2025-11-30
Dubai,New Dubai,Mariam Al Mansoori,Leila Hassan,Maya Joseph,BR005,Marina,Flagship,Volatile,KPI08,Customer Effort Score,LOWER,2.67,2.63,2.61,3.0,2025-12-31
Dubai,New Dubai,Mariam Al Mansoori,Leila Hassan,Maya Joseph,BR005,Marina,Flagship,Volatile,KPI08,Customer Effort Score,LOWER,2.63,2.61,2.68,3.0,2026-01-31
Dubai,New Dubai,Mariam Al Mansoori,Leila Hassan,Maya Joseph,BR005,Marina,Flagship,Volatile,KPI08,Customer Effort Score,LOWER,2.61,2.68,2.72,3.0,2026-02-28
Dubai,New Dubai,Mariam Al Mansoori,Leila Hassan,Maya Joseph,BR005,Marina,Flagship,Volatile,KPI08,Customer Effort Score,LOWER,2.68,2.72,2.7,3.0,2026-03-31
Dubai,New Dubai,Mariam Al Mansoori,Leila Hassan,Maya Joseph,BR005,Marina,Flagship,Volatile,KPI08,Customer Effort Score,LOWER,2.72,2.7,2.64,3.0,2026-04-30
Dubai,New Dubai,Mariam Al Mansoori,Leila Hassan,Maya Joseph,BR005,Marina,Flagship,Volatile,KPI08,Customer Effort Score,LOWER,2.7,2.64,2.67,3.0,2026-05-31
Dubai,New Dubai,Mariam Al Mansoori,Leila Hassan,Maya Joseph,BR005,Marina,Flagship,Volatile,KPI08,Customer Effort Score,LOWER,2.64,2.67,2.79,3.0,2026-06-30
Dubai,New Dubai,Mariam Al Mansoori,Leila Hassan,Maya Joseph,BR005,Marina,Flagship,Volatile,KPI09,Digital Adoption Rate,HIGHER,58.2,59.0,58.2,75,2025-07-31
Dubai,New Dubai,Mariam Al Mansoori,Leila Hassan,Maya Joseph,BR005,Marina,Flagship,Volatile,KPI09,Digital Adoption Rate,HIGHER,59.0,58.2,56.7,75,2025-08-31
Dubai,New Dubai,Mariam Al Mansoori,Leila Hassan,Maya Joseph,BR005,Marina,Flagship,Volatile,KPI09,Digital Adoption Rate,HIGHER,58.2,56.7,56.7,75,2025-09-30
Dubai,New Dubai,Mariam Al Mansoori,Leila Hassan,Maya Joseph,BR005,Marina,Flagship,Volatile,KPI09,Digital Adoption Rate,HIGHER,56.7,56.7,57.2,75,2025-10-31
Dubai,New Dubai,Mariam Al Mansoori,Leila Hassan,Maya Joseph,BR005,Marina,Flagship,Volatile,KPI09,Digital Adoption Rate,HIGHER,56.7,57.2,58.2,75,2025-11-30
Dubai,New Dubai,Mariam Al Mansoori,Leila Hassan,Maya Joseph,BR005,Marina,Flagship,Volatile,KPI09,Digital Adoption Rate,HIGHER,57.2,58.2,58.4,75,2025-12-31
Dubai,New Dubai,Mariam Al Mansoori,Leila Hassan,Maya Joseph,BR005,Marina,Flagship,Volatile,KPI09,Digital Adoption Rate,HIGHER,58.2,58.4,57.3,75,2026-01-31
Dubai,New Dubai,Mariam Al Mansoori,Leila Hassan,Maya Joseph,BR005,Marina,Flagship,Volatile,KPI09,Digital Adoption Rate,HIGHER,58.4,57.3,56.2,75,2026-02-28
Dubai,New Dubai,Mariam Al Mansoori,Leila Hassan,Maya Joseph,BR005,Marina,Flagship,Volatile,KPI09,Digital Adoption Rate,HIGHER,57.3,56.2,56.3,75,2026-03-31
Dubai,New Dubai,Mariam Al Mansoori,Leila Hassan,Maya Joseph,BR005,Marina,Flagship,Volatile,KPI09,Digital Adoption Rate,HIGHER,56.2,56.3,56.1,75,2026-04-30
Dubai,New Dubai,Mariam Al Mansoori,Leila Hassan,Maya Joseph,BR005,Marina,Flagship,Volatile,KPI09,Digital Adoption Rate,HIGHER,56.3,56.1,55.9,75,2026-05-31
Dubai,New Dubai,Mariam Al Mansoori,Leila Hassan,Maya Joseph,BR005,Marina,Flagship,Volatile,KPI09,Digital Adoption Rate,HIGHER,56.1,55.9,55.6,75,2026-06-30
Dubai,New Dubai,Mariam Al Mansoori,Leila Hassan,Maya Joseph,BR005,Marina,Flagship,Volatile,KPI10,Repeat Complaint Rate,LOWER,13.6,13.1,12.7,8,2025-07-31
Dubai,New Dubai,Mariam Al Mansoori,Leila Hassan,Maya Joseph,BR005,Marina,Flagship,Volatile,KPI10,Repeat Complaint Rate,LOWER,13.1,12.7,13.3,8,2025-08-31
Dubai,New Dubai,Mariam Al Mansoori,Leila Hassan,Maya Joseph,BR005,Marina,Flagship,Volatile,KPI10,Repeat Complaint Rate,LOWER,12.7,13.3,13.4,8,2025-09-30
Dubai,New Dubai,Mariam Al Mansoori,Leila Hassan,Maya Joseph,BR005,Marina,Flagship,Volatile,KPI10,Repeat Complaint Rate,LOWER,13.3,13.4,12.7,8,2025-10-31
Dubai,New Dubai,Mariam Al Mansoori,Leila Hassan,Maya Joseph,BR005,Marina,Flagship,Volatile,KPI10,Repeat Complaint Rate,LOWER,13.4,12.7,12.0,8,2025-11-30
Dubai,New Dubai,Mariam Al Mansoori,Leila Hassan,Maya Joseph,BR005,Marina,Flagship,Volatile,KPI10,Repeat Complaint Rate,LOWER,12.7,12.0,12.4,8,2025-12-31
Dubai,New Dubai,Mariam Al Mansoori,Leila Hassan,Maya Joseph,BR005,Marina,Flagship,Volatile,KPI10,Repeat Complaint Rate,LOWER,12.0,12.4,12.8,8,2026-01-31
Dubai,New Dubai,Mariam Al Mansoori,Leila Hassan,Maya Joseph,BR005,Marina,Flagship,Volatile,KPI10,Repeat Complaint Rate,LOWER,12.4,12.8,13.6,8,2026-02-28
Dubai,New Dubai,Mariam Al Mansoori,Leila Hassan,Maya Joseph,BR005,Marina,Flagship,Volatile,KPI10,Repeat Complaint Rate,LOWER,12.8,13.6,13.3,8,2026-03-31
Dubai,New Dubai,Mariam Al Mansoori,Leila Hassan,Maya Joseph,BR005,Marina,Flagship,Volatile,KPI10,Repeat Complaint Rate,LOWER,13.6,13.3,12.6,8,2026-04-30
Dubai,New Dubai,Mariam Al Mansoori,Leila Hassan,Maya Joseph,BR005,Marina,Flagship,Volatile,KPI10,Repeat Complaint Rate,LOWER,13.3,12.6,12.6,8,2026-05-31
Dubai,New Dubai,Mariam Al Mansoori,Leila Hassan,Maya Joseph,BR005,Marina,Flagship,Volatile,KPI10,Repeat Complaint Rate,LOWER,12.6,12.6,13.2,8,2026-06-30
Abu Dhabi,Al Ain,Saeed Al Mazrouei,Huda Salem,Hassan Raza,BR006,Deira Main,Premium,Improving,KPI01,CSAT,HIGHER,78.6,79.0,78.4,85,2025-07-31
Abu Dhabi,Al Ain,Saeed Al Mazrouei,Huda Salem,Hassan Raza,BR006,Deira Main,Premium,Improving,KPI01,CSAT,HIGHER,79.0,78.4,78.7,85,2025-08-31
Abu Dhabi,Al Ain,Saeed Al Mazrouei,Huda Salem,Hassan Raza,BR006,Deira Main,Premium,Improving,KPI01,CSAT,HIGHER,78.4,78.7,78.9,85,2025-09-30
Abu Dhabi,Al Ain,Saeed Al Mazrouei,Huda Salem,Hassan Raza,BR006,Deira Main,Premium,Improving,KPI01,CSAT,HIGHER,78.7,78.9,79.0,85,2025-10-31
Abu Dhabi,Al Ain,Saeed Al Mazrouei,Huda Salem,Hassan Raza,BR006,Deira Main,Premium,Improving,KPI01,CSAT,HIGHER,78.9,79.0,79.2,85,2025-11-30
Abu Dhabi,Al Ain,Saeed Al Mazrouei,Huda Salem,Hassan Raza,BR006,Deira Main,Premium,Improving,KPI01,CSAT,HIGHER,79.0,79.2,79.8,85,2025-12-31
Abu Dhabi,Al Ain,Saeed Al Mazrouei,Huda Salem,Hassan Raza,BR006,Deira Main,Premium,Improving,KPI01,CSAT,HIGHER,79.2,79.8,79.8,85,2026-01-31
Abu Dhabi,Al Ain,Saeed Al Mazrouei,Huda Salem,Hassan Raza,BR006,Deira Main,Premium,Improving,KPI01,CSAT,HIGHER,79.8,79.8,80.7,85,2026-02-28
Abu Dhabi,Al Ain,Saeed Al Mazrouei,Huda Salem,Hassan Raza,BR006,Deira Main,Premium,Improving,KPI01,CSAT,HIGHER,79.8,80.7,80.7,85,2026-03-31
Abu Dhabi,Al Ain,Saeed Al Mazrouei,Huda Salem,Hassan Raza,BR006,Deira Main,Premium,Improving,KPI01,CSAT,HIGHER,80.7,80.7,80.7,85,2026-04-30
Abu Dhabi,Al Ain,Saeed Al Mazrouei,Huda Salem,Hassan Raza,BR006,Deira Main,Premium,Improving,KPI01,CSAT,HIGHER,80.7,80.7,81.3,85,2026-05-31
Abu Dhabi,Al Ain,Saeed Al Mazrouei,Huda Salem,Hassan Raza,BR006,Deira Main,Premium,Improving,KPI01,CSAT,HIGHER,80.7,81.3,82.1,85,2026-06-30
Abu Dhabi,Al Ain,Saeed Al Mazrouei,Huda Salem,Hassan Raza,BR006,Deira Main,Premium,Improving,KPI02,NPS,HIGHER,52.0,53.4,56.0,40,2025-07-31
Abu Dhabi,Al Ain,Saeed Al Mazrouei,Huda Salem,Hassan Raza,BR006,Deira Main,Premium,Improving,KPI02,NPS,HIGHER,53.4,56.0,58.5,40,2025-08-31
Abu Dhabi,Al Ain,Saeed Al Mazrouei,Huda Salem,Hassan Raza,BR006,Deira Main,Premium,Improving,KPI02,NPS,HIGHER,56.0,58.5,59.0,40,2025-09-30
Abu Dhabi,Al Ain,Saeed Al Mazrouei,Huda Salem,Hassan Raza,BR006,Deira Main,Premium,Improving,KPI02,NPS,HIGHER,58.5,59.0,59.6,40,2025-10-31
Abu Dhabi,Al Ain,Saeed Al Mazrouei,Huda Salem,Hassan Raza,BR006,Deira Main,Premium,Improving,KPI02,NPS,HIGHER,59.0,59.6,61.2,40,2025-11-30
Abu Dhabi,Al Ain,Saeed Al Mazrouei,Huda Salem,Hassan Raza,BR006,Deira Main,Premium,Improving,KPI02,NPS,HIGHER,59.6,61.2,63.0,40,2025-12-31
Abu Dhabi,Al Ain,Saeed Al Mazrouei,Huda Salem,Hassan Raza,BR006,Deira Main,Premium,Improving,KPI02,NPS,HIGHER,61.2,63.0,63.7,40,2026-01-31
Abu Dhabi,Al Ain,Saeed Al Mazrouei,Huda Salem,Hassan Raza,BR006,Deira Main,Premium,Improving,KPI02,NPS,HIGHER,63.0,63.7,64.6,40,2026-02-28
Abu Dhabi,Al Ain,Saeed Al Mazrouei,Huda Salem,Hassan Raza,BR006,Deira Main,Premium,Improving,KPI02,NPS,HIGHER,63.7,64.6,67.4,40,2026-03-31
Abu Dhabi,Al Ain,Saeed Al Mazrouei,Huda Salem,Hassan Raza,BR006,Deira Main,Premium,Improving,KPI02,NPS,HIGHER,64.6,67.4,68.3,40,2026-04-30
Abu Dhabi,Al Ain,Saeed Al Mazrouei,Huda Salem,Hassan Raza,BR006,Deira Main,Premium,Improving,KPI02,NPS,HIGHER,67.4,68.3,68.9,40,2026-05-31
Abu Dhabi,Al Ain,Saeed Al Mazrouei,Huda Salem,Hassan Raza,BR006,Deira Main,Premium,Improving,KPI02,NPS,HIGHER,68.3,68.9,70.0,40,2026-06-30
Abu Dhabi,Al Ain,Saeed Al Mazrouei,Huda Salem,Hassan Raza,BR006,Deira Main,Premium,Improving,KPI03,Complaint Rate,LOWER,3.77,3.7,3.57,2.0,2025-07-31
Abu Dhabi,Al Ain,Saeed Al Mazrouei,Huda Salem,Hassan Raza,BR006,Deira Main,Premium,Improving,KPI03,Complaint Rate,LOWER,3.7,3.57,3.5,2.0,2025-08-31
Abu Dhabi,Al Ain,Saeed Al Mazrouei,Huda Salem,Hassan Raza,BR006,Deira Main,Premium,Improving,KPI03,Complaint Rate,LOWER,3.57,3.5,3.51,2.0,2025-09-30
Abu Dhabi,Al Ain,Saeed Al Mazrouei,Huda Salem,Hassan Raza,BR006,Deira Main,Premium,Improving,KPI03,Complaint Rate,LOWER,3.5,3.51,3.28,2.0,2025-10-31
Abu Dhabi,Al Ain,Saeed Al Mazrouei,Huda Salem,Hassan Raza,BR006,Deira Main,Premium,Improving,KPI03,Complaint Rate,LOWER,3.51,3.28,3.21,2.0,2025-11-30
Abu Dhabi,Al Ain,Saeed Al Mazrouei,Huda Salem,Hassan Raza,BR006,Deira Main,Premium,Improving,KPI03,Complaint Rate,LOWER,3.28,3.21,3.21,2.0,2025-12-31
Abu Dhabi,Al Ain,Saeed Al Mazrouei,Huda Salem,Hassan Raza,BR006,Deira Main,Premium,Improving,KPI03,Complaint Rate,LOWER,3.21,3.21,3.03,2.0,2026-01-31
Abu Dhabi,Al Ain,Saeed Al Mazrouei,Huda Salem,Hassan Raza,BR006,Deira Main,Premium,Improving,KPI03,Complaint Rate,LOWER,3.21,3.03,3.05,2.0,2026-02-28
Abu Dhabi,Al Ain,Saeed Al Mazrouei,Huda Salem,Hassan Raza,BR006,Deira Main,Premium,Improving,KPI03,Complaint Rate,LOWER,3.03,3.05,2.85,2.0,2026-03-31
Abu Dhabi,Al Ain,Saeed Al Mazrouei,Huda Salem,Hassan Raza,BR006,Deira Main,Premium,Improving,KPI03,Complaint Rate,LOWER,3.05,2.85,2.77,2.0,2026-04-30
Abu Dhabi,Al Ain,Saeed Al Mazrouei,Huda Salem,Hassan Raza,BR006,Deira Main,Premium,Improving,KPI03,Complaint Rate,LOWER,2.85,2.77,2.72,2.0,2026-05-31
Abu Dhabi,Al Ain,Saeed Al Mazrouei,Huda Salem,Hassan Raza,BR006,Deira Main,Premium,Improving,KPI03,Complaint Rate,LOWER,2.77,2.72,2.61,2.0,2026-06-30
Abu Dhabi,Al Ain,Saeed Al Mazrouei,Huda Salem,Hassan Raza,BR006,Deira Main,Premium,Improving,KPI04,Complaint Volume,LOWER,172.0,172.0,161.0,100,2025-07-31
Abu Dhabi,Al Ain,Saeed Al Mazrouei,Huda Salem,Hassan Raza,BR006,Deira Main,Premium,Improving,KPI04,Complaint Volume,LOWER,172.0,161.0,156.0,100,2025-08-31
Abu Dhabi,Al Ain,Saeed Al Mazrouei,Huda Salem,Hassan Raza,BR006,Deira Main,Premium,Improving,KPI04,Complaint Volume,LOWER,161.0,156.0,151.0,100,2025-09-30
Abu Dhabi,Al Ain,Saeed Al Mazrouei,Huda Salem,Hassan Raza,BR006,Deira Main,Premium,Improving,KPI04,Complaint Volume,LOWER,156.0,151.0,149.0,100,2025-10-31
Abu Dhabi,Al Ain,Saeed Al Mazrouei,Huda Salem,Hassan Raza,BR006,Deira Main,Premium,Improving,KPI04,Complaint Volume,LOWER,151.0,149.0,134.0,100,2025-11-30
Abu Dhabi,Al Ain,Saeed Al Mazrouei,Huda Salem,Hassan Raza,BR006,Deira Main,Premium,Improving,KPI04,Complaint Volume,LOWER,149.0,134.0,123.0,100,2025-12-31
Abu Dhabi,Al Ain,Saeed Al Mazrouei,Huda Salem,Hassan Raza,BR006,Deira Main,Premium,Improving,KPI04,Complaint Volume,LOWER,134.0,123.0,116.0,100,2026-01-31
Abu Dhabi,Al Ain,Saeed Al Mazrouei,Huda Salem,Hassan Raza,BR006,Deira Main,Premium,Improving,KPI04,Complaint Volume,LOWER,123.0,116.0,112.0,100,2026-02-28
Abu Dhabi,Al Ain,Saeed Al Mazrouei,Huda Salem,Hassan Raza,BR006,Deira Main,Premium,Improving,KPI04,Complaint Volume,LOWER,116.0,112.0,105.0,100,2026-03-31
Abu Dhabi,Al Ain,Saeed Al Mazrouei,Huda Salem,Hassan Raza,BR006,Deira Main,Premium,Improving,KPI04,Complaint Volume,LOWER,112.0,105.0,99.0,100,2026-04-30
Abu Dhabi,Al Ain,Saeed Al Mazrouei,Huda Salem,Hassan Raza,BR006,Deira Main,Premium,Improving,KPI04,Complaint Volume,LOWER,105.0,99.0,91.0,100,2026-05-31
Abu Dhabi,Al Ain,Saeed Al Mazrouei,Huda Salem,Hassan Raza,BR006,Deira Main,Premium,Improving,KPI04,Complaint Volume,LOWER,99.0,91.0,85.0,100,2026-06-30
Abu Dhabi,Al Ain,Saeed Al Mazrouei,Huda Salem,Hassan Raza,BR006,Deira Main,Premium,Improving,KPI05,Resolution Time,LOWER,3.93,3.88,3.75,3.0,2025-07-31
Abu Dhabi,Al Ain,Saeed Al Mazrouei,Huda Salem,Hassan Raza,BR006,Deira Main,Premium,Improving,KPI05,Resolution Time,LOWER,3.88,3.75,3.57,3.0,2025-08-31
Abu Dhabi,Al Ain,Saeed Al Mazrouei,Huda Salem,Hassan Raza,BR006,Deira Main,Premium,Improving,KPI05,Resolution Time,LOWER,3.75,3.57,3.48,3.0,2025-09-30
Abu Dhabi,Al Ain,Saeed Al Mazrouei,Huda Salem,Hassan Raza,BR006,Deira Main,Premium,Improving,KPI05,Resolution Time,LOWER,3.57,3.48,3.52,3.0,2025-10-31
Abu Dhabi,Al Ain,Saeed Al Mazrouei,Huda Salem,Hassan Raza,BR006,Deira Main,Premium,Improving,KPI05,Resolution Time,LOWER,3.48,3.52,3.55,3.0,2025-11-30
Abu Dhabi,Al Ain,Saeed Al Mazrouei,Huda Salem,Hassan Raza,BR006,Deira Main,Premium,Improving,KPI05,Resolution Time,LOWER,3.52,3.55,3.49,3.0,2025-12-31
Abu Dhabi,Al Ain,Saeed Al Mazrouei,Huda Salem,Hassan Raza,BR006,Deira Main,Premium,Improving,KPI05,Resolution Time,LOWER,3.55,3.49,3.35,3.0,2026-01-31
Abu Dhabi,Al Ain,Saeed Al Mazrouei,Huda Salem,Hassan Raza,BR006,Deira Main,Premium,Improving,KPI05,Resolution Time,LOWER,3.49,3.35,3.12,3.0,2026-02-28
Abu Dhabi,Al Ain,Saeed Al Mazrouei,Huda Salem,Hassan Raza,BR006,Deira Main,Premium,Improving,KPI05,Resolution Time,LOWER,3.35,3.12,2.94,3.0,2026-03-31
Abu Dhabi,Al Ain,Saeed Al Mazrouei,Huda Salem,Hassan Raza,BR006,Deira Main,Premium,Improving,KPI05,Resolution Time,LOWER,3.12,2.94,2.92,3.0,2026-04-30
Abu Dhabi,Al Ain,Saeed Al Mazrouei,Huda Salem,Hassan Raza,BR006,Deira Main,Premium,Improving,KPI05,Resolution Time,LOWER,2.94,2.92,2.92,3.0,2026-05-31
Abu Dhabi,Al Ain,Saeed Al Mazrouei,Huda Salem,Hassan Raza,BR006,Deira Main,Premium,Improving,KPI05,Resolution Time,LOWER,2.92,2.92,2.63,3.0,2026-06-30
Abu Dhabi,Al Ain,Saeed Al Mazrouei,Huda Salem,Hassan Raza,BR006,Deira Main,Premium,Improving,KPI06,SLA Compliance,HIGHER,88.3,88.8,88.7,95,2025-07-31
Abu Dhabi,Al Ain,Saeed Al Mazrouei,Huda Salem,Hassan Raza,BR006,Deira Main,Premium,Improving,KPI06,SLA Compliance,HIGHER,88.8,88.7,88.7,95,2025-08-31
Abu Dhabi,Al Ain,Saeed Al Mazrouei,Huda Salem,Hassan Raza,BR006,Deira Main,Premium,Improving,KPI06,SLA Compliance,HIGHER,88.7,88.7,89.4,95,2025-09-30
Abu Dhabi,Al Ain,Saeed Al Mazrouei,Huda Salem,Hassan Raza,BR006,Deira Main,Premium,Improving,KPI06,SLA Compliance,HIGHER,88.7,89.4,89.6,95,2025-10-31
Abu Dhabi,Al Ain,Saeed Al Mazrouei,Huda Salem,Hassan Raza,BR006,Deira Main,Premium,Improving,KPI06,SLA Compliance,HIGHER,89.4,89.6,89.7,95,2025-11-30
Abu Dhabi,Al Ain,Saeed Al Mazrouei,Huda Salem,Hassan Raza,BR006,Deira Main,Premium,Improving,KPI06,SLA Compliance,HIGHER,89.6,89.7,90.1,95,2025-12-31
Abu Dhabi,Al Ain,Saeed Al Mazrouei,Huda Salem,Hassan Raza,BR006,Deira Main,Premium,Improving,KPI06,SLA Compliance,HIGHER,89.7,90.1,90.4,95,2026-01-31
Abu Dhabi,Al Ain,Saeed Al Mazrouei,Huda Salem,Hassan Raza,BR006,Deira Main,Premium,Improving,KPI06,SLA Compliance,HIGHER,90.1,90.4,90.5,95,2026-02-28
Abu Dhabi,Al Ain,Saeed Al Mazrouei,Huda Salem,Hassan Raza,BR006,Deira Main,Premium,Improving,KPI06,SLA Compliance,HIGHER,90.4,90.5,90.9,95,2026-03-31
Abu Dhabi,Al Ain,Saeed Al Mazrouei,Huda Salem,Hassan Raza,BR006,Deira Main,Premium,Improving,KPI06,SLA Compliance,HIGHER,90.5,90.9,91.1,95,2026-04-30
Abu Dhabi,Al Ain,Saeed Al Mazrouei,Huda Salem,Hassan Raza,BR006,Deira Main,Premium,Improving,KPI06,SLA Compliance,HIGHER,90.9,91.1,90.7,95,2026-05-31
Abu Dhabi,Al Ain,Saeed Al Mazrouei,Huda Salem,Hassan Raza,BR006,Deira Main,Premium,Improving,KPI06,SLA Compliance,HIGHER,91.1,90.7,91.3,95,2026-06-30
Abu Dhabi,Al Ain,Saeed Al Mazrouei,Huda Salem,Hassan Raza,BR006,Deira Main,Premium,Improving,KPI07,First Contact Resolution,HIGHER,73.8,73.7,74.8,85,2025-07-31
Abu Dhabi,Al Ain,Saeed Al Mazrouei,Huda Salem,Hassan Raza,BR006,Deira Main,Premium,Improving,KPI07,First Contact Resolution,HIGHER,73.7,74.8,74.6,85,2025-08-31
Abu Dhabi,Al Ain,Saeed Al Mazrouei,Huda Salem,Hassan Raza,BR006,Deira Main,Premium,Improving,KPI07,First Contact Resolution,HIGHER,74.8,74.6,75.4,85,2025-09-30
Abu Dhabi,Al Ain,Saeed Al Mazrouei,Huda Salem,Hassan Raza,BR006,Deira Main,Premium,Improving,KPI07,First Contact Resolution,HIGHER,74.6,75.4,75.6,85,2025-10-31
Abu Dhabi,Al Ain,Saeed Al Mazrouei,Huda Salem,Hassan Raza,BR006,Deira Main,Premium,Improving,KPI07,First Contact Resolution,HIGHER,75.4,75.6,75.9,85,2025-11-30
Abu Dhabi,Al Ain,Saeed Al Mazrouei,Huda Salem,Hassan Raza,BR006,Deira Main,Premium,Improving,KPI07,First Contact Resolution,HIGHER,75.6,75.9,77.0,85,2025-12-31
Abu Dhabi,Al Ain,Saeed Al Mazrouei,Huda Salem,Hassan Raza,BR006,Deira Main,Premium,Improving,KPI07,First Contact Resolution,HIGHER,75.9,77.0,77.6,85,2026-01-31
Abu Dhabi,Al Ain,Saeed Al Mazrouei,Huda Salem,Hassan Raza,BR006,Deira Main,Premium,Improving,KPI07,First Contact Resolution,HIGHER,77.0,77.6,77.3,85,2026-02-28
Abu Dhabi,Al Ain,Saeed Al Mazrouei,Huda Salem,Hassan Raza,BR006,Deira Main,Premium,Improving,KPI07,First Contact Resolution,HIGHER,77.6,77.3,78.0,85,2026-03-31
Abu Dhabi,Al Ain,Saeed Al Mazrouei,Huda Salem,Hassan Raza,BR006,Deira Main,Premium,Improving,KPI07,First Contact Resolution,HIGHER,77.3,78.0,78.5,85,2026-04-30
Abu Dhabi,Al Ain,Saeed Al Mazrouei,Huda Salem,Hassan Raza,BR006,Deira Main,Premium,Improving,KPI07,First Contact Resolution,HIGHER,78.0,78.5,78.4,85,2026-05-31
Abu Dhabi,Al Ain,Saeed Al Mazrouei,Huda Salem,Hassan Raza,BR006,Deira Main,Premium,Improving,KPI07,First Contact Resolution,HIGHER,78.5,78.4,78.2,85,2026-06-30
Abu Dhabi,Al Ain,Saeed Al Mazrouei,Huda Salem,Hassan Raza,BR006,Deira Main,Premium,Improving,KPI08,Customer Effort Score,LOWER,5.13,5.02,5.01,3.0,2025-07-31
Abu Dhabi,Al Ain,Saeed Al Mazrouei,Huda Salem,Hassan Raza,BR006,Deira Main,Premium,Improving,KPI08,Customer Effort Score,LOWER,5.02,5.01,4.99,3.0,2025-08-31
Abu Dhabi,Al Ain,Saeed Al Mazrouei,Huda Salem,Hassan Raza,BR006,Deira Main,Premium,Improving,KPI08,Customer Effort Score,LOWER,5.01,4.99,4.97,3.0,2025-09-30
Abu Dhabi,Al Ain,Saeed Al Mazrouei,Huda Salem,Hassan Raza,BR006,Deira Main,Premium,Improving,KPI08,Customer Effort Score,LOWER,4.99,4.97,4.87,3.0,2025-10-31
Abu Dhabi,Al Ain,Saeed Al Mazrouei,Huda Salem,Hassan Raza,BR006,Deira Main,Premium,Improving,KPI08,Customer Effort Score,LOWER,4.97,4.87,4.78,3.0,2025-11-30
Abu Dhabi,Al Ain,Saeed Al Mazrouei,Huda Salem,Hassan Raza,BR006,Deira Main,Premium,Improving,KPI08,Customer Effort Score,LOWER,4.87,4.78,4.62,3.0,2025-12-31
Abu Dhabi,Al Ain,Saeed Al Mazrouei,Huda Salem,Hassan Raza,BR006,Deira Main,Premium,Improving,KPI08,Customer Effort Score,LOWER,4.78,4.62,4.64,3.0,2026-01-31
Abu Dhabi,Al Ain,Saeed Al Mazrouei,Huda Salem,Hassan Raza,BR006,Deira Main,Premium,Improving,KPI08,Customer Effort Score,LOWER,4.62,4.64,4.61,3.0,2026-02-28
Abu Dhabi,Al Ain,Saeed Al Mazrouei,Huda Salem,Hassan Raza,BR006,Deira Main,Premium,Improving,KPI08,Customer Effort Score,LOWER,4.64,4.61,4.53,3.0,2026-03-31
Abu Dhabi,Al Ain,Saeed Al Mazrouei,Huda Salem,Hassan Raza,BR006,Deira Main,Premium,Improving,KPI08,Customer Effort Score,LOWER,4.61,4.53,4.52,3.0,2026-04-30
Abu Dhabi,Al Ain,Saeed Al Mazrouei,Huda Salem,Hassan Raza,BR006,Deira Main,Premium,Improving,KPI08,Customer Effort Score,LOWER,4.53,4.52,4.49,3.0,2026-05-31
Abu Dhabi,Al Ain,Saeed Al Mazrouei,Huda Salem,Hassan Raza,BR006,Deira Main,Premium,Improving,KPI08,Customer Effort Score,LOWER,4.52,4.49,4.48,3.0,2026-06-30
Abu Dhabi,Al Ain,Saeed Al Mazrouei,Huda Salem,Hassan Raza,BR006,Deira Main,Premium,Improving,KPI09,Digital Adoption Rate,HIGHER,73.2,73.6,75.4,75,2025-07-31
Abu Dhabi,Al Ain,Saeed Al Mazrouei,Huda Salem,Hassan Raza,BR006,Deira Main,Premium,Improving,KPI09,Digital Adoption Rate,HIGHER,73.6,75.4,76.6,75,2025-08-31
Abu Dhabi,Al Ain,Saeed Al Mazrouei,Huda Salem,Hassan Raza,BR006,Deira Main,Premium,Improving,KPI09,Digital Adoption Rate,HIGHER,75.4,76.6,77.1,75,2025-09-30
Abu Dhabi,Al Ain,Saeed Al Mazrouei,Huda Salem,Hassan Raza,BR006,Deira Main,Premium,Improving,KPI09,Digital Adoption Rate,HIGHER,76.6,77.1,77.5,75,2025-10-31
Abu Dhabi,Al Ain,Saeed Al Mazrouei,Huda Salem,Hassan Raza,BR006,Deira Main,Premium,Improving,KPI09,Digital Adoption Rate,HIGHER,77.1,77.5,78.5,75,2025-11-30
Abu Dhabi,Al Ain,Saeed Al Mazrouei,Huda Salem,Hassan Raza,BR006,Deira Main,Premium,Improving,KPI09,Digital Adoption Rate,HIGHER,77.5,78.5,79.1,75,2025-12-31
Abu Dhabi,Al Ain,Saeed Al Mazrouei,Huda Salem,Hassan Raza,BR006,Deira Main,Premium,Improving,KPI09,Digital Adoption Rate,HIGHER,78.5,79.1,79.4,75,2026-01-31
Abu Dhabi,Al Ain,Saeed Al Mazrouei,Huda Salem,Hassan Raza,BR006,Deira Main,Premium,Improving,KPI09,Digital Adoption Rate,HIGHER,79.1,79.4,80.2,75,2026-02-28
Abu Dhabi,Al Ain,Saeed Al Mazrouei,Huda Salem,Hassan Raza,BR006,Deira Main,Premium,Improving,KPI09,Digital Adoption Rate,HIGHER,79.4,80.2,80.9,75,2026-03-31
Abu Dhabi,Al Ain,Saeed Al Mazrouei,Huda Salem,Hassan Raza,BR006,Deira Main,Premium,Improving,KPI09,Digital Adoption Rate,HIGHER,80.2,80.9,81.7,75,2026-04-30
Abu Dhabi,Al Ain,Saeed Al Mazrouei,Huda Salem,Hassan Raza,BR006,Deira Main,Premium,Improving,KPI09,Digital Adoption Rate,HIGHER,80.9,81.7,82.9,75,2026-05-31
Abu Dhabi,Al Ain,Saeed Al Mazrouei,Huda Salem,Hassan Raza,BR006,Deira Main,Premium,Improving,KPI09,Digital Adoption Rate,HIGHER,81.7,82.9,82.4,75,2026-06-30
Abu Dhabi,Al Ain,Saeed Al Mazrouei,Huda Salem,Hassan Raza,BR006,Deira Main,Premium,Improving,KPI10,Repeat Complaint Rate,LOWER,15.0,14.9,14.3,8,2025-07-31
Abu Dhabi,Al Ain,Saeed Al Mazrouei,Huda Salem,Hassan Raza,BR006,Deira Main,Premium,Improving,KPI10,Repeat Complaint Rate,LOWER,14.9,14.3,14.3,8,2025-08-31
Abu Dhabi,Al Ain,Saeed Al Mazrouei,Huda Salem,Hassan Raza,BR006,Deira Main,Premium,Improving,KPI10,Repeat Complaint Rate,LOWER,14.3,14.3,13.8,8,2025-09-30
Abu Dhabi,Al Ain,Saeed Al Mazrouei,Huda Salem,Hassan Raza,BR006,Deira Main,Premium,Improving,KPI10,Repeat Complaint Rate,LOWER,14.3,13.8,13.2,8,2025-10-31
Abu Dhabi,Al Ain,Saeed Al Mazrouei,Huda Salem,Hassan Raza,BR006,Deira Main,Premium,Improving,KPI10,Repeat Complaint Rate,LOWER,13.8,13.2,12.9,8,2025-11-30
Abu Dhabi,Al Ain,Saeed Al Mazrouei,Huda Salem,Hassan Raza,BR006,Deira Main,Premium,Improving,KPI10,Repeat Complaint Rate,LOWER,13.2,12.9,13.1,8,2025-12-31
Abu Dhabi,Al Ain,Saeed Al Mazrouei,Huda Salem,Hassan Raza,BR006,Deira Main,Premium,Improving,KPI10,Repeat Complaint Rate,LOWER,12.9,13.1,12.8,8,2026-01-31
Abu Dhabi,Al Ain,Saeed Al Mazrouei,Huda Salem,Hassan Raza,BR006,Deira Main,Premium,Improving,KPI10,Repeat Complaint Rate,LOWER,13.1,12.8,12.7,8,2026-02-28
Abu Dhabi,Al Ain,Saeed Al Mazrouei,Huda Salem,Hassan Raza,BR006,Deira Main,Premium,Improving,KPI10,Repeat Complaint Rate,LOWER,12.8,12.7,12.2,8,2026-03-31
Abu Dhabi,Al Ain,Saeed Al Mazrouei,Huda Salem,Hassan Raza,BR006,Deira Main,Premium,Improving,KPI10,Repeat Complaint Rate,LOWER,12.7,12.2,11.9,8,2026-04-30
Abu Dhabi,Al Ain,Saeed Al Mazrouei,Huda Salem,Hassan Raza,BR006,Deira Main,Premium,Improving,KPI10,Repeat Complaint Rate,LOWER,12.2,11.9,11.2,8,2026-05-31
Abu Dhabi,Al Ain,Saeed Al Mazrouei,Huda Salem,Hassan Raza,BR006,Deira Main,Premium,Improving,KPI10,Repeat Complaint Rate,LOWER,11.9,11.2,10.7,8,2026-06-30
Sharjah,Al Majaz,Aisha Al Qasimi,Rami Youssef,Nadia Karim,BR007,Mirdif,Standard,Declining,KPI01,CSAT,HIGHER,89.2,89.7,89.1,85,2025-07-31
Sharjah,Al Majaz,Aisha Al Qasimi,Rami Youssef,Nadia Karim,BR007,Mirdif,Standard,Declining,KPI01,CSAT,HIGHER,89.7,89.1,88.4,85,2025-08-31
Sharjah,Al Majaz,Aisha Al Qasimi,Rami Youssef,Nadia Karim,BR007,Mirdif,Standard,Declining,KPI01,CSAT,HIGHER,89.1,88.4,87.5,85,2025-09-30
Sharjah,Al Majaz,Aisha Al Qasimi,Rami Youssef,Nadia Karim,BR007,Mirdif,Standard,Declining,KPI01,CSAT,HIGHER,88.4,87.5,86.9,85,2025-10-31
Sharjah,Al Majaz,Aisha Al Qasimi,Rami Youssef,Nadia Karim,BR007,Mirdif,Standard,Declining,KPI01,CSAT,HIGHER,87.5,86.9,86.4,85,2025-11-30
Sharjah,Al Majaz,Aisha Al Qasimi,Rami Youssef,Nadia Karim,BR007,Mirdif,Standard,Declining,KPI01,CSAT,HIGHER,86.9,86.4,85.9,85,2025-12-31
Sharjah,Al Majaz,Aisha Al Qasimi,Rami Youssef,Nadia Karim,BR007,Mirdif,Standard,Declining,KPI01,CSAT,HIGHER,86.4,85.9,85.1,85,2026-01-31
Sharjah,Al Majaz,Aisha Al Qasimi,Rami Youssef,Nadia Karim,BR007,Mirdif,Standard,Declining,KPI01,CSAT,HIGHER,85.9,85.1,84.5,85,2026-02-28
Sharjah,Al Majaz,Aisha Al Qasimi,Rami Youssef,Nadia Karim,BR007,Mirdif,Standard,Declining,KPI01,CSAT,HIGHER,85.1,84.5,84.3,85,2026-03-31
Sharjah,Al Majaz,Aisha Al Qasimi,Rami Youssef,Nadia Karim,BR007,Mirdif,Standard,Declining,KPI01,CSAT,HIGHER,84.5,84.3,83.7,85,2026-04-30
Sharjah,Al Majaz,Aisha Al Qasimi,Rami Youssef,Nadia Karim,BR007,Mirdif,Standard,Declining,KPI01,CSAT,HIGHER,84.3,83.7,83.4,85,2026-05-31
Sharjah,Al Majaz,Aisha Al Qasimi,Rami Youssef,Nadia Karim,BR007,Mirdif,Standard,Declining,KPI01,CSAT,HIGHER,83.7,83.4,82.5,85,2026-06-30
Sharjah,Al Majaz,Aisha Al Qasimi,Rami Youssef,Nadia Karim,BR007,Mirdif,Standard,Declining,KPI02,NPS,HIGHER,27.4,25.5,24.0,40,2025-07-31
Sharjah,Al Majaz,Aisha Al Qasimi,Rami Youssef,Nadia Karim,BR007,Mirdif,Standard,Declining,KPI02,NPS,HIGHER,25.5,24.0,21.8,40,2025-08-31
Sharjah,Al Majaz,Aisha Al Qasimi,Rami Youssef,Nadia Karim,BR007,Mirdif,Standard,Declining,KPI02,NPS,HIGHER,24.0,21.8,20.0,40,2025-09-30
Sharjah,Al Majaz,Aisha Al Qasimi,Rami Youssef,Nadia Karim,BR007,Mirdif,Standard,Declining,KPI02,NPS,HIGHER,21.8,20.0,17.7,40,2025-10-31
Sharjah,Al Majaz,Aisha Al Qasimi,Rami Youssef,Nadia Karim,BR007,Mirdif,Standard,Declining,KPI02,NPS,HIGHER,20.0,17.7,15.5,40,2025-11-30
Sharjah,Al Majaz,Aisha Al Qasimi,Rami Youssef,Nadia Karim,BR007,Mirdif,Standard,Declining,KPI02,NPS,HIGHER,17.7,15.5,13.3,40,2025-12-31
Sharjah,Al Majaz,Aisha Al Qasimi,Rami Youssef,Nadia Karim,BR007,Mirdif,Standard,Declining,KPI02,NPS,HIGHER,15.5,13.3,11.8,40,2026-01-31
Sharjah,Al Majaz,Aisha Al Qasimi,Rami Youssef,Nadia Karim,BR007,Mirdif,Standard,Declining,KPI02,NPS,HIGHER,13.3,11.8,10.3,40,2026-02-28
Sharjah,Al Majaz,Aisha Al Qasimi,Rami Youssef,Nadia Karim,BR007,Mirdif,Standard,Declining,KPI02,NPS,HIGHER,11.8,10.3,8.3,40,2026-03-31
Sharjah,Al Majaz,Aisha Al Qasimi,Rami Youssef,Nadia Karim,BR007,Mirdif,Standard,Declining,KPI02,NPS,HIGHER,10.3,8.3,7.7,40,2026-04-30
Sharjah,Al Majaz,Aisha Al Qasimi,Rami Youssef,Nadia Karim,BR007,Mirdif,Standard,Declining,KPI02,NPS,HIGHER,8.3,7.7,6.7,40,2026-05-31
Sharjah,Al Majaz,Aisha Al Qasimi,Rami Youssef,Nadia Karim,BR007,Mirdif,Standard,Declining,KPI02,NPS,HIGHER,7.7,6.7,5.3,40,2026-06-30
Sharjah,Al Majaz,Aisha Al Qasimi,Rami Youssef,Nadia Karim,BR007,Mirdif,Standard,Declining,KPI03,Complaint Rate,LOWER,2.25,2.29,2.41,2.0,2025-07-31
Sharjah,Al Majaz,Aisha Al Qasimi,Rami Youssef,Nadia Karim,BR007,Mirdif,Standard,Declining,KPI03,Complaint Rate,LOWER,2.29,2.41,2.55,2.0,2025-08-31
Sharjah,Al Majaz,Aisha Al Qasimi,Rami Youssef,Nadia Karim,BR007,Mirdif,Standard,Declining,KPI03,Complaint Rate,LOWER,2.41,2.55,2.7,2.0,2025-09-30
Sharjah,Al Majaz,Aisha Al Qasimi,Rami Youssef,Nadia Karim,BR007,Mirdif,Standard,Declining,KPI03,Complaint Rate,LOWER,2.55,2.7,2.76,2.0,2025-10-31
Sharjah,Al Majaz,Aisha Al Qasimi,Rami Youssef,Nadia Karim,BR007,Mirdif,Standard,Declining,KPI03,Complaint Rate,LOWER,2.7,2.76,2.93,2.0,2025-11-30
Sharjah,Al Majaz,Aisha Al Qasimi,Rami Youssef,Nadia Karim,BR007,Mirdif,Standard,Declining,KPI03,Complaint Rate,LOWER,2.76,2.93,2.95,2.0,2025-12-31
Sharjah,Al Majaz,Aisha Al Qasimi,Rami Youssef,Nadia Karim,BR007,Mirdif,Standard,Declining,KPI03,Complaint Rate,LOWER,2.93,2.95,3.02,2.0,2026-01-31
Sharjah,Al Majaz,Aisha Al Qasimi,Rami Youssef,Nadia Karim,BR007,Mirdif,Standard,Declining,KPI03,Complaint Rate,LOWER,2.95,3.02,3.21,2.0,2026-02-28
Sharjah,Al Majaz,Aisha Al Qasimi,Rami Youssef,Nadia Karim,BR007,Mirdif,Standard,Declining,KPI03,Complaint Rate,LOWER,3.02,3.21,3.18,2.0,2026-03-31
Sharjah,Al Majaz,Aisha Al Qasimi,Rami Youssef,Nadia Karim,BR007,Mirdif,Standard,Declining,KPI03,Complaint Rate,LOWER,3.21,3.18,3.26,2.0,2026-04-30
Sharjah,Al Majaz,Aisha Al Qasimi,Rami Youssef,Nadia Karim,BR007,Mirdif,Standard,Declining,KPI03,Complaint Rate,LOWER,3.18,3.26,3.34,2.0,2026-05-31
Sharjah,Al Majaz,Aisha Al Qasimi,Rami Youssef,Nadia Karim,BR007,Mirdif,Standard,Declining,KPI03,Complaint Rate,LOWER,3.26,3.34,3.36,2.0,2026-06-30
Sharjah,Al Majaz,Aisha Al Qasimi,Rami Youssef,Nadia Karim,BR007,Mirdif,Standard,Declining,KPI04,Complaint Volume,LOWER,71.0,75.0,87.0,100,2025-07-31
Sharjah,Al Majaz,Aisha Al Qasimi,Rami Youssef,Nadia Karim,BR007,Mirdif,Standard,Declining,KPI04,Complaint Volume,LOWER,75.0,87.0,90.0,100,2025-08-31
Sharjah,Al Majaz,Aisha Al Qasimi,Rami Youssef,Nadia Karim,BR007,Mirdif,Standard,Declining,KPI04,Complaint Volume,LOWER,87.0,90.0,92.0,100,2025-09-30
Sharjah,Al Majaz,Aisha Al Qasimi,Rami Youssef,Nadia Karim,BR007,Mirdif,Standard,Declining,KPI04,Complaint Volume,LOWER,90.0,92.0,87.0,100,2025-10-31
Sharjah,Al Majaz,Aisha Al Qasimi,Rami Youssef,Nadia Karim,BR007,Mirdif,Standard,Declining,KPI04,Complaint Volume,LOWER,92.0,87.0,98.0,100,2025-11-30
Sharjah,Al Majaz,Aisha Al Qasimi,Rami Youssef,Nadia Karim,BR007,Mirdif,Standard,Declining,KPI04,Complaint Volume,LOWER,87.0,98.0,101.0,100,2025-12-31
Sharjah,Al Majaz,Aisha Al Qasimi,Rami Youssef,Nadia Karim,BR007,Mirdif,Standard,Declining,KPI04,Complaint Volume,LOWER,98.0,101.0,101.0,100,2026-01-31
Sharjah,Al Majaz,Aisha Al Qasimi,Rami Youssef,Nadia Karim,BR007,Mirdif,Standard,Declining,KPI04,Complaint Volume,LOWER,101.0,101.0,110.0,100,2026-02-28
Sharjah,Al Majaz,Aisha Al Qasimi,Rami Youssef,Nadia Karim,BR007,Mirdif,Standard,Declining,KPI04,Complaint Volume,LOWER,101.0,110.0,119.0,100,2026-03-31
Sharjah,Al Majaz,Aisha Al Qasimi,Rami Youssef,Nadia Karim,BR007,Mirdif,Standard,Declining,KPI04,Complaint Volume,LOWER,110.0,119.0,124.0,100,2026-04-30
Sharjah,Al Majaz,Aisha Al Qasimi,Rami Youssef,Nadia Karim,BR007,Mirdif,Standard,Declining,KPI04,Complaint Volume,LOWER,119.0,124.0,123.0,100,2026-05-31
Sharjah,Al Majaz,Aisha Al Qasimi,Rami Youssef,Nadia Karim,BR007,Mirdif,Standard,Declining,KPI04,Complaint Volume,LOWER,124.0,123.0,129.0,100,2026-06-30
Sharjah,Al Majaz,Aisha Al Qasimi,Rami Youssef,Nadia Karim,BR007,Mirdif,Standard,Declining,KPI05,Resolution Time,LOWER,5.0,5.02,5.15,3.0,2025-07-31
Sharjah,Al Majaz,Aisha Al Qasimi,Rami Youssef,Nadia Karim,BR007,Mirdif,Standard,Declining,KPI05,Resolution Time,LOWER,5.02,5.15,5.23,3.0,2025-08-31
Sharjah,Al Majaz,Aisha Al Qasimi,Rami Youssef,Nadia Karim,BR007,Mirdif,Standard,Declining,KPI05,Resolution Time,LOWER,5.15,5.23,5.33,3.0,2025-09-30
Sharjah,Al Majaz,Aisha Al Qasimi,Rami Youssef,Nadia Karim,BR007,Mirdif,Standard,Declining,KPI05,Resolution Time,LOWER,5.23,5.33,5.44,3.0,2025-10-31
Sharjah,Al Majaz,Aisha Al Qasimi,Rami Youssef,Nadia Karim,BR007,Mirdif,Standard,Declining,KPI05,Resolution Time,LOWER,5.33,5.44,5.61,3.0,2025-11-30
Sharjah,Al Majaz,Aisha Al Qasimi,Rami Youssef,Nadia Karim,BR007,Mirdif,Standard,Declining,KPI05,Resolution Time,LOWER,5.44,5.61,5.64,3.0,2025-12-31
Sharjah,Al Majaz,Aisha Al Qasimi,Rami Youssef,Nadia Karim,BR007,Mirdif,Standard,Declining,KPI05,Resolution Time,LOWER,5.61,5.64,5.78,3.0,2026-01-31
Sharjah,Al Majaz,Aisha Al Qasimi,Rami Youssef,Nadia Karim,BR007,Mirdif,Standard,Declining,KPI05,Resolution Time,LOWER,5.64,5.78,5.85,3.0,2026-02-28
Sharjah,Al Majaz,Aisha Al Qasimi,Rami Youssef,Nadia Karim,BR007,Mirdif,Standard,Declining,KPI05,Resolution Time,LOWER,5.78,5.85,6.07,3.0,2026-03-31
Sharjah,Al Majaz,Aisha Al Qasimi,Rami Youssef,Nadia Karim,BR007,Mirdif,Standard,Declining,KPI05,Resolution Time,LOWER,5.85,6.07,6.22,3.0,2026-04-30
Sharjah,Al Majaz,Aisha Al Qasimi,Rami Youssef,Nadia Karim,BR007,Mirdif,Standard,Declining,KPI05,Resolution Time,LOWER,6.07,6.22,6.37,3.0,2026-05-31
Sharjah,Al Majaz,Aisha Al Qasimi,Rami Youssef,Nadia Karim,BR007,Mirdif,Standard,Declining,KPI05,Resolution Time,LOWER,6.22,6.37,6.43,3.0,2026-06-30
Sharjah,Al Majaz,Aisha Al Qasimi,Rami Youssef,Nadia Karim,BR007,Mirdif,Standard,Declining,KPI06,SLA Compliance,HIGHER,85.9,86.1,85.5,95,2025-07-31
Sharjah,Al Majaz,Aisha Al Qasimi,Rami Youssef,Nadia Karim,BR007,Mirdif,Standard,Declining,KPI06,SLA Compliance,HIGHER,86.1,85.5,85.4,95,2025-08-31
Sharjah,Al Majaz,Aisha Al Qasimi,Rami Youssef,Nadia Karim,BR007,Mirdif,Standard,Declining,KPI06,SLA Compliance,HIGHER,85.5,85.4,85.6,95,2025-09-30
Sharjah,Al Majaz,Aisha Al Qasimi,Rami Youssef,Nadia Karim,BR007,Mirdif,Standard,Declining,KPI06,SLA Compliance,HIGHER,85.4,85.6,85.6,95,2025-10-31
Sharjah,Al Majaz,Aisha Al Qasimi,Rami Youssef,Nadia Karim,BR007,Mirdif,Standard,Declining,KPI06,SLA Compliance,HIGHER,85.6,85.6,85.4,95,2025-11-30
Sharjah,Al Majaz,Aisha Al Qasimi,Rami Youssef,Nadia Karim,BR007,Mirdif,Standard,Declining,KPI06,SLA Compliance,HIGHER,85.6,85.4,85.2,95,2025-12-31
Sharjah,Al Majaz,Aisha Al Qasimi,Rami Youssef,Nadia Karim,BR007,Mirdif,Standard,Declining,KPI06,SLA Compliance,HIGHER,85.4,85.2,84.5,95,2026-01-31
Sharjah,Al Majaz,Aisha Al Qasimi,Rami Youssef,Nadia Karim,BR007,Mirdif,Standard,Declining,KPI06,SLA Compliance,HIGHER,85.2,84.5,83.5,95,2026-02-28
Sharjah,Al Majaz,Aisha Al Qasimi,Rami Youssef,Nadia Karim,BR007,Mirdif,Standard,Declining,KPI06,SLA Compliance,HIGHER,84.5,83.5,83.4,95,2026-03-31
Sharjah,Al Majaz,Aisha Al Qasimi,Rami Youssef,Nadia Karim,BR007,Mirdif,Standard,Declining,KPI06,SLA Compliance,HIGHER,83.5,83.4,82.9,95,2026-04-30
Sharjah,Al Majaz,Aisha Al Qasimi,Rami Youssef,Nadia Karim,BR007,Mirdif,Standard,Declining,KPI06,SLA Compliance,HIGHER,83.4,82.9,82.4,95,2026-05-31
Sharjah,Al Majaz,Aisha Al Qasimi,Rami Youssef,Nadia Karim,BR007,Mirdif,Standard,Declining,KPI06,SLA Compliance,HIGHER,82.9,82.4,81.7,95,2026-06-30
Sharjah,Al Majaz,Aisha Al Qasimi,Rami Youssef,Nadia Karim,BR007,Mirdif,Standard,Declining,KPI07,First Contact Resolution,HIGHER,75.2,75.0,73.6,85,2025-07-31
Sharjah,Al Majaz,Aisha Al Qasimi,Rami Youssef,Nadia Karim,BR007,Mirdif,Standard,Declining,KPI07,First Contact Resolution,HIGHER,75.0,73.6,73.6,85,2025-08-31
Sharjah,Al Majaz,Aisha Al Qasimi,Rami Youssef,Nadia Karim,BR007,Mirdif,Standard,Declining,KPI07,First Contact Resolution,HIGHER,73.6,73.6,73.5,85,2025-09-30
Sharjah,Al Majaz,Aisha Al Qasimi,Rami Youssef,Nadia Karim,BR007,Mirdif,Standard,Declining,KPI07,First Contact Resolution,HIGHER,73.6,73.5,73.1,85,2025-10-31
Sharjah,Al Majaz,Aisha Al Qasimi,Rami Youssef,Nadia Karim,BR007,Mirdif,Standard,Declining,KPI07,First Contact Resolution,HIGHER,73.5,73.1,71.6,85,2025-11-30
Sharjah,Al Majaz,Aisha Al Qasimi,Rami Youssef,Nadia Karim,BR007,Mirdif,Standard,Declining,KPI07,First Contact Resolution,HIGHER,73.1,71.6,71.4,85,2025-12-31
Sharjah,Al Majaz,Aisha Al Qasimi,Rami Youssef,Nadia Karim,BR007,Mirdif,Standard,Declining,KPI07,First Contact Resolution,HIGHER,71.6,71.4,71.0,85,2026-01-31
Sharjah,Al Majaz,Aisha Al Qasimi,Rami Youssef,Nadia Karim,BR007,Mirdif,Standard,Declining,KPI07,First Contact Resolution,HIGHER,71.4,71.0,70.3,85,2026-02-28
Sharjah,Al Majaz,Aisha Al Qasimi,Rami Youssef,Nadia Karim,BR007,Mirdif,Standard,Declining,KPI07,First Contact Resolution,HIGHER,71.0,70.3,69.6,85,2026-03-31
Sharjah,Al Majaz,Aisha Al Qasimi,Rami Youssef,Nadia Karim,BR007,Mirdif,Standard,Declining,KPI07,First Contact Resolution,HIGHER,70.3,69.6,68.5,85,2026-04-30
Sharjah,Al Majaz,Aisha Al Qasimi,Rami Youssef,Nadia Karim,BR007,Mirdif,Standard,Declining,KPI07,First Contact Resolution,HIGHER,69.6,68.5,68.4,85,2026-05-31
Sharjah,Al Majaz,Aisha Al Qasimi,Rami Youssef,Nadia Karim,BR007,Mirdif,Standard,Declining,KPI07,First Contact Resolution,HIGHER,68.5,68.4,67.8,85,2026-06-30
Sharjah,Al Majaz,Aisha Al Qasimi,Rami Youssef,Nadia Karim,BR007,Mirdif,Standard,Declining,KPI08,Customer Effort Score,LOWER,3.34,3.43,3.52,3.0,2025-07-31
Sharjah,Al Majaz,Aisha Al Qasimi,Rami Youssef,Nadia Karim,BR007,Mirdif,Standard,Declining,KPI08,Customer Effort Score,LOWER,3.43,3.52,3.53,3.0,2025-08-31
Sharjah,Al Majaz,Aisha Al Qasimi,Rami Youssef,Nadia Karim,BR007,Mirdif,Standard,Declining,KPI08,Customer Effort Score,LOWER,3.52,3.53,3.56,3.0,2025-09-30
Sharjah,Al Majaz,Aisha Al Qasimi,Rami Youssef,Nadia Karim,BR007,Mirdif,Standard,Declining,KPI08,Customer Effort Score,LOWER,3.53,3.56,3.56,3.0,2025-10-31
Sharjah,Al Majaz,Aisha Al Qasimi,Rami Youssef,Nadia Karim,BR007,Mirdif,Standard,Declining,KPI08,Customer Effort Score,LOWER,3.56,3.56,3.61,3.0,2025-11-30
Sharjah,Al Majaz,Aisha Al Qasimi,Rami Youssef,Nadia Karim,BR007,Mirdif,Standard,Declining,KPI08,Customer Effort Score,LOWER,3.56,3.61,3.66,3.0,2025-12-31
Sharjah,Al Majaz,Aisha Al Qasimi,Rami Youssef,Nadia Karim,BR007,Mirdif,Standard,Declining,KPI08,Customer Effort Score,LOWER,3.61,3.66,3.73,3.0,2026-01-31
Sharjah,Al Majaz,Aisha Al Qasimi,Rami Youssef,Nadia Karim,BR007,Mirdif,Standard,Declining,KPI08,Customer Effort Score,LOWER,3.66,3.73,3.76,3.0,2026-02-28
Sharjah,Al Majaz,Aisha Al Qasimi,Rami Youssef,Nadia Karim,BR007,Mirdif,Standard,Declining,KPI08,Customer Effort Score,LOWER,3.73,3.76,3.86,3.0,2026-03-31
Sharjah,Al Majaz,Aisha Al Qasimi,Rami Youssef,Nadia Karim,BR007,Mirdif,Standard,Declining,KPI08,Customer Effort Score,LOWER,3.76,3.86,3.97,3.0,2026-04-30
Sharjah,Al Majaz,Aisha Al Qasimi,Rami Youssef,Nadia Karim,BR007,Mirdif,Standard,Declining,KPI08,Customer Effort Score,LOWER,3.86,3.97,4.1,3.0,2026-05-31
Sharjah,Al Majaz,Aisha Al Qasimi,Rami Youssef,Nadia Karim,BR007,Mirdif,Standard,Declining,KPI08,Customer Effort Score,LOWER,3.97,4.1,4.19,3.0,2026-06-30
Sharjah,Al Majaz,Aisha Al Qasimi,Rami Youssef,Nadia Karim,BR007,Mirdif,Standard,Declining,KPI09,Digital Adoption Rate,HIGHER,59.0,59.4,58.5,75,2025-07-31
Sharjah,Al Majaz,Aisha Al Qasimi,Rami Youssef,Nadia Karim,BR007,Mirdif,Standard,Declining,KPI09,Digital Adoption Rate,HIGHER,59.4,58.5,58.1,75,2025-08-31
Sharjah,Al Majaz,Aisha Al Qasimi,Rami Youssef,Nadia Karim,BR007,Mirdif,Standard,Declining,KPI09,Digital Adoption Rate,HIGHER,58.5,58.1,57.4,75,2025-09-30
Sharjah,Al Majaz,Aisha Al Qasimi,Rami Youssef,Nadia Karim,BR007,Mirdif,Standard,Declining,KPI09,Digital Adoption Rate,HIGHER,58.1,57.4,56.6,75,2025-10-31
Sharjah,Al Majaz,Aisha Al Qasimi,Rami Youssef,Nadia Karim,BR007,Mirdif,Standard,Declining,KPI09,Digital Adoption Rate,HIGHER,57.4,56.6,56.1,75,2025-11-30
Sharjah,Al Majaz,Aisha Al Qasimi,Rami Youssef,Nadia Karim,BR007,Mirdif,Standard,Declining,KPI09,Digital Adoption Rate,HIGHER,56.6,56.1,55.1,75,2025-12-31
Sharjah,Al Majaz,Aisha Al Qasimi,Rami Youssef,Nadia Karim,BR007,Mirdif,Standard,Declining,KPI09,Digital Adoption Rate,HIGHER,56.1,55.1,54.7,75,2026-01-31
Sharjah,Al Majaz,Aisha Al Qasimi,Rami Youssef,Nadia Karim,BR007,Mirdif,Standard,Declining,KPI09,Digital Adoption Rate,HIGHER,55.1,54.7,54.3,75,2026-02-28
Sharjah,Al Majaz,Aisha Al Qasimi,Rami Youssef,Nadia Karim,BR007,Mirdif,Standard,Declining,KPI09,Digital Adoption Rate,HIGHER,54.7,54.3,53.9,75,2026-03-31
Sharjah,Al Majaz,Aisha Al Qasimi,Rami Youssef,Nadia Karim,BR007,Mirdif,Standard,Declining,KPI09,Digital Adoption Rate,HIGHER,54.3,53.9,54.0,75,2026-04-30
Sharjah,Al Majaz,Aisha Al Qasimi,Rami Youssef,Nadia Karim,BR007,Mirdif,Standard,Declining,KPI09,Digital Adoption Rate,HIGHER,53.9,54.0,53.3,75,2026-05-31
Sharjah,Al Majaz,Aisha Al Qasimi,Rami Youssef,Nadia Karim,BR007,Mirdif,Standard,Declining,KPI09,Digital Adoption Rate,HIGHER,54.0,53.3,52.6,75,2026-06-30
Sharjah,Al Majaz,Aisha Al Qasimi,Rami Youssef,Nadia Karim,BR007,Mirdif,Standard,Declining,KPI10,Repeat Complaint Rate,LOWER,17.2,17.8,18.2,8,2025-07-31
Sharjah,Al Majaz,Aisha Al Qasimi,Rami Youssef,Nadia Karim,BR007,Mirdif,Standard,Declining,KPI10,Repeat Complaint Rate,LOWER,17.8,18.2,18.6,8,2025-08-31
Sharjah,Al Majaz,Aisha Al Qasimi,Rami Youssef,Nadia Karim,BR007,Mirdif,Standard,Declining,KPI10,Repeat Complaint Rate,LOWER,18.2,18.6,18.9,8,2025-09-30
Sharjah,Al Majaz,Aisha Al Qasimi,Rami Youssef,Nadia Karim,BR007,Mirdif,Standard,Declining,KPI10,Repeat Complaint Rate,LOWER,18.6,18.9,18.9,8,2025-10-31
Sharjah,Al Majaz,Aisha Al Qasimi,Rami Youssef,Nadia Karim,BR007,Mirdif,Standard,Declining,KPI10,Repeat Complaint Rate,LOWER,18.9,18.9,19.3,8,2025-11-30
Sharjah,Al Majaz,Aisha Al Qasimi,Rami Youssef,Nadia Karim,BR007,Mirdif,Standard,Declining,KPI10,Repeat Complaint Rate,LOWER,18.9,19.3,19.3,8,2025-12-31
Sharjah,Al Majaz,Aisha Al Qasimi,Rami Youssef,Nadia Karim,BR007,Mirdif,Standard,Declining,KPI10,Repeat Complaint Rate,LOWER,19.3,19.3,19.7,8,2026-01-31
Sharjah,Al Majaz,Aisha Al Qasimi,Rami Youssef,Nadia Karim,BR007,Mirdif,Standard,Declining,KPI10,Repeat Complaint Rate,LOWER,19.3,19.7,19.7,8,2026-02-28
Sharjah,Al Majaz,Aisha Al Qasimi,Rami Youssef,Nadia Karim,BR007,Mirdif,Standard,Declining,KPI10,Repeat Complaint Rate,LOWER,19.7,19.7,20.3,8,2026-03-31
Sharjah,Al Majaz,Aisha Al Qasimi,Rami Youssef,Nadia Karim,BR007,Mirdif,Standard,Declining,KPI10,Repeat Complaint Rate,LOWER,19.7,20.3,20.8,8,2026-04-30
Sharjah,Al Majaz,Aisha Al Qasimi,Rami Youssef,Nadia Karim,BR007,Mirdif,Standard,Declining,KPI10,Repeat Complaint Rate,LOWER,20.3,20.8,21.2,8,2026-05-31
Sharjah,Al Majaz,Aisha Al Qasimi,Rami Youssef,Nadia Karim,BR007,Mirdif,Standard,Declining,KPI10,Repeat Complaint Rate,LOWER,20.8,21.2,21.6,8,2026-06-30
Northern Emirates,Ras Al Khaimah,Noura Al Shamsi,Mona Farid,Kareem Abbas,BR008,Al Barsha,Digital Hub,Stable,KPI01,CSAT,HIGHER,86.4,86.1,85.2,85,2025-07-31
Northern Emirates,Ras Al Khaimah,Noura Al Shamsi,Mona Farid,Kareem Abbas,BR008,Al Barsha,Digital Hub,Stable,KPI01,CSAT,HIGHER,86.1,85.2,85.4,85,2025-08-31
Northern Emirates,Ras Al Khaimah,Noura Al Shamsi,Mona Farid,Kareem Abbas,BR008,Al Barsha,Digital Hub,Stable,KPI01,CSAT,HIGHER,85.2,85.4,85.8,85,2025-09-30
Northern Emirates,Ras Al Khaimah,Noura Al Shamsi,Mona Farid,Kareem Abbas,BR008,Al Barsha,Digital Hub,Stable,KPI01,CSAT,HIGHER,85.4,85.8,86.0,85,2025-10-31
Northern Emirates,Ras Al Khaimah,Noura Al Shamsi,Mona Farid,Kareem Abbas,BR008,Al Barsha,Digital Hub,Stable,KPI01,CSAT,HIGHER,85.8,86.0,85.5,85,2025-11-30
Northern Emirates,Ras Al Khaimah,Noura Al Shamsi,Mona Farid,Kareem Abbas,BR008,Al Barsha,Digital Hub,Stable,KPI01,CSAT,HIGHER,86.0,85.5,81.8,85,2025-12-31
Northern Emirates,Ras Al Khaimah,Noura Al Shamsi,Mona Farid,Kareem Abbas,BR008,Al Barsha,Digital Hub,Stable,KPI01,CSAT,HIGHER,85.5,81.8,81.1,85,2026-01-31
Northern Emirates,Ras Al Khaimah,Noura Al Shamsi,Mona Farid,Kareem Abbas,BR008,Al Barsha,Digital Hub,Stable,KPI01,CSAT,HIGHER,81.8,81.1,81.1,85,2026-02-28
Northern Emirates,Ras Al Khaimah,Noura Al Shamsi,Mona Farid,Kareem Abbas,BR008,Al Barsha,Digital Hub,Stable,KPI01,CSAT,HIGHER,81.1,81.1,81.3,85,2026-03-31
Northern Emirates,Ras Al Khaimah,Noura Al Shamsi,Mona Farid,Kareem Abbas,BR008,Al Barsha,Digital Hub,Stable,KPI01,CSAT,HIGHER,81.1,81.3,81.3,85,2026-04-30
Northern Emirates,Ras Al Khaimah,Noura Al Shamsi,Mona Farid,Kareem Abbas,BR008,Al Barsha,Digital Hub,Stable,KPI01,CSAT,HIGHER,81.3,81.3,81.2,85,2026-05-31
Northern Emirates,Ras Al Khaimah,Noura Al Shamsi,Mona Farid,Kareem Abbas,BR008,Al Barsha,Digital Hub,Stable,KPI01,CSAT,HIGHER,81.3,81.2,81.1,85,2026-06-30
Northern Emirates,Ras Al Khaimah,Noura Al Shamsi,Mona Farid,Kareem Abbas,BR008,Al Barsha,Digital Hub,Stable,KPI02,NPS,HIGHER,25.3,24.6,23.4,40,2025-07-31
Northern Emirates,Ras Al Khaimah,Noura Al Shamsi,Mona Farid,Kareem Abbas,BR008,Al Barsha,Digital Hub,Stable,KPI02,NPS,HIGHER,24.6,23.4,25.7,40,2025-08-31
Northern Emirates,Ras Al Khaimah,Noura Al Shamsi,Mona Farid,Kareem Abbas,BR008,Al Barsha,Digital Hub,Stable,KPI02,NPS,HIGHER,23.4,25.7,24.8,40,2025-09-30
Northern Emirates,Ras Al Khaimah,Noura Al Shamsi,Mona Farid,Kareem Abbas,BR008,Al Barsha,Digital Hub,Stable,KPI02,NPS,HIGHER,25.7,24.8,24.7,40,2025-10-31
Northern Emirates,Ras Al Khaimah,Noura Al Shamsi,Mona Farid,Kareem Abbas,BR008,Al Barsha,Digital Hub,Stable,KPI02,NPS,HIGHER,24.8,24.7,24.4,40,2025-11-30
Northern Emirates,Ras Al Khaimah,Noura Al Shamsi,Mona Farid,Kareem Abbas,BR008,Al Barsha,Digital Hub,Stable,KPI02,NPS,HIGHER,24.7,24.4,20.2,40,2025-12-31
Northern Emirates,Ras Al Khaimah,Noura Al Shamsi,Mona Farid,Kareem Abbas,BR008,Al Barsha,Digital Hub,Stable,KPI02,NPS,HIGHER,24.4,20.2,19.7,40,2026-01-31
Northern Emirates,Ras Al Khaimah,Noura Al Shamsi,Mona Farid,Kareem Abbas,BR008,Al Barsha,Digital Hub,Stable,KPI02,NPS,HIGHER,20.2,19.7,18.2,40,2026-02-28
Northern Emirates,Ras Al Khaimah,Noura Al Shamsi,Mona Farid,Kareem Abbas,BR008,Al Barsha,Digital Hub,Stable,KPI02,NPS,HIGHER,19.7,18.2,17.4,40,2026-03-31
Northern Emirates,Ras Al Khaimah,Noura Al Shamsi,Mona Farid,Kareem Abbas,BR008,Al Barsha,Digital Hub,Stable,KPI02,NPS,HIGHER,18.2,17.4,16.3,40,2026-04-30
Northern Emirates,Ras Al Khaimah,Noura Al Shamsi,Mona Farid,Kareem Abbas,BR008,Al Barsha,Digital Hub,Stable,KPI02,NPS,HIGHER,17.4,16.3,16.2,40,2026-05-31
Northern Emirates,Ras Al Khaimah,Noura Al Shamsi,Mona Farid,Kareem Abbas,BR008,Al Barsha,Digital Hub,Stable,KPI02,NPS,HIGHER,16.3,16.2,15.6,40,2026-06-30
Northern Emirates,Ras Al Khaimah,Noura Al Shamsi,Mona Farid,Kareem Abbas,BR008,Al Barsha,Digital Hub,Stable,KPI03,Complaint Rate,LOWER,2.7,2.75,2.69,2.0,2025-07-31
Northern Emirates,Ras Al Khaimah,Noura Al Shamsi,Mona Farid,Kareem Abbas,BR008,Al Barsha,Digital Hub,Stable,KPI03,Complaint Rate,LOWER,2.75,2.69,2.71,2.0,2025-08-31
Northern Emirates,Ras Al Khaimah,Noura Al Shamsi,Mona Farid,Kareem Abbas,BR008,Al Barsha,Digital Hub,Stable,KPI03,Complaint Rate,LOWER,2.69,2.71,2.76,2.0,2025-09-30
Northern Emirates,Ras Al Khaimah,Noura Al Shamsi,Mona Farid,Kareem Abbas,BR008,Al Barsha,Digital Hub,Stable,KPI03,Complaint Rate,LOWER,2.71,2.76,2.8,2.0,2025-10-31
Northern Emirates,Ras Al Khaimah,Noura Al Shamsi,Mona Farid,Kareem Abbas,BR008,Al Barsha,Digital Hub,Stable,KPI03,Complaint Rate,LOWER,2.76,2.8,2.77,2.0,2025-11-30
Northern Emirates,Ras Al Khaimah,Noura Al Shamsi,Mona Farid,Kareem Abbas,BR008,Al Barsha,Digital Hub,Stable,KPI03,Complaint Rate,LOWER,2.8,2.77,3.63,2.0,2025-12-31
Northern Emirates,Ras Al Khaimah,Noura Al Shamsi,Mona Farid,Kareem Abbas,BR008,Al Barsha,Digital Hub,Stable,KPI03,Complaint Rate,LOWER,2.77,3.63,3.71,2.0,2026-01-31
Northern Emirates,Ras Al Khaimah,Noura Al Shamsi,Mona Farid,Kareem Abbas,BR008,Al Barsha,Digital Hub,Stable,KPI03,Complaint Rate,LOWER,3.63,3.71,3.82,2.0,2026-02-28
Northern Emirates,Ras Al Khaimah,Noura Al Shamsi,Mona Farid,Kareem Abbas,BR008,Al Barsha,Digital Hub,Stable,KPI03,Complaint Rate,LOWER,3.71,3.82,3.93,2.0,2026-03-31
Northern Emirates,Ras Al Khaimah,Noura Al Shamsi,Mona Farid,Kareem Abbas,BR008,Al Barsha,Digital Hub,Stable,KPI03,Complaint Rate,LOWER,3.82,3.93,3.97,2.0,2026-04-30
Northern Emirates,Ras Al Khaimah,Noura Al Shamsi,Mona Farid,Kareem Abbas,BR008,Al Barsha,Digital Hub,Stable,KPI03,Complaint Rate,LOWER,3.93,3.97,4.0,2.0,2026-05-31
Northern Emirates,Ras Al Khaimah,Noura Al Shamsi,Mona Farid,Kareem Abbas,BR008,Al Barsha,Digital Hub,Stable,KPI03,Complaint Rate,LOWER,3.97,4.0,4.01,2.0,2026-06-30
Northern Emirates,Ras Al Khaimah,Noura Al Shamsi,Mona Farid,Kareem Abbas,BR008,Al Barsha,Digital Hub,Stable,KPI04,Complaint Volume,LOWER,176.0,172.0,168.0,100,2025-07-31
Northern Emirates,Ras Al Khaimah,Noura Al Shamsi,Mona Farid,Kareem Abbas,BR008,Al Barsha,Digital Hub,Stable,KPI04,Complaint Volume,LOWER,172.0,168.0,166.0,100,2025-08-31
Northern Emirates,Ras Al Khaimah,Noura Al Shamsi,Mona Farid,Kareem Abbas,BR008,Al Barsha,Digital Hub,Stable,KPI04,Complaint Volume,LOWER,168.0,166.0,165.0,100,2025-09-30
Northern Emirates,Ras Al Khaimah,Noura Al Shamsi,Mona Farid,Kareem Abbas,BR008,Al Barsha,Digital Hub,Stable,KPI04,Complaint Volume,LOWER,166.0,165.0,166.0,100,2025-10-31
Northern Emirates,Ras Al Khaimah,Noura Al Shamsi,Mona Farid,Kareem Abbas,BR008,Al Barsha,Digital Hub,Stable,KPI04,Complaint Volume,LOWER,165.0,166.0,163.0,100,2025-11-30
Northern Emirates,Ras Al Khaimah,Noura Al Shamsi,Mona Farid,Kareem Abbas,BR008,Al Barsha,Digital Hub,Stable,KPI04,Complaint Volume,LOWER,166.0,163.0,220.0,100,2025-12-31
Northern Emirates,Ras Al Khaimah,Noura Al Shamsi,Mona Farid,Kareem Abbas,BR008,Al Barsha,Digital Hub,Stable,KPI04,Complaint Volume,LOWER,163.0,220.0,220.0,100,2026-01-31
Northern Emirates,Ras Al Khaimah,Noura Al Shamsi,Mona Farid,Kareem Abbas,BR008,Al Barsha,Digital Hub,Stable,KPI04,Complaint Volume,LOWER,220.0,220.0,213.0,100,2026-02-28
Northern Emirates,Ras Al Khaimah,Noura Al Shamsi,Mona Farid,Kareem Abbas,BR008,Al Barsha,Digital Hub,Stable,KPI04,Complaint Volume,LOWER,220.0,213.0,211.0,100,2026-03-31
Northern Emirates,Ras Al Khaimah,Noura Al Shamsi,Mona Farid,Kareem Abbas,BR008,Al Barsha,Digital Hub,Stable,KPI04,Complaint Volume,LOWER,213.0,211.0,202.0,100,2026-04-30
Northern Emirates,Ras Al Khaimah,Noura Al Shamsi,Mona Farid,Kareem Abbas,BR008,Al Barsha,Digital Hub,Stable,KPI04,Complaint Volume,LOWER,211.0,202.0,200.0,100,2026-05-31
Northern Emirates,Ras Al Khaimah,Noura Al Shamsi,Mona Farid,Kareem Abbas,BR008,Al Barsha,Digital Hub,Stable,KPI04,Complaint Volume,LOWER,202.0,200.0,198.0,100,2026-06-30
Northern Emirates,Ras Al Khaimah,Noura Al Shamsi,Mona Farid,Kareem Abbas,BR008,Al Barsha,Digital Hub,Stable,KPI05,Resolution Time,LOWER,4.63,4.73,4.74,3.0,2025-07-31
Northern Emirates,Ras Al Khaimah,Noura Al Shamsi,Mona Farid,Kareem Abbas,BR008,Al Barsha,Digital Hub,Stable,KPI05,Resolution Time,LOWER,4.73,4.74,4.78,3.0,2025-08-31
Northern Emirates,Ras Al Khaimah,Noura Al Shamsi,Mona Farid,Kareem Abbas,BR008,Al Barsha,Digital Hub,Stable,KPI05,Resolution Time,LOWER,4.74,4.78,4.82,3.0,2025-09-30
Northern Emirates,Ras Al Khaimah,Noura Al Shamsi,Mona Farid,Kareem Abbas,BR008,Al Barsha,Digital Hub,Stable,KPI05,Resolution Time,LOWER,4.78,4.82,4.76,3.0,2025-10-31
Northern Emirates,Ras Al Khaimah,Noura Al Shamsi,Mona Farid,Kareem Abbas,BR008,Al Barsha,Digital Hub,Stable,KPI05,Resolution Time,LOWER,4.82,4.76,4.77,3.0,2025-11-30
Northern Emirates,Ras Al Khaimah,Noura Al Shamsi,Mona Farid,Kareem Abbas,BR008,Al Barsha,Digital Hub,Stable,KPI05,Resolution Time,LOWER,4.76,4.77,4.67,3.0,2025-12-31
Northern Emirates,Ras Al Khaimah,Noura Al Shamsi,Mona Farid,Kareem Abbas,BR008,Al Barsha,Digital Hub,Stable,KPI05,Resolution Time,LOWER,4.77,4.67,4.72,3.0,2026-01-31
Northern Emirates,Ras Al Khaimah,Noura Al Shamsi,Mona Farid,Kareem Abbas,BR008,Al Barsha,Digital Hub,Stable,KPI05,Resolution Time,LOWER,4.67,4.72,4.58,3.0,2026-02-28
Northern Emirates,Ras Al Khaimah,Noura Al Shamsi,Mona Farid,Kareem Abbas,BR008,Al Barsha,Digital Hub,Stable,KPI05,Resolution Time,LOWER,4.72,4.58,4.72,3.0,2026-03-31
Northern Emirates,Ras Al Khaimah,Noura Al Shamsi,Mona Farid,Kareem Abbas,BR008,Al Barsha,Digital Hub,Stable,KPI05,Resolution Time,LOWER,4.58,4.72,4.7,3.0,2026-04-30
Northern Emirates,Ras Al Khaimah,Noura Al Shamsi,Mona Farid,Kareem Abbas,BR008,Al Barsha,Digital Hub,Stable,KPI05,Resolution Time,LOWER,4.72,4.7,4.61,3.0,2026-05-31
Northern Emirates,Ras Al Khaimah,Noura Al Shamsi,Mona Farid,Kareem Abbas,BR008,Al Barsha,Digital Hub,Stable,KPI05,Resolution Time,LOWER,4.7,4.61,4.54,3.0,2026-06-30
Northern Emirates,Ras Al Khaimah,Noura Al Shamsi,Mona Farid,Kareem Abbas,BR008,Al Barsha,Digital Hub,Stable,KPI06,SLA Compliance,HIGHER,79.1,78.8,78.8,95,2025-07-31
Northern Emirates,Ras Al Khaimah,Noura Al Shamsi,Mona Farid,Kareem Abbas,BR008,Al Barsha,Digital Hub,Stable,KPI06,SLA Compliance,HIGHER,78.8,78.8,79.0,95,2025-08-31
Northern Emirates,Ras Al Khaimah,Noura Al Shamsi,Mona Farid,Kareem Abbas,BR008,Al Barsha,Digital Hub,Stable,KPI06,SLA Compliance,HIGHER,78.8,79.0,78.9,95,2025-09-30
Northern Emirates,Ras Al Khaimah,Noura Al Shamsi,Mona Farid,Kareem Abbas,BR008,Al Barsha,Digital Hub,Stable,KPI06,SLA Compliance,HIGHER,79.0,78.9,78.6,95,2025-10-31
Northern Emirates,Ras Al Khaimah,Noura Al Shamsi,Mona Farid,Kareem Abbas,BR008,Al Barsha,Digital Hub,Stable,KPI06,SLA Compliance,HIGHER,78.9,78.6,78.6,95,2025-11-30
Northern Emirates,Ras Al Khaimah,Noura Al Shamsi,Mona Farid,Kareem Abbas,BR008,Al Barsha,Digital Hub,Stable,KPI06,SLA Compliance,HIGHER,78.6,78.6,78.6,95,2025-12-31
Northern Emirates,Ras Al Khaimah,Noura Al Shamsi,Mona Farid,Kareem Abbas,BR008,Al Barsha,Digital Hub,Stable,KPI06,SLA Compliance,HIGHER,78.6,78.6,79.0,95,2026-01-31
Northern Emirates,Ras Al Khaimah,Noura Al Shamsi,Mona Farid,Kareem Abbas,BR008,Al Barsha,Digital Hub,Stable,KPI06,SLA Compliance,HIGHER,78.6,79.0,78.6,95,2026-02-28
Northern Emirates,Ras Al Khaimah,Noura Al Shamsi,Mona Farid,Kareem Abbas,BR008,Al Barsha,Digital Hub,Stable,KPI06,SLA Compliance,HIGHER,79.0,78.6,78.5,95,2026-03-31
Northern Emirates,Ras Al Khaimah,Noura Al Shamsi,Mona Farid,Kareem Abbas,BR008,Al Barsha,Digital Hub,Stable,KPI06,SLA Compliance,HIGHER,78.6,78.5,78.6,95,2026-04-30
Northern Emirates,Ras Al Khaimah,Noura Al Shamsi,Mona Farid,Kareem Abbas,BR008,Al Barsha,Digital Hub,Stable,KPI06,SLA Compliance,HIGHER,78.5,78.6,78.5,95,2026-05-31
Northern Emirates,Ras Al Khaimah,Noura Al Shamsi,Mona Farid,Kareem Abbas,BR008,Al Barsha,Digital Hub,Stable,KPI06,SLA Compliance,HIGHER,78.6,78.5,78.5,95,2026-06-30
Northern Emirates,Ras Al Khaimah,Noura Al Shamsi,Mona Farid,Kareem Abbas,BR008,Al Barsha,Digital Hub,Stable,KPI07,First Contact Resolution,HIGHER,83.7,84.2,84.0,85,2025-07-31
Northern Emirates,Ras Al Khaimah,Noura Al Shamsi,Mona Farid,Kareem Abbas,BR008,Al Barsha,Digital Hub,Stable,KPI07,First Contact Resolution,HIGHER,84.2,84.0,84.3,85,2025-08-31
Northern Emirates,Ras Al Khaimah,Noura Al Shamsi,Mona Farid,Kareem Abbas,BR008,Al Barsha,Digital Hub,Stable,KPI07,First Contact Resolution,HIGHER,84.0,84.3,84.2,85,2025-09-30
Northern Emirates,Ras Al Khaimah,Noura Al Shamsi,Mona Farid,Kareem Abbas,BR008,Al Barsha,Digital Hub,Stable,KPI07,First Contact Resolution,HIGHER,84.3,84.2,83.5,85,2025-10-31
Northern Emirates,Ras Al Khaimah,Noura Al Shamsi,Mona Farid,Kareem Abbas,BR008,Al Barsha,Digital Hub,Stable,KPI07,First Contact Resolution,HIGHER,84.2,83.5,83.3,85,2025-11-30
Northern Emirates,Ras Al Khaimah,Noura Al Shamsi,Mona Farid,Kareem Abbas,BR008,Al Barsha,Digital Hub,Stable,KPI07,First Contact Resolution,HIGHER,83.5,83.3,83.2,85,2025-12-31
Northern Emirates,Ras Al Khaimah,Noura Al Shamsi,Mona Farid,Kareem Abbas,BR008,Al Barsha,Digital Hub,Stable,KPI07,First Contact Resolution,HIGHER,83.3,83.2,83.4,85,2026-01-31
Northern Emirates,Ras Al Khaimah,Noura Al Shamsi,Mona Farid,Kareem Abbas,BR008,Al Barsha,Digital Hub,Stable,KPI07,First Contact Resolution,HIGHER,83.2,83.4,83.5,85,2026-02-28
Northern Emirates,Ras Al Khaimah,Noura Al Shamsi,Mona Farid,Kareem Abbas,BR008,Al Barsha,Digital Hub,Stable,KPI07,First Contact Resolution,HIGHER,83.4,83.5,83.1,85,2026-03-31
Northern Emirates,Ras Al Khaimah,Noura Al Shamsi,Mona Farid,Kareem Abbas,BR008,Al Barsha,Digital Hub,Stable,KPI07,First Contact Resolution,HIGHER,83.5,83.1,82.6,85,2026-04-30
Northern Emirates,Ras Al Khaimah,Noura Al Shamsi,Mona Farid,Kareem Abbas,BR008,Al Barsha,Digital Hub,Stable,KPI07,First Contact Resolution,HIGHER,83.1,82.6,82.5,85,2026-05-31
Northern Emirates,Ras Al Khaimah,Noura Al Shamsi,Mona Farid,Kareem Abbas,BR008,Al Barsha,Digital Hub,Stable,KPI07,First Contact Resolution,HIGHER,82.6,82.5,83.2,85,2026-06-30
Northern Emirates,Ras Al Khaimah,Noura Al Shamsi,Mona Farid,Kareem Abbas,BR008,Al Barsha,Digital Hub,Stable,KPI08,Customer Effort Score,LOWER,3.52,3.53,3.53,3.0,2025-07-31
Northern Emirates,Ras Al Khaimah,Noura Al Shamsi,Mona Farid,Kareem Abbas,BR008,Al Barsha,Digital Hub,Stable,KPI08,Customer Effort Score,LOWER,3.53,3.53,3.51,3.0,2025-08-31
Northern Emirates,Ras Al Khaimah,Noura Al Shamsi,Mona Farid,Kareem Abbas,BR008,Al Barsha,Digital Hub,Stable,KPI08,Customer Effort Score,LOWER,3.53,3.51,3.47,3.0,2025-09-30
Northern Emirates,Ras Al Khaimah,Noura Al Shamsi,Mona Farid,Kareem Abbas,BR008,Al Barsha,Digital Hub,Stable,KPI08,Customer Effort Score,LOWER,3.51,3.47,3.49,3.0,2025-10-31
Northern Emirates,Ras Al Khaimah,Noura Al Shamsi,Mona Farid,Kareem Abbas,BR008,Al Barsha,Digital Hub,Stable,KPI08,Customer Effort Score,LOWER,3.47,3.49,3.47,3.0,2025-11-30
Northern Emirates,Ras Al Khaimah,Noura Al Shamsi,Mona Farid,Kareem Abbas,BR008,Al Barsha,Digital Hub,Stable,KPI08,Customer Effort Score,LOWER,3.49,3.47,3.42,3.0,2025-12-31
Northern Emirates,Ras Al Khaimah,Noura Al Shamsi,Mona Farid,Kareem Abbas,BR008,Al Barsha,Digital Hub,Stable,KPI08,Customer Effort Score,LOWER,3.47,3.42,3.41,3.0,2026-01-31
Northern Emirates,Ras Al Khaimah,Noura Al Shamsi,Mona Farid,Kareem Abbas,BR008,Al Barsha,Digital Hub,Stable,KPI08,Customer Effort Score,LOWER,3.42,3.41,3.4,3.0,2026-02-28
Northern Emirates,Ras Al Khaimah,Noura Al Shamsi,Mona Farid,Kareem Abbas,BR008,Al Barsha,Digital Hub,Stable,KPI08,Customer Effort Score,LOWER,3.41,3.4,3.35,3.0,2026-03-31
Northern Emirates,Ras Al Khaimah,Noura Al Shamsi,Mona Farid,Kareem Abbas,BR008,Al Barsha,Digital Hub,Stable,KPI08,Customer Effort Score,LOWER,3.4,3.35,3.38,3.0,2026-04-30
Northern Emirates,Ras Al Khaimah,Noura Al Shamsi,Mona Farid,Kareem Abbas,BR008,Al Barsha,Digital Hub,Stable,KPI08,Customer Effort Score,LOWER,3.35,3.38,3.43,3.0,2026-05-31
Northern Emirates,Ras Al Khaimah,Noura Al Shamsi,Mona Farid,Kareem Abbas,BR008,Al Barsha,Digital Hub,Stable,KPI08,Customer Effort Score,LOWER,3.38,3.43,3.43,3.0,2026-06-30
Northern Emirates,Ras Al Khaimah,Noura Al Shamsi,Mona Farid,Kareem Abbas,BR008,Al Barsha,Digital Hub,Stable,KPI09,Digital Adoption Rate,HIGHER,67.9,68.2,68.2,75,2025-07-31
Northern Emirates,Ras Al Khaimah,Noura Al Shamsi,Mona Farid,Kareem Abbas,BR008,Al Barsha,Digital Hub,Stable,KPI09,Digital Adoption Rate,HIGHER,68.2,68.2,68.3,75,2025-08-31
Northern Emirates,Ras Al Khaimah,Noura Al Shamsi,Mona Farid,Kareem Abbas,BR008,Al Barsha,Digital Hub,Stable,KPI09,Digital Adoption Rate,HIGHER,68.2,68.3,68.3,75,2025-09-30
Northern Emirates,Ras Al Khaimah,Noura Al Shamsi,Mona Farid,Kareem Abbas,BR008,Al Barsha,Digital Hub,Stable,KPI09,Digital Adoption Rate,HIGHER,68.3,68.3,67.9,75,2025-10-31
Northern Emirates,Ras Al Khaimah,Noura Al Shamsi,Mona Farid,Kareem Abbas,BR008,Al Barsha,Digital Hub,Stable,KPI09,Digital Adoption Rate,HIGHER,68.3,67.9,67.2,75,2025-11-30
Northern Emirates,Ras Al Khaimah,Noura Al Shamsi,Mona Farid,Kareem Abbas,BR008,Al Barsha,Digital Hub,Stable,KPI09,Digital Adoption Rate,HIGHER,67.9,67.2,67.9,75,2025-12-31
Northern Emirates,Ras Al Khaimah,Noura Al Shamsi,Mona Farid,Kareem Abbas,BR008,Al Barsha,Digital Hub,Stable,KPI09,Digital Adoption Rate,HIGHER,67.2,67.9,66.7,75,2026-01-31
Northern Emirates,Ras Al Khaimah,Noura Al Shamsi,Mona Farid,Kareem Abbas,BR008,Al Barsha,Digital Hub,Stable,KPI09,Digital Adoption Rate,HIGHER,67.9,66.7,66.7,75,2026-02-28
Northern Emirates,Ras Al Khaimah,Noura Al Shamsi,Mona Farid,Kareem Abbas,BR008,Al Barsha,Digital Hub,Stable,KPI09,Digital Adoption Rate,HIGHER,66.7,66.7,66.8,75,2026-03-31
Northern Emirates,Ras Al Khaimah,Noura Al Shamsi,Mona Farid,Kareem Abbas,BR008,Al Barsha,Digital Hub,Stable,KPI09,Digital Adoption Rate,HIGHER,66.7,66.8,66.6,75,2026-04-30
Northern Emirates,Ras Al Khaimah,Noura Al Shamsi,Mona Farid,Kareem Abbas,BR008,Al Barsha,Digital Hub,Stable,KPI09,Digital Adoption Rate,HIGHER,66.8,66.6,66.7,75,2026-05-31
Northern Emirates,Ras Al Khaimah,Noura Al Shamsi,Mona Farid,Kareem Abbas,BR008,Al Barsha,Digital Hub,Stable,KPI09,Digital Adoption Rate,HIGHER,66.6,66.7,66.6,75,2026-06-30
Northern Emirates,Ras Al Khaimah,Noura Al Shamsi,Mona Farid,Kareem Abbas,BR008,Al Barsha,Digital Hub,Stable,KPI10,Repeat Complaint Rate,LOWER,5.8,5.5,5.2,8,2025-07-31
Northern Emirates,Ras Al Khaimah,Noura Al Shamsi,Mona Farid,Kareem Abbas,BR008,Al Barsha,Digital Hub,Stable,KPI10,Repeat Complaint Rate,LOWER,5.5,5.2,5.0,8,2025-08-31
Northern Emirates,Ras Al Khaimah,Noura Al Shamsi,Mona Farid,Kareem Abbas,BR008,Al Barsha,Digital Hub,Stable,KPI10,Repeat Complaint Rate,LOWER,5.2,5.0,5.0,8,2025-09-30
Northern Emirates,Ras Al Khaimah,Noura Al Shamsi,Mona Farid,Kareem Abbas,BR008,Al Barsha,Digital Hub,Stable,KPI10,Repeat Complaint Rate,LOWER,5.0,5.0,4.7,8,2025-10-31
Northern Emirates,Ras Al Khaimah,Noura Al Shamsi,Mona Farid,Kareem Abbas,BR008,Al Barsha,Digital Hub,Stable,KPI10,Repeat Complaint Rate,LOWER,5.0,4.7,4.7,8,2025-11-30
Northern Emirates,Ras Al Khaimah,Noura Al Shamsi,Mona Farid,Kareem Abbas,BR008,Al Barsha,Digital Hub,Stable,KPI10,Repeat Complaint Rate,LOWER,4.7,4.7,4.8,8,2025-12-31
Northern Emirates,Ras Al Khaimah,Noura Al Shamsi,Mona Farid,Kareem Abbas,BR008,Al Barsha,Digital Hub,Stable,KPI10,Repeat Complaint Rate,LOWER,4.7,4.8,4.5,8,2026-01-31
Northern Emirates,Ras Al Khaimah,Noura Al Shamsi,Mona Farid,Kareem Abbas,BR008,Al Barsha,Digital Hub,Stable,KPI10,Repeat Complaint Rate,LOWER,4.8,4.5,5.0,8,2026-02-28
Northern Emirates,Ras Al Khaimah,Noura Al Shamsi,Mona Farid,Kareem Abbas,BR008,Al Barsha,Digital Hub,Stable,KPI10,Repeat Complaint Rate,LOWER,4.5,5.0,4.6,8,2026-03-31
Northern Emirates,Ras Al Khaimah,Noura Al Shamsi,Mona Farid,Kareem Abbas,BR008,Al Barsha,Digital Hub,Stable,KPI10,Repeat Complaint Rate,LOWER,5.0,4.6,4.2,8,2026-04-30
Northern Emirates,Ras Al Khaimah,Noura Al Shamsi,Mona Farid,Kareem Abbas,BR008,Al Barsha,Digital Hub,Stable,KPI10,Repeat Complaint Rate,LOWER,4.6,4.2,4.3,8,2026-05-31
Northern Emirates,Ras Al Khaimah,Noura Al Shamsi,Mona Farid,Kareem Abbas,BR008,Al Barsha,Digital Hub,Stable,KPI10,Repeat Complaint Rate,LOWER,4.2,4.3,4.3,8,2026-06-30
Dubai,Deira,Mariam Al Mansoori,Khalid Nasser,Rania Saleh,BR009,Silicon Oasis,Flagship,Recovering,KPI01,CSAT,HIGHER,87.9,88.0,87.3,85,2025-07-31
Dubai,Deira,Mariam Al Mansoori,Khalid Nasser,Rania Saleh,BR009,Silicon Oasis,Flagship,Recovering,KPI01,CSAT,HIGHER,88.0,87.3,86.8,85,2025-08-31
Dubai,Deira,Mariam Al Mansoori,Khalid Nasser,Rania Saleh,BR009,Silicon Oasis,Flagship,Recovering,KPI01,CSAT,HIGHER,87.3,86.8,86.3,85,2025-09-30
Dubai,Deira,Mariam Al Mansoori,Khalid Nasser,Rania Saleh,BR009,Silicon Oasis,Flagship,Recovering,KPI01,CSAT,HIGHER,86.8,86.3,86.2,85,2025-10-31
Dubai,Deira,Mariam Al Mansoori,Khalid Nasser,Rania Saleh,BR009,Silicon Oasis,Flagship,Recovering,KPI01,CSAT,HIGHER,86.3,86.2,86.7,85,2025-11-30
Dubai,Deira,Mariam Al Mansoori,Khalid Nasser,Rania Saleh,BR009,Silicon Oasis,Flagship,Recovering,KPI01,CSAT,HIGHER,86.2,86.7,87.5,85,2025-12-31
Dubai,Deira,Mariam Al Mansoori,Khalid Nasser,Rania Saleh,BR009,Silicon Oasis,Flagship,Recovering,KPI01,CSAT,HIGHER,86.7,87.5,87.9,85,2026-01-31
Dubai,Deira,Mariam Al Mansoori,Khalid Nasser,Rania Saleh,BR009,Silicon Oasis,Flagship,Recovering,KPI01,CSAT,HIGHER,87.5,87.9,88.5,85,2026-02-28
Dubai,Deira,Mariam Al Mansoori,Khalid Nasser,Rania Saleh,BR009,Silicon Oasis,Flagship,Recovering,KPI01,CSAT,HIGHER,87.9,88.5,88.4,85,2026-03-31
Dubai,Deira,Mariam Al Mansoori,Khalid Nasser,Rania Saleh,BR009,Silicon Oasis,Flagship,Recovering,KPI01,CSAT,HIGHER,88.5,88.4,88.9,85,2026-04-30
Dubai,Deira,Mariam Al Mansoori,Khalid Nasser,Rania Saleh,BR009,Silicon Oasis,Flagship,Recovering,KPI01,CSAT,HIGHER,88.4,88.9,89.2,85,2026-05-31
Dubai,Deira,Mariam Al Mansoori,Khalid Nasser,Rania Saleh,BR009,Silicon Oasis,Flagship,Recovering,KPI01,CSAT,HIGHER,88.9,89.2,90.3,85,2026-06-30
Dubai,Deira,Mariam Al Mansoori,Khalid Nasser,Rania Saleh,BR009,Silicon Oasis,Flagship,Recovering,KPI02,NPS,HIGHER,49.6,48.2,47.6,40,2025-07-31
Dubai,Deira,Mariam Al Mansoori,Khalid Nasser,Rania Saleh,BR009,Silicon Oasis,Flagship,Recovering,KPI02,NPS,HIGHER,48.2,47.6,47.1,40,2025-08-31
Dubai,Deira,Mariam Al Mansoori,Khalid Nasser,Rania Saleh,BR009,Silicon Oasis,Flagship,Recovering,KPI02,NPS,HIGHER,47.6,47.1,45.1,40,2025-09-30
Dubai,Deira,Mariam Al Mansoori,Khalid Nasser,Rania Saleh,BR009,Silicon Oasis,Flagship,Recovering,KPI02,NPS,HIGHER,47.1,45.1,43.4,40,2025-10-31
Dubai,Deira,Mariam Al Mansoori,Khalid Nasser,Rania Saleh,BR009,Silicon Oasis,Flagship,Recovering,KPI02,NPS,HIGHER,45.1,43.4,44.5,40,2025-11-30
Dubai,Deira,Mariam Al Mansoori,Khalid Nasser,Rania Saleh,BR009,Silicon Oasis,Flagship,Recovering,KPI02,NPS,HIGHER,43.4,44.5,45.5,40,2025-12-31
Dubai,Deira,Mariam Al Mansoori,Khalid Nasser,Rania Saleh,BR009,Silicon Oasis,Flagship,Recovering,KPI02,NPS,HIGHER,44.5,45.5,47.0,40,2026-01-31
Dubai,Deira,Mariam Al Mansoori,Khalid Nasser,Rania Saleh,BR009,Silicon Oasis,Flagship,Recovering,KPI02,NPS,HIGHER,45.5,47.0,47.5,40,2026-02-28
Dubai,Deira,Mariam Al Mansoori,Khalid Nasser,Rania Saleh,BR009,Silicon Oasis,Flagship,Recovering,KPI02,NPS,HIGHER,47.0,47.5,49.0,40,2026-03-31
Dubai,Deira,Mariam Al Mansoori,Khalid Nasser,Rania Saleh,BR009,Silicon Oasis,Flagship,Recovering,KPI02,NPS,HIGHER,47.5,49.0,49.0,40,2026-04-30
Dubai,Deira,Mariam Al Mansoori,Khalid Nasser,Rania Saleh,BR009,Silicon Oasis,Flagship,Recovering,KPI02,NPS,HIGHER,49.0,49.0,48.7,40,2026-05-31
Dubai,Deira,Mariam Al Mansoori,Khalid Nasser,Rania Saleh,BR009,Silicon Oasis,Flagship,Recovering,KPI02,NPS,HIGHER,49.0,48.7,50.7,40,2026-06-30
Dubai,Deira,Mariam Al Mansoori,Khalid Nasser,Rania Saleh,BR009,Silicon Oasis,Flagship,Recovering,KPI03,Complaint Rate,LOWER,2.89,2.89,3.01,2.0,2025-07-31
Dubai,Deira,Mariam Al Mansoori,Khalid Nasser,Rania Saleh,BR009,Silicon Oasis,Flagship,Recovering,KPI03,Complaint Rate,LOWER,2.89,3.01,3.02,2.0,2025-08-31
Dubai,Deira,Mariam Al Mansoori,Khalid Nasser,Rania Saleh,BR009,Silicon Oasis,Flagship,Recovering,KPI03,Complaint Rate,LOWER,3.01,3.02,3.1,2.0,2025-09-30
Dubai,Deira,Mariam Al Mansoori,Khalid Nasser,Rania Saleh,BR009,Silicon Oasis,Flagship,Recovering,KPI03,Complaint Rate,LOWER,3.02,3.1,3.19,2.0,2025-10-31
Dubai,Deira,Mariam Al Mansoori,Khalid Nasser,Rania Saleh,BR009,Silicon Oasis,Flagship,Recovering,KPI03,Complaint Rate,LOWER,3.1,3.19,3.03,2.0,2025-11-30
Dubai,Deira,Mariam Al Mansoori,Khalid Nasser,Rania Saleh,BR009,Silicon Oasis,Flagship,Recovering,KPI03,Complaint Rate,LOWER,3.19,3.03,2.94,2.0,2025-12-31
Dubai,Deira,Mariam Al Mansoori,Khalid Nasser,Rania Saleh,BR009,Silicon Oasis,Flagship,Recovering,KPI03,Complaint Rate,LOWER,3.03,2.94,2.83,2.0,2026-01-31
Dubai,Deira,Mariam Al Mansoori,Khalid Nasser,Rania Saleh,BR009,Silicon Oasis,Flagship,Recovering,KPI03,Complaint Rate,LOWER,2.94,2.83,2.75,2.0,2026-02-28
Dubai,Deira,Mariam Al Mansoori,Khalid Nasser,Rania Saleh,BR009,Silicon Oasis,Flagship,Recovering,KPI03,Complaint Rate,LOWER,2.83,2.75,2.59,2.0,2026-03-31
Dubai,Deira,Mariam Al Mansoori,Khalid Nasser,Rania Saleh,BR009,Silicon Oasis,Flagship,Recovering,KPI03,Complaint Rate,LOWER,2.75,2.59,2.48,2.0,2026-04-30
Dubai,Deira,Mariam Al Mansoori,Khalid Nasser,Rania Saleh,BR009,Silicon Oasis,Flagship,Recovering,KPI03,Complaint Rate,LOWER,2.59,2.48,2.35,2.0,2026-05-31
Dubai,Deira,Mariam Al Mansoori,Khalid Nasser,Rania Saleh,BR009,Silicon Oasis,Flagship,Recovering,KPI03,Complaint Rate,LOWER,2.48,2.35,2.25,2.0,2026-06-30
Dubai,Deira,Mariam Al Mansoori,Khalid Nasser,Rania Saleh,BR009,Silicon Oasis,Flagship,Recovering,KPI04,Complaint Volume,LOWER,190.0,197.0,204.0,100,2025-07-31
Dubai,Deira,Mariam Al Mansoori,Khalid Nasser,Rania Saleh,BR009,Silicon Oasis,Flagship,Recovering,KPI04,Complaint Volume,LOWER,197.0,204.0,204.0,100,2025-08-31
Dubai,Deira,Mariam Al Mansoori,Khalid Nasser,Rania Saleh,BR009,Silicon Oasis,Flagship,Recovering,KPI04,Complaint Volume,LOWER,204.0,204.0,204.0,100,2025-09-30
Dubai,Deira,Mariam Al Mansoori,Khalid Nasser,Rania Saleh,BR009,Silicon Oasis,Flagship,Recovering,KPI04,Complaint Volume,LOWER,204.0,204.0,208.0,100,2025-10-31
Dubai,Deira,Mariam Al Mansoori,Khalid Nasser,Rania Saleh,BR009,Silicon Oasis,Flagship,Recovering,KPI04,Complaint Volume,LOWER,204.0,208.0,196.0,100,2025-11-30
Dubai,Deira,Mariam Al Mansoori,Khalid Nasser,Rania Saleh,BR009,Silicon Oasis,Flagship,Recovering,KPI04,Complaint Volume,LOWER,208.0,196.0,188.0,100,2025-12-31
Dubai,Deira,Mariam Al Mansoori,Khalid Nasser,Rania Saleh,BR009,Silicon Oasis,Flagship,Recovering,KPI04,Complaint Volume,LOWER,196.0,188.0,184.0,100,2026-01-31
Dubai,Deira,Mariam Al Mansoori,Khalid Nasser,Rania Saleh,BR009,Silicon Oasis,Flagship,Recovering,KPI04,Complaint Volume,LOWER,188.0,184.0,176.0,100,2026-02-28
Dubai,Deira,Mariam Al Mansoori,Khalid Nasser,Rania Saleh,BR009,Silicon Oasis,Flagship,Recovering,KPI04,Complaint Volume,LOWER,184.0,176.0,172.0,100,2026-03-31
Dubai,Deira,Mariam Al Mansoori,Khalid Nasser,Rania Saleh,BR009,Silicon Oasis,Flagship,Recovering,KPI04,Complaint Volume,LOWER,176.0,172.0,161.0,100,2026-04-30
Dubai,Deira,Mariam Al Mansoori,Khalid Nasser,Rania Saleh,BR009,Silicon Oasis,Flagship,Recovering,KPI04,Complaint Volume,LOWER,172.0,161.0,153.0,100,2026-05-31
Dubai,Deira,Mariam Al Mansoori,Khalid Nasser,Rania Saleh,BR009,Silicon Oasis,Flagship,Recovering,KPI04,Complaint Volume,LOWER,161.0,153.0,150.0,100,2026-06-30
Dubai,Deira,Mariam Al Mansoori,Khalid Nasser,Rania Saleh,BR009,Silicon Oasis,Flagship,Recovering,KPI05,Resolution Time,LOWER,2.56,2.66,2.8,3.0,2025-07-31
Dubai,Deira,Mariam Al Mansoori,Khalid Nasser,Rania Saleh,BR009,Silicon Oasis,Flagship,Recovering,KPI05,Resolution Time,LOWER,2.66,2.8,2.84,3.0,2025-08-31
Dubai,Deira,Mariam Al Mansoori,Khalid Nasser,Rania Saleh,BR009,Silicon Oasis,Flagship,Recovering,KPI05,Resolution Time,LOWER,2.8,2.84,2.91,3.0,2025-09-30
Dubai,Deira,Mariam Al Mansoori,Khalid Nasser,Rania Saleh,BR009,Silicon Oasis,Flagship,Recovering,KPI05,Resolution Time,LOWER,2.84,2.91,2.91,3.0,2025-10-31
Dubai,Deira,Mariam Al Mansoori,Khalid Nasser,Rania Saleh,BR009,Silicon Oasis,Flagship,Recovering,KPI05,Resolution Time,LOWER,2.91,2.91,2.8,3.0,2025-11-30
Dubai,Deira,Mariam Al Mansoori,Khalid Nasser,Rania Saleh,BR009,Silicon Oasis,Flagship,Recovering,KPI05,Resolution Time,LOWER,2.91,2.8,2.72,3.0,2025-12-31
Dubai,Deira,Mariam Al Mansoori,Khalid Nasser,Rania Saleh,BR009,Silicon Oasis,Flagship,Recovering,KPI05,Resolution Time,LOWER,2.8,2.72,2.51,3.0,2026-01-31
Dubai,Deira,Mariam Al Mansoori,Khalid Nasser,Rania Saleh,BR009,Silicon Oasis,Flagship,Recovering,KPI05,Resolution Time,LOWER,2.72,2.51,2.41,3.0,2026-02-28
Dubai,Deira,Mariam Al Mansoori,Khalid Nasser,Rania Saleh,BR009,Silicon Oasis,Flagship,Recovering,KPI05,Resolution Time,LOWER,2.51,2.41,2.23,3.0,2026-03-31
Dubai,Deira,Mariam Al Mansoori,Khalid Nasser,Rania Saleh,BR009,Silicon Oasis,Flagship,Recovering,KPI05,Resolution Time,LOWER,2.41,2.23,2.09,3.0,2026-04-30
Dubai,Deira,Mariam Al Mansoori,Khalid Nasser,Rania Saleh,BR009,Silicon Oasis,Flagship,Recovering,KPI05,Resolution Time,LOWER,2.23,2.09,1.92,3.0,2026-05-31
Dubai,Deira,Mariam Al Mansoori,Khalid Nasser,Rania Saleh,BR009,Silicon Oasis,Flagship,Recovering,KPI05,Resolution Time,LOWER,2.09,1.92,1.83,3.0,2026-06-30
Dubai,Deira,Mariam Al Mansoori,Khalid Nasser,Rania Saleh,BR009,Silicon Oasis,Flagship,Recovering,KPI06,SLA Compliance,HIGHER,86.2,86.2,86.0,95,2025-07-31
Dubai,Deira,Mariam Al Mansoori,Khalid Nasser,Rania Saleh,BR009,Silicon Oasis,Flagship,Recovering,KPI06,SLA Compliance,HIGHER,86.2,86.0,85.1,95,2025-08-31
Dubai,Deira,Mariam Al Mansoori,Khalid Nasser,Rania Saleh,BR009,Silicon Oasis,Flagship,Recovering,KPI06,SLA Compliance,HIGHER,86.0,85.1,84.8,95,2025-09-30
Dubai,Deira,Mariam Al Mansoori,Khalid Nasser,Rania Saleh,BR009,Silicon Oasis,Flagship,Recovering,KPI06,SLA Compliance,HIGHER,85.1,84.8,84.5,95,2025-10-31
Dubai,Deira,Mariam Al Mansoori,Khalid Nasser,Rania Saleh,BR009,Silicon Oasis,Flagship,Recovering,KPI06,SLA Compliance,HIGHER,84.8,84.5,85.0,95,2025-11-30
Dubai,Deira,Mariam Al Mansoori,Khalid Nasser,Rania Saleh,BR009,Silicon Oasis,Flagship,Recovering,KPI06,SLA Compliance,HIGHER,84.5,85.0,85.3,95,2025-12-31
Dubai,Deira,Mariam Al Mansoori,Khalid Nasser,Rania Saleh,BR009,Silicon Oasis,Flagship,Recovering,KPI06,SLA Compliance,HIGHER,85.0,85.3,85.9,95,2026-01-31
Dubai,Deira,Mariam Al Mansoori,Khalid Nasser,Rania Saleh,BR009,Silicon Oasis,Flagship,Recovering,KPI06,SLA Compliance,HIGHER,85.3,85.9,86.0,95,2026-02-28
Dubai,Deira,Mariam Al Mansoori,Khalid Nasser,Rania Saleh,BR009,Silicon Oasis,Flagship,Recovering,KPI06,SLA Compliance,HIGHER,85.9,86.0,87.2,95,2026-03-31
Dubai,Deira,Mariam Al Mansoori,Khalid Nasser,Rania Saleh,BR009,Silicon Oasis,Flagship,Recovering,KPI06,SLA Compliance,HIGHER,86.0,87.2,87.4,95,2026-04-30
Dubai,Deira,Mariam Al Mansoori,Khalid Nasser,Rania Saleh,BR009,Silicon Oasis,Flagship,Recovering,KPI06,SLA Compliance,HIGHER,87.2,87.4,87.8,95,2026-05-31
Dubai,Deira,Mariam Al Mansoori,Khalid Nasser,Rania Saleh,BR009,Silicon Oasis,Flagship,Recovering,KPI06,SLA Compliance,HIGHER,87.4,87.8,88.9,95,2026-06-30
Dubai,Deira,Mariam Al Mansoori,Khalid Nasser,Rania Saleh,BR009,Silicon Oasis,Flagship,Recovering,KPI07,First Contact Resolution,HIGHER,68.7,69.2,68.5,85,2025-07-31
Dubai,Deira,Mariam Al Mansoori,Khalid Nasser,Rania Saleh,BR009,Silicon Oasis,Flagship,Recovering,KPI07,First Contact Resolution,HIGHER,69.2,68.5,67.7,85,2025-08-31
Dubai,Deira,Mariam Al Mansoori,Khalid Nasser,Rania Saleh,BR009,Silicon Oasis,Flagship,Recovering,KPI07,First Contact Resolution,HIGHER,68.5,67.7,66.4,85,2025-09-30
Dubai,Deira,Mariam Al Mansoori,Khalid Nasser,Rania Saleh,BR009,Silicon Oasis,Flagship,Recovering,KPI07,First Contact Resolution,HIGHER,67.7,66.4,65.3,85,2025-10-31
Dubai,Deira,Mariam Al Mansoori,Khalid Nasser,Rania Saleh,BR009,Silicon Oasis,Flagship,Recovering,KPI07,First Contact Resolution,HIGHER,66.4,65.3,65.9,85,2025-11-30
Dubai,Deira,Mariam Al Mansoori,Khalid Nasser,Rania Saleh,BR009,Silicon Oasis,Flagship,Recovering,KPI07,First Contact Resolution,HIGHER,65.3,65.9,67.0,85,2025-12-31
Dubai,Deira,Mariam Al Mansoori,Khalid Nasser,Rania Saleh,BR009,Silicon Oasis,Flagship,Recovering,KPI07,First Contact Resolution,HIGHER,65.9,67.0,68.0,85,2026-01-31
Dubai,Deira,Mariam Al Mansoori,Khalid Nasser,Rania Saleh,BR009,Silicon Oasis,Flagship,Recovering,KPI07,First Contact Resolution,HIGHER,67.0,68.0,68.0,85,2026-02-28
Dubai,Deira,Mariam Al Mansoori,Khalid Nasser,Rania Saleh,BR009,Silicon Oasis,Flagship,Recovering,KPI07,First Contact Resolution,HIGHER,68.0,68.0,68.3,85,2026-03-31
Dubai,Deira,Mariam Al Mansoori,Khalid Nasser,Rania Saleh,BR009,Silicon Oasis,Flagship,Recovering,KPI07,First Contact Resolution,HIGHER,68.0,68.3,68.4,85,2026-04-30
Dubai,Deira,Mariam Al Mansoori,Khalid Nasser,Rania Saleh,BR009,Silicon Oasis,Flagship,Recovering,KPI07,First Contact Resolution,HIGHER,68.3,68.4,69.1,85,2026-05-31
Dubai,Deira,Mariam Al Mansoori,Khalid Nasser,Rania Saleh,BR009,Silicon Oasis,Flagship,Recovering,KPI07,First Contact Resolution,HIGHER,68.4,69.1,69.2,85,2026-06-30
Dubai,Deira,Mariam Al Mansoori,Khalid Nasser,Rania Saleh,BR009,Silicon Oasis,Flagship,Recovering,KPI08,Customer Effort Score,LOWER,3.56,3.57,3.6,3.0,2025-07-31
Dubai,Deira,Mariam Al Mansoori,Khalid Nasser,Rania Saleh,BR009,Silicon Oasis,Flagship,Recovering,KPI08,Customer Effort Score,LOWER,3.57,3.6,3.69,3.0,2025-08-31
Dubai,Deira,Mariam Al Mansoori,Khalid Nasser,Rania Saleh,BR009,Silicon Oasis,Flagship,Recovering,KPI08,Customer Effort Score,LOWER,3.6,3.69,3.75,3.0,2025-09-30
Dubai,Deira,Mariam Al Mansoori,Khalid Nasser,Rania Saleh,BR009,Silicon Oasis,Flagship,Recovering,KPI08,Customer Effort Score,LOWER,3.69,3.75,3.84,3.0,2025-10-31
Dubai,Deira,Mariam Al Mansoori,Khalid Nasser,Rania Saleh,BR009,Silicon Oasis,Flagship,Recovering,KPI08,Customer Effort Score,LOWER,3.75,3.84,3.81,3.0,2025-11-30
Dubai,Deira,Mariam Al Mansoori,Khalid Nasser,Rania Saleh,BR009,Silicon Oasis,Flagship,Recovering,KPI08,Customer Effort Score,LOWER,3.84,3.81,3.7,3.0,2025-12-31
Dubai,Deira,Mariam Al Mansoori,Khalid Nasser,Rania Saleh,BR009,Silicon Oasis,Flagship,Recovering,KPI08,Customer Effort Score,LOWER,3.81,3.7,3.62,3.0,2026-01-31
Dubai,Deira,Mariam Al Mansoori,Khalid Nasser,Rania Saleh,BR009,Silicon Oasis,Flagship,Recovering,KPI08,Customer Effort Score,LOWER,3.7,3.62,3.57,3.0,2026-02-28
Dubai,Deira,Mariam Al Mansoori,Khalid Nasser,Rania Saleh,BR009,Silicon Oasis,Flagship,Recovering,KPI08,Customer Effort Score,LOWER,3.62,3.57,3.56,3.0,2026-03-31
Dubai,Deira,Mariam Al Mansoori,Khalid Nasser,Rania Saleh,BR009,Silicon Oasis,Flagship,Recovering,KPI08,Customer Effort Score,LOWER,3.57,3.56,3.52,3.0,2026-04-30
Dubai,Deira,Mariam Al Mansoori,Khalid Nasser,Rania Saleh,BR009,Silicon Oasis,Flagship,Recovering,KPI08,Customer Effort Score,LOWER,3.56,3.52,3.51,3.0,2026-05-31
Dubai,Deira,Mariam Al Mansoori,Khalid Nasser,Rania Saleh,BR009,Silicon Oasis,Flagship,Recovering,KPI08,Customer Effort Score,LOWER,3.52,3.51,3.47,3.0,2026-06-30
Dubai,Deira,Mariam Al Mansoori,Khalid Nasser,Rania Saleh,BR009,Silicon Oasis,Flagship,Recovering,KPI09,Digital Adoption Rate,HIGHER,83.4,82.6,81.4,75,2025-07-31
Dubai,Deira,Mariam Al Mansoori,Khalid Nasser,Rania Saleh,BR009,Silicon Oasis,Flagship,Recovering,KPI09,Digital Adoption Rate,HIGHER,82.6,81.4,81.6,75,2025-08-31
Dubai,Deira,Mariam Al Mansoori,Khalid Nasser,Rania Saleh,BR009,Silicon Oasis,Flagship,Recovering,KPI09,Digital Adoption Rate,HIGHER,81.4,81.6,81.3,75,2025-09-30
Dubai,Deira,Mariam Al Mansoori,Khalid Nasser,Rania Saleh,BR009,Silicon Oasis,Flagship,Recovering,KPI09,Digital Adoption Rate,HIGHER,81.6,81.3,81.1,75,2025-10-31
Dubai,Deira,Mariam Al Mansoori,Khalid Nasser,Rania Saleh,BR009,Silicon Oasis,Flagship,Recovering,KPI09,Digital Adoption Rate,HIGHER,81.3,81.1,82.7,75,2025-11-30
Dubai,Deira,Mariam Al Mansoori,Khalid Nasser,Rania Saleh,BR009,Silicon Oasis,Flagship,Recovering,KPI09,Digital Adoption Rate,HIGHER,81.1,82.7,84.7,75,2025-12-31
Dubai,Deira,Mariam Al Mansoori,Khalid Nasser,Rania Saleh,BR009,Silicon Oasis,Flagship,Recovering,KPI09,Digital Adoption Rate,HIGHER,82.7,84.7,85.8,75,2026-01-31
Dubai,Deira,Mariam Al Mansoori,Khalid Nasser,Rania Saleh,BR009,Silicon Oasis,Flagship,Recovering,KPI09,Digital Adoption Rate,HIGHER,84.7,85.8,85.8,75,2026-02-28
Dubai,Deira,Mariam Al Mansoori,Khalid Nasser,Rania Saleh,BR009,Silicon Oasis,Flagship,Recovering,KPI09,Digital Adoption Rate,HIGHER,85.8,85.8,87.1,75,2026-03-31
Dubai,Deira,Mariam Al Mansoori,Khalid Nasser,Rania Saleh,BR009,Silicon Oasis,Flagship,Recovering,KPI09,Digital Adoption Rate,HIGHER,85.8,87.1,88.7,75,2026-04-30
Dubai,Deira,Mariam Al Mansoori,Khalid Nasser,Rania Saleh,BR009,Silicon Oasis,Flagship,Recovering,KPI09,Digital Adoption Rate,HIGHER,87.1,88.7,89.0,75,2026-05-31
Dubai,Deira,Mariam Al Mansoori,Khalid Nasser,Rania Saleh,BR009,Silicon Oasis,Flagship,Recovering,KPI09,Digital Adoption Rate,HIGHER,88.7,89.0,90.5,75,2026-06-30
Dubai,Deira,Mariam Al Mansoori,Khalid Nasser,Rania Saleh,BR009,Silicon Oasis,Flagship,Recovering,KPI10,Repeat Complaint Rate,LOWER,7.8,8.2,8.5,8,2025-07-31
Dubai,Deira,Mariam Al Mansoori,Khalid Nasser,Rania Saleh,BR009,Silicon Oasis,Flagship,Recovering,KPI10,Repeat Complaint Rate,LOWER,8.2,8.5,8.5,8,2025-08-31
Dubai,Deira,Mariam Al Mansoori,Khalid Nasser,Rania Saleh,BR009,Silicon Oasis,Flagship,Recovering,KPI10,Repeat Complaint Rate,LOWER,8.5,8.5,8.6,8,2025-09-30
Dubai,Deira,Mariam Al Mansoori,Khalid Nasser,Rania Saleh,BR009,Silicon Oasis,Flagship,Recovering,KPI10,Repeat Complaint Rate,LOWER,8.5,8.6,8.8,8,2025-10-31
Dubai,Deira,Mariam Al Mansoori,Khalid Nasser,Rania Saleh,BR009,Silicon Oasis,Flagship,Recovering,KPI10,Repeat Complaint Rate,LOWER,8.6,8.8,8.5,8,2025-11-30
Dubai,Deira,Mariam Al Mansoori,Khalid Nasser,Rania Saleh,BR009,Silicon Oasis,Flagship,Recovering,KPI10,Repeat Complaint Rate,LOWER,8.8,8.5,7.7,8,2025-12-31
Dubai,Deira,Mariam Al Mansoori,Khalid Nasser,Rania Saleh,BR009,Silicon Oasis,Flagship,Recovering,KPI10,Repeat Complaint Rate,LOWER,8.5,7.7,7.4,8,2026-01-31
Dubai,Deira,Mariam Al Mansoori,Khalid Nasser,Rania Saleh,BR009,Silicon Oasis,Flagship,Recovering,KPI10,Repeat Complaint Rate,LOWER,7.7,7.4,6.7,8,2026-02-28
Dubai,Deira,Mariam Al Mansoori,Khalid Nasser,Rania Saleh,BR009,Silicon Oasis,Flagship,Recovering,KPI10,Repeat Complaint Rate,LOWER,7.4,6.7,6.9,8,2026-03-31
Dubai,Deira,Mariam Al Mansoori,Khalid Nasser,Rania Saleh,BR009,Silicon Oasis,Flagship,Recovering,KPI10,Repeat Complaint Rate,LOWER,6.7,6.9,6.2,8,2026-04-30
Dubai,Deira,Mariam Al Mansoori,Khalid Nasser,Rania Saleh,BR009,Silicon Oasis,Flagship,Recovering,KPI10,Repeat Complaint Rate,LOWER,6.9,6.2,5.5,8,2026-05-31
Dubai,Deira,Mariam Al Mansoori,Khalid Nasser,Rania Saleh,BR009,Silicon Oasis,Flagship,Recovering,KPI10,Repeat Complaint Rate,LOWER,6.2,5.5,5.1,8,2026-06-30
Abu Dhabi,Abu Dhabi City,Saeed Al Mazrouei,Noor Al Suwaidi,Imran Malik,BR010,Jebel Ali,Premium,Volatile,KPI01,CSAT,HIGHER,78.0,78.5,79.0,85,2025-07-31
Abu Dhabi,Abu Dhabi City,Saeed Al Mazrouei,Noor Al Suwaidi,Imran Malik,BR010,Jebel Ali,Premium,Volatile,KPI01,CSAT,HIGHER,78.5,79.0,77.9,85,2025-08-31
Abu Dhabi,Abu Dhabi City,Saeed Al Mazrouei,Noor Al Suwaidi,Imran Malik,BR010,Jebel Ali,Premium,Volatile,KPI01,CSAT,HIGHER,79.0,77.9,77.6,85,2025-09-30
Abu Dhabi,Abu Dhabi City,Saeed Al Mazrouei,Noor Al Suwaidi,Imran Malik,BR010,Jebel Ali,Premium,Volatile,KPI01,CSAT,HIGHER,77.9,77.6,78.1,85,2025-10-31
Abu Dhabi,Abu Dhabi City,Saeed Al Mazrouei,Noor Al Suwaidi,Imran Malik,BR010,Jebel Ali,Premium,Volatile,KPI01,CSAT,HIGHER,77.6,78.1,78.3,85,2025-11-30
Abu Dhabi,Abu Dhabi City,Saeed Al Mazrouei,Noor Al Suwaidi,Imran Malik,BR010,Jebel Ali,Premium,Volatile,KPI01,CSAT,HIGHER,78.1,78.3,77.7,85,2025-12-31
Abu Dhabi,Abu Dhabi City,Saeed Al Mazrouei,Noor Al Suwaidi,Imran Malik,BR010,Jebel Ali,Premium,Volatile,KPI01,CSAT,HIGHER,78.3,77.7,76.9,85,2026-01-31
Abu Dhabi,Abu Dhabi City,Saeed Al Mazrouei,Noor Al Suwaidi,Imran Malik,BR010,Jebel Ali,Premium,Volatile,KPI01,CSAT,HIGHER,77.7,76.9,76.6,85,2026-02-28
Abu Dhabi,Abu Dhabi City,Saeed Al Mazrouei,Noor Al Suwaidi,Imran Malik,BR010,Jebel Ali,Premium,Volatile,KPI01,CSAT,HIGHER,76.9,76.6,77.5,85,2026-03-31
Abu Dhabi,Abu Dhabi City,Saeed Al Mazrouei,Noor Al Suwaidi,Imran Malik,BR010,Jebel Ali,Premium,Volatile,KPI01,CSAT,HIGHER,76.6,77.5,77.4,85,2026-04-30
Abu Dhabi,Abu Dhabi City,Saeed Al Mazrouei,Noor Al Suwaidi,Imran Malik,BR010,Jebel Ali,Premium,Volatile,KPI01,CSAT,HIGHER,77.5,77.4,77.0,85,2026-05-31
Abu Dhabi,Abu Dhabi City,Saeed Al Mazrouei,Noor Al Suwaidi,Imran Malik,BR010,Jebel Ali,Premium,Volatile,KPI01,CSAT,HIGHER,77.4,77.0,77.0,85,2026-06-30
Abu Dhabi,Abu Dhabi City,Saeed Al Mazrouei,Noor Al Suwaidi,Imran Malik,BR010,Jebel Ali,Premium,Volatile,KPI02,NPS,HIGHER,26.3,27.5,26.3,40,2025-07-31
Abu Dhabi,Abu Dhabi City,Saeed Al Mazrouei,Noor Al Suwaidi,Imran Malik,BR010,Jebel Ali,Premium,Volatile,KPI02,NPS,HIGHER,27.5,26.3,25.9,40,2025-08-31
Abu Dhabi,Abu Dhabi City,Saeed Al Mazrouei,Noor Al Suwaidi,Imran Malik,BR010,Jebel Ali,Premium,Volatile,KPI02,NPS,HIGHER,26.3,25.9,24.9,40,2025-09-30
Abu Dhabi,Abu Dhabi City,Saeed Al Mazrouei,Noor Al Suwaidi,Imran Malik,BR010,Jebel Ali,Premium,Volatile,KPI02,NPS,HIGHER,25.9,24.9,26.4,40,2025-10-31
Abu Dhabi,Abu Dhabi City,Saeed Al Mazrouei,Noor Al Suwaidi,Imran Malik,BR010,Jebel Ali,Premium,Volatile,KPI02,NPS,HIGHER,24.9,26.4,27.8,40,2025-11-30
Abu Dhabi,Abu Dhabi City,Saeed Al Mazrouei,Noor Al Suwaidi,Imran Malik,BR010,Jebel Ali,Premium,Volatile,KPI02,NPS,HIGHER,26.4,27.8,27.9,40,2025-12-31
Abu Dhabi,Abu Dhabi City,Saeed Al Mazrouei,Noor Al Suwaidi,Imran Malik,BR010,Jebel Ali,Premium,Volatile,KPI02,NPS,HIGHER,27.8,27.9,27.3,40,2026-01-31
Abu Dhabi,Abu Dhabi City,Saeed Al Mazrouei,Noor Al Suwaidi,Imran Malik,BR010,Jebel Ali,Premium,Volatile,KPI02,NPS,HIGHER,27.9,27.3,27.0,40,2026-02-28
Abu Dhabi,Abu Dhabi City,Saeed Al Mazrouei,Noor Al Suwaidi,Imran Malik,BR010,Jebel Ali,Premium,Volatile,KPI02,NPS,HIGHER,27.3,27.0,28.5,40,2026-03-31
Abu Dhabi,Abu Dhabi City,Saeed Al Mazrouei,Noor Al Suwaidi,Imran Malik,BR010,Jebel Ali,Premium,Volatile,KPI02,NPS,HIGHER,27.0,28.5,32.2,40,2026-04-30
Abu Dhabi,Abu Dhabi City,Saeed Al Mazrouei,Noor Al Suwaidi,Imran Malik,BR010,Jebel Ali,Premium,Volatile,KPI02,NPS,HIGHER,28.5,32.2,31.3,40,2026-05-31
Abu Dhabi,Abu Dhabi City,Saeed Al Mazrouei,Noor Al Suwaidi,Imran Malik,BR010,Jebel Ali,Premium,Volatile,KPI02,NPS,HIGHER,32.2,31.3,30.0,40,2026-06-30
Abu Dhabi,Abu Dhabi City,Saeed Al Mazrouei,Noor Al Suwaidi,Imran Malik,BR010,Jebel Ali,Premium,Volatile,KPI03,Complaint Rate,LOWER,4.32,4.13,4.09,2.0,2025-07-31
Abu Dhabi,Abu Dhabi City,Saeed Al Mazrouei,Noor Al Suwaidi,Imran Malik,BR010,Jebel Ali,Premium,Volatile,KPI03,Complaint Rate,LOWER,4.13,4.09,4.15,2.0,2025-08-31
Abu Dhabi,Abu Dhabi City,Saeed Al Mazrouei,Noor Al Suwaidi,Imran Malik,BR010,Jebel Ali,Premium,Volatile,KPI03,Complaint Rate,LOWER,4.09,4.15,4.21,2.0,2025-09-30
Abu Dhabi,Abu Dhabi City,Saeed Al Mazrouei,Noor Al Suwaidi,Imran Malik,BR010,Jebel Ali,Premium,Volatile,KPI03,Complaint Rate,LOWER,4.15,4.21,4.27,2.0,2025-10-31
Abu Dhabi,Abu Dhabi City,Saeed Al Mazrouei,Noor Al Suwaidi,Imran Malik,BR010,Jebel Ali,Premium,Volatile,KPI03,Complaint Rate,LOWER,4.21,4.27,4.15,2.0,2025-11-30
Abu Dhabi,Abu Dhabi City,Saeed Al Mazrouei,Noor Al Suwaidi,Imran Malik,BR010,Jebel Ali,Premium,Volatile,KPI03,Complaint Rate,LOWER,4.27,4.15,4.12,2.0,2025-12-31
Abu Dhabi,Abu Dhabi City,Saeed Al Mazrouei,Noor Al Suwaidi,Imran Malik,BR010,Jebel Ali,Premium,Volatile,KPI03,Complaint Rate,LOWER,4.15,4.12,4.22,2.0,2026-01-31
Abu Dhabi,Abu Dhabi City,Saeed Al Mazrouei,Noor Al Suwaidi,Imran Malik,BR010,Jebel Ali,Premium,Volatile,KPI03,Complaint Rate,LOWER,4.12,4.22,4.2,2.0,2026-02-28
Abu Dhabi,Abu Dhabi City,Saeed Al Mazrouei,Noor Al Suwaidi,Imran Malik,BR010,Jebel Ali,Premium,Volatile,KPI03,Complaint Rate,LOWER,4.22,4.2,4.13,2.0,2026-03-31
Abu Dhabi,Abu Dhabi City,Saeed Al Mazrouei,Noor Al Suwaidi,Imran Malik,BR010,Jebel Ali,Premium,Volatile,KPI03,Complaint Rate,LOWER,4.2,4.13,4.05,2.0,2026-04-30
Abu Dhabi,Abu Dhabi City,Saeed Al Mazrouei,Noor Al Suwaidi,Imran Malik,BR010,Jebel Ali,Premium,Volatile,KPI03,Complaint Rate,LOWER,4.13,4.05,4.1,2.0,2026-05-31
Abu Dhabi,Abu Dhabi City,Saeed Al Mazrouei,Noor Al Suwaidi,Imran Malik,BR010,Jebel Ali,Premium,Volatile,KPI03,Complaint Rate,LOWER,4.05,4.1,4.32,2.0,2026-06-30
Abu Dhabi,Abu Dhabi City,Saeed Al Mazrouei,Noor Al Suwaidi,Imran Malik,BR010,Jebel Ali,Premium,Volatile,KPI04,Complaint Volume,LOWER,140.0,130.0,129.0,100,2025-07-31
Abu Dhabi,Abu Dhabi City,Saeed Al Mazrouei,Noor Al Suwaidi,Imran Malik,BR010,Jebel Ali,Premium,Volatile,KPI04,Complaint Volume,LOWER,130.0,129.0,136.0,100,2025-08-31
Abu Dhabi,Abu Dhabi City,Saeed Al Mazrouei,Noor Al Suwaidi,Imran Malik,BR010,Jebel Ali,Premium,Volatile,KPI04,Complaint Volume,LOWER,129.0,136.0,141.0,100,2025-09-30
Abu Dhabi,Abu Dhabi City,Saeed Al Mazrouei,Noor Al Suwaidi,Imran Malik,BR010,Jebel Ali,Premium,Volatile,KPI04,Complaint Volume,LOWER,136.0,141.0,139.0,100,2025-10-31
Abu Dhabi,Abu Dhabi City,Saeed Al Mazrouei,Noor Al Suwaidi,Imran Malik,BR010,Jebel Ali,Premium,Volatile,KPI04,Complaint Volume,LOWER,141.0,139.0,127.0,100,2025-11-30
Abu Dhabi,Abu Dhabi City,Saeed Al Mazrouei,Noor Al Suwaidi,Imran Malik,BR010,Jebel Ali,Premium,Volatile,KPI04,Complaint Volume,LOWER,139.0,127.0,130.0,100,2025-12-31
Abu Dhabi,Abu Dhabi City,Saeed Al Mazrouei,Noor Al Suwaidi,Imran Malik,BR010,Jebel Ali,Premium,Volatile,KPI04,Complaint Volume,LOWER,127.0,130.0,135.0,100,2026-01-31
Abu Dhabi,Abu Dhabi City,Saeed Al Mazrouei,Noor Al Suwaidi,Imran Malik,BR010,Jebel Ali,Premium,Volatile,KPI04,Complaint Volume,LOWER,130.0,135.0,138.0,100,2026-02-28
Abu Dhabi,Abu Dhabi City,Saeed Al Mazrouei,Noor Al Suwaidi,Imran Malik,BR010,Jebel Ali,Premium,Volatile,KPI04,Complaint Volume,LOWER,135.0,138.0,137.0,100,2026-03-31
Abu Dhabi,Abu Dhabi City,Saeed Al Mazrouei,Noor Al Suwaidi,Imran Malik,BR010,Jebel Ali,Premium,Volatile,KPI04,Complaint Volume,LOWER,138.0,137.0,129.0,100,2026-04-30
Abu Dhabi,Abu Dhabi City,Saeed Al Mazrouei,Noor Al Suwaidi,Imran Malik,BR010,Jebel Ali,Premium,Volatile,KPI04,Complaint Volume,LOWER,137.0,129.0,137.0,100,2026-05-31
Abu Dhabi,Abu Dhabi City,Saeed Al Mazrouei,Noor Al Suwaidi,Imran Malik,BR010,Jebel Ali,Premium,Volatile,KPI04,Complaint Volume,LOWER,129.0,137.0,143.0,100,2026-06-30
Abu Dhabi,Abu Dhabi City,Saeed Al Mazrouei,Noor Al Suwaidi,Imran Malik,BR010,Jebel Ali,Premium,Volatile,KPI05,Resolution Time,LOWER,3.14,3.06,2.96,3.0,2025-07-31
Abu Dhabi,Abu Dhabi City,Saeed Al Mazrouei,Noor Al Suwaidi,Imran Malik,BR010,Jebel Ali,Premium,Volatile,KPI05,Resolution Time,LOWER,3.06,2.96,3.03,3.0,2025-08-31
Abu Dhabi,Abu Dhabi City,Saeed Al Mazrouei,Noor Al Suwaidi,Imran Malik,BR010,Jebel Ali,Premium,Volatile,KPI05,Resolution Time,LOWER,2.96,3.03,3.05,3.0,2025-09-30
Abu Dhabi,Abu Dhabi City,Saeed Al Mazrouei,Noor Al Suwaidi,Imran Malik,BR010,Jebel Ali,Premium,Volatile,KPI05,Resolution Time,LOWER,3.03,3.05,3.04,3.0,2025-10-31
Abu Dhabi,Abu Dhabi City,Saeed Al Mazrouei,Noor Al Suwaidi,Imran Malik,BR010,Jebel Ali,Premium,Volatile,KPI05,Resolution Time,LOWER,3.05,3.04,3.08,3.0,2025-11-30
Abu Dhabi,Abu Dhabi City,Saeed Al Mazrouei,Noor Al Suwaidi,Imran Malik,BR010,Jebel Ali,Premium,Volatile,KPI05,Resolution Time,LOWER,3.04,3.08,3.19,3.0,2025-12-31
Abu Dhabi,Abu Dhabi City,Saeed Al Mazrouei,Noor Al Suwaidi,Imran Malik,BR010,Jebel Ali,Premium,Volatile,KPI05,Resolution Time,LOWER,3.08,3.19,3.41,3.0,2026-01-31
Abu Dhabi,Abu Dhabi City,Saeed Al Mazrouei,Noor Al Suwaidi,Imran Malik,BR010,Jebel Ali,Premium,Volatile,KPI05,Resolution Time,LOWER,3.19,3.41,3.51,3.0,2026-02-28
Abu Dhabi,Abu Dhabi City,Saeed Al Mazrouei,Noor Al Suwaidi,Imran Malik,BR010,Jebel Ali,Premium,Volatile,KPI05,Resolution Time,LOWER,3.41,3.51,3.17,3.0,2026-03-31
Abu Dhabi,Abu Dhabi City,Saeed Al Mazrouei,Noor Al Suwaidi,Imran Malik,BR010,Jebel Ali,Premium,Volatile,KPI05,Resolution Time,LOWER,3.51,3.17,3.05,3.0,2026-04-30
Abu Dhabi,Abu Dhabi City,Saeed Al Mazrouei,Noor Al Suwaidi,Imran Malik,BR010,Jebel Ali,Premium,Volatile,KPI05,Resolution Time,LOWER,3.17,3.05,3.04,3.0,2026-05-31
Abu Dhabi,Abu Dhabi City,Saeed Al Mazrouei,Noor Al Suwaidi,Imran Malik,BR010,Jebel Ali,Premium,Volatile,KPI05,Resolution Time,LOWER,3.05,3.04,3.16,3.0,2026-06-30
Abu Dhabi,Abu Dhabi City,Saeed Al Mazrouei,Noor Al Suwaidi,Imran Malik,BR010,Jebel Ali,Premium,Volatile,KPI06,SLA Compliance,HIGHER,86.3,86.2,86.4,95,2025-07-31
Abu Dhabi,Abu Dhabi City,Saeed Al Mazrouei,Noor Al Suwaidi,Imran Malik,BR010,Jebel Ali,Premium,Volatile,KPI06,SLA Compliance,HIGHER,86.2,86.4,86.0,95,2025-08-31
Abu Dhabi,Abu Dhabi City,Saeed Al Mazrouei,Noor Al Suwaidi,Imran Malik,BR010,Jebel Ali,Premium,Volatile,KPI06,SLA Compliance,HIGHER,86.4,86.0,85.5,95,2025-09-30
Abu Dhabi,Abu Dhabi City,Saeed Al Mazrouei,Noor Al Suwaidi,Imran Malik,BR010,Jebel Ali,Premium,Volatile,KPI06,SLA Compliance,HIGHER,86.0,85.5,85.5,95,2025-10-31
Abu Dhabi,Abu Dhabi City,Saeed Al Mazrouei,Noor Al Suwaidi,Imran Malik,BR010,Jebel Ali,Premium,Volatile,KPI06,SLA Compliance,HIGHER,85.5,85.5,86.1,95,2025-11-30
Abu Dhabi,Abu Dhabi City,Saeed Al Mazrouei,Noor Al Suwaidi,Imran Malik,BR010,Jebel Ali,Premium,Volatile,KPI06,SLA Compliance,HIGHER,85.5,86.1,85.6,95,2025-12-31
Abu Dhabi,Abu Dhabi City,Saeed Al Mazrouei,Noor Al Suwaidi,Imran Malik,BR010,Jebel Ali,Premium,Volatile,KPI06,SLA Compliance,HIGHER,86.1,85.6,85.0,95,2026-01-31
Abu Dhabi,Abu Dhabi City,Saeed Al Mazrouei,Noor Al Suwaidi,Imran Malik,BR010,Jebel Ali,Premium,Volatile,KPI06,SLA Compliance,HIGHER,85.6,85.0,84.2,95,2026-02-28
Abu Dhabi,Abu Dhabi City,Saeed Al Mazrouei,Noor Al Suwaidi,Imran Malik,BR010,Jebel Ali,Premium,Volatile,KPI06,SLA Compliance,HIGHER,85.0,84.2,84.7,95,2026-03-31
Abu Dhabi,Abu Dhabi City,Saeed Al Mazrouei,Noor Al Suwaidi,Imran Malik,BR010,Jebel Ali,Premium,Volatile,KPI06,SLA Compliance,HIGHER,84.2,84.7,85.3,95,2026-04-30
Abu Dhabi,Abu Dhabi City,Saeed Al Mazrouei,Noor Al Suwaidi,Imran Malik,BR010,Jebel Ali,Premium,Volatile,KPI06,SLA Compliance,HIGHER,84.7,85.3,84.3,95,2026-05-31
Abu Dhabi,Abu Dhabi City,Saeed Al Mazrouei,Noor Al Suwaidi,Imran Malik,BR010,Jebel Ali,Premium,Volatile,KPI06,SLA Compliance,HIGHER,85.3,84.3,83.5,95,2026-06-30
Abu Dhabi,Abu Dhabi City,Saeed Al Mazrouei,Noor Al Suwaidi,Imran Malik,BR010,Jebel Ali,Premium,Volatile,KPI07,First Contact Resolution,HIGHER,69.5,69.8,69.9,85,2025-07-31
Abu Dhabi,Abu Dhabi City,Saeed Al Mazrouei,Noor Al Suwaidi,Imran Malik,BR010,Jebel Ali,Premium,Volatile,KPI07,First Contact Resolution,HIGHER,69.8,69.9,68.7,85,2025-08-31
Abu Dhabi,Abu Dhabi City,Saeed Al Mazrouei,Noor Al Suwaidi,Imran Malik,BR010,Jebel Ali,Premium,Volatile,KPI07,First Contact Resolution,HIGHER,69.9,68.7,68.2,85,2025-09-30
Abu Dhabi,Abu Dhabi City,Saeed Al Mazrouei,Noor Al Suwaidi,Imran Malik,BR010,Jebel Ali,Premium,Volatile,KPI07,First Contact Resolution,HIGHER,68.7,68.2,68.4,85,2025-10-31
Abu Dhabi,Abu Dhabi City,Saeed Al Mazrouei,Noor Al Suwaidi,Imran Malik,BR010,Jebel Ali,Premium,Volatile,KPI07,First Contact Resolution,HIGHER,68.2,68.4,69.2,85,2025-11-30
Abu Dhabi,Abu Dhabi City,Saeed Al Mazrouei,Noor Al Suwaidi,Imran Malik,BR010,Jebel Ali,Premium,Volatile,KPI07,First Contact Resolution,HIGHER,68.4,69.2,68.7,85,2025-12-31
Abu Dhabi,Abu Dhabi City,Saeed Al Mazrouei,Noor Al Suwaidi,Imran Malik,BR010,Jebel Ali,Premium,Volatile,KPI07,First Contact Resolution,HIGHER,69.2,68.7,67.9,85,2026-01-31
Abu Dhabi,Abu Dhabi City,Saeed Al Mazrouei,Noor Al Suwaidi,Imran Malik,BR010,Jebel Ali,Premium,Volatile,KPI07,First Contact Resolution,HIGHER,68.7,67.9,67.7,85,2026-02-28
Abu Dhabi,Abu Dhabi City,Saeed Al Mazrouei,Noor Al Suwaidi,Imran Malik,BR010,Jebel Ali,Premium,Volatile,KPI07,First Contact Resolution,HIGHER,67.9,67.7,68.4,85,2026-03-31
Abu Dhabi,Abu Dhabi City,Saeed Al Mazrouei,Noor Al Suwaidi,Imran Malik,BR010,Jebel Ali,Premium,Volatile,KPI07,First Contact Resolution,HIGHER,67.7,68.4,69.1,85,2026-04-30
Abu Dhabi,Abu Dhabi City,Saeed Al Mazrouei,Noor Al Suwaidi,Imran Malik,BR010,Jebel Ali,Premium,Volatile,KPI07,First Contact Resolution,HIGHER,68.4,69.1,69.2,85,2026-05-31
Abu Dhabi,Abu Dhabi City,Saeed Al Mazrouei,Noor Al Suwaidi,Imran Malik,BR010,Jebel Ali,Premium,Volatile,KPI07,First Contact Resolution,HIGHER,69.1,69.2,68.2,85,2026-06-30
Abu Dhabi,Abu Dhabi City,Saeed Al Mazrouei,Noor Al Suwaidi,Imran Malik,BR010,Jebel Ali,Premium,Volatile,KPI08,Customer Effort Score,LOWER,5.13,5.03,4.99,3.0,2025-07-31
Abu Dhabi,Abu Dhabi City,Saeed Al Mazrouei,Noor Al Suwaidi,Imran Malik,BR010,Jebel Ali,Premium,Volatile,KPI08,Customer Effort Score,LOWER,5.03,4.99,5.03,3.0,2025-08-31
Abu Dhabi,Abu Dhabi City,Saeed Al Mazrouei,Noor Al Suwaidi,Imran Malik,BR010,Jebel Ali,Premium,Volatile,KPI08,Customer Effort Score,LOWER,4.99,5.03,5.05,3.0,2025-09-30
Abu Dhabi,Abu Dhabi City,Saeed Al Mazrouei,Noor Al Suwaidi,Imran Malik,BR010,Jebel Ali,Premium,Volatile,KPI08,Customer Effort Score,LOWER,5.03,5.05,5.08,3.0,2025-10-31
Abu Dhabi,Abu Dhabi City,Saeed Al Mazrouei,Noor Al Suwaidi,Imran Malik,BR010,Jebel Ali,Premium,Volatile,KPI08,Customer Effort Score,LOWER,5.05,5.08,5.02,3.0,2025-11-30
Abu Dhabi,Abu Dhabi City,Saeed Al Mazrouei,Noor Al Suwaidi,Imran Malik,BR010,Jebel Ali,Premium,Volatile,KPI08,Customer Effort Score,LOWER,5.08,5.02,4.99,3.0,2025-12-31
Abu Dhabi,Abu Dhabi City,Saeed Al Mazrouei,Noor Al Suwaidi,Imran Malik,BR010,Jebel Ali,Premium,Volatile,KPI08,Customer Effort Score,LOWER,5.02,4.99,5.11,3.0,2026-01-31
Abu Dhabi,Abu Dhabi City,Saeed Al Mazrouei,Noor Al Suwaidi,Imran Malik,BR010,Jebel Ali,Premium,Volatile,KPI08,Customer Effort Score,LOWER,4.99,5.11,5.18,3.0,2026-02-28
Abu Dhabi,Abu Dhabi City,Saeed Al Mazrouei,Noor Al Suwaidi,Imran Malik,BR010,Jebel Ali,Premium,Volatile,KPI08,Customer Effort Score,LOWER,5.11,5.18,5.17,3.0,2026-03-31
Abu Dhabi,Abu Dhabi City,Saeed Al Mazrouei,Noor Al Suwaidi,Imran Malik,BR010,Jebel Ali,Premium,Volatile,KPI08,Customer Effort Score,LOWER,5.18,5.17,5.05,3.0,2026-04-30
Abu Dhabi,Abu Dhabi City,Saeed Al Mazrouei,Noor Al Suwaidi,Imran Malik,BR010,Jebel Ali,Premium,Volatile,KPI08,Customer Effort Score,LOWER,5.17,5.05,5.13,3.0,2026-05-31
Abu Dhabi,Abu Dhabi City,Saeed Al Mazrouei,Noor Al Suwaidi,Imran Malik,BR010,Jebel Ali,Premium,Volatile,KPI08,Customer Effort Score,LOWER,5.05,5.13,5.18,3.0,2026-06-30
Abu Dhabi,Abu Dhabi City,Saeed Al Mazrouei,Noor Al Suwaidi,Imran Malik,BR010,Jebel Ali,Premium,Volatile,KPI09,Digital Adoption Rate,HIGHER,86.4,87.5,88.6,75,2025-07-31
Abu Dhabi,Abu Dhabi City,Saeed Al Mazrouei,Noor Al Suwaidi,Imran Malik,BR010,Jebel Ali,Premium,Volatile,KPI09,Digital Adoption Rate,HIGHER,87.5,88.6,87.4,75,2025-08-31
Abu Dhabi,Abu Dhabi City,Saeed Al Mazrouei,Noor Al Suwaidi,Imran Malik,BR010,Jebel Ali,Premium,Volatile,KPI09,Digital Adoption Rate,HIGHER,88.6,87.4,86.8,75,2025-09-30
Abu Dhabi,Abu Dhabi City,Saeed Al Mazrouei,Noor Al Suwaidi,Imran Malik,BR010,Jebel Ali,Premium,Volatile,KPI09,Digital Adoption Rate,HIGHER,87.4,86.8,86.4,75,2025-10-31
Abu Dhabi,Abu Dhabi City,Saeed Al Mazrouei,Noor Al Suwaidi,Imran Malik,BR010,Jebel Ali,Premium,Volatile,KPI09,Digital Adoption Rate,HIGHER,86.8,86.4,88.2,75,2025-11-30
Abu Dhabi,Abu Dhabi City,Saeed Al Mazrouei,Noor Al Suwaidi,Imran Malik,BR010,Jebel Ali,Premium,Volatile,KPI09,Digital Adoption Rate,HIGHER,86.4,88.2,88.5,75,2025-12-31
Abu Dhabi,Abu Dhabi City,Saeed Al Mazrouei,Noor Al Suwaidi,Imran Malik,BR010,Jebel Ali,Premium,Volatile,KPI09,Digital Adoption Rate,HIGHER,88.2,88.5,87.8,75,2026-01-31
Abu Dhabi,Abu Dhabi City,Saeed Al Mazrouei,Noor Al Suwaidi,Imran Malik,BR010,Jebel Ali,Premium,Volatile,KPI09,Digital Adoption Rate,HIGHER,88.5,87.8,86.7,75,2026-02-28
Abu Dhabi,Abu Dhabi City,Saeed Al Mazrouei,Noor Al Suwaidi,Imran Malik,BR010,Jebel Ali,Premium,Volatile,KPI09,Digital Adoption Rate,HIGHER,87.8,86.7,87.4,75,2026-03-31
Abu Dhabi,Abu Dhabi City,Saeed Al Mazrouei,Noor Al Suwaidi,Imran Malik,BR010,Jebel Ali,Premium,Volatile,KPI09,Digital Adoption Rate,HIGHER,86.7,87.4,88.5,75,2026-04-30
Abu Dhabi,Abu Dhabi City,Saeed Al Mazrouei,Noor Al Suwaidi,Imran Malik,BR010,Jebel Ali,Premium,Volatile,KPI09,Digital Adoption Rate,HIGHER,87.4,88.5,87.7,75,2026-05-31
Abu Dhabi,Abu Dhabi City,Saeed Al Mazrouei,Noor Al Suwaidi,Imran Malik,BR010,Jebel Ali,Premium,Volatile,KPI09,Digital Adoption Rate,HIGHER,88.5,87.7,86.2,75,2026-06-30
Abu Dhabi,Abu Dhabi City,Saeed Al Mazrouei,Noor Al Suwaidi,Imran Malik,BR010,Jebel Ali,Premium,Volatile,KPI10,Repeat Complaint Rate,LOWER,13.7,13.4,13.1,8,2025-07-31
Abu Dhabi,Abu Dhabi City,Saeed Al Mazrouei,Noor Al Suwaidi,Imran Malik,BR010,Jebel Ali,Premium,Volatile,KPI10,Repeat Complaint Rate,LOWER,13.4,13.1,13.6,8,2025-08-31
Abu Dhabi,Abu Dhabi City,Saeed Al Mazrouei,Noor Al Suwaidi,Imran Malik,BR010,Jebel Ali,Premium,Volatile,KPI10,Repeat Complaint Rate,LOWER,13.1,13.6,14.1,8,2025-09-30
Abu Dhabi,Abu Dhabi City,Saeed Al Mazrouei,Noor Al Suwaidi,Imran Malik,BR010,Jebel Ali,Premium,Volatile,KPI10,Repeat Complaint Rate,LOWER,13.6,14.1,13.7,8,2025-10-31
Abu Dhabi,Abu Dhabi City,Saeed Al Mazrouei,Noor Al Suwaidi,Imran Malik,BR010,Jebel Ali,Premium,Volatile,KPI10,Repeat Complaint Rate,LOWER,14.1,13.7,13.4,8,2025-11-30
Abu Dhabi,Abu Dhabi City,Saeed Al Mazrouei,Noor Al Suwaidi,Imran Malik,BR010,Jebel Ali,Premium,Volatile,KPI10,Repeat Complaint Rate,LOWER,13.7,13.4,13.4,8,2025-12-31
Abu Dhabi,Abu Dhabi City,Saeed Al Mazrouei,Noor Al Suwaidi,Imran Malik,BR010,Jebel Ali,Premium,Volatile,KPI10,Repeat Complaint Rate,LOWER,13.4,13.4,14.6,8,2026-01-31
Abu Dhabi,Abu Dhabi City,Saeed Al Mazrouei,Noor Al Suwaidi,Imran Malik,BR010,Jebel Ali,Premium,Volatile,KPI10,Repeat Complaint Rate,LOWER,13.4,14.6,14.7,8,2026-02-28
Abu Dhabi,Abu Dhabi City,Saeed Al Mazrouei,Noor Al Suwaidi,Imran Malik,BR010,Jebel Ali,Premium,Volatile,KPI10,Repeat Complaint Rate,LOWER,14.6,14.7,14.7,8,2026-03-31
Abu Dhabi,Abu Dhabi City,Saeed Al Mazrouei,Noor Al Suwaidi,Imran Malik,BR010,Jebel Ali,Premium,Volatile,KPI10,Repeat Complaint Rate,LOWER,14.7,14.7,14.4,8,2026-04-30
Abu Dhabi,Abu Dhabi City,Saeed Al Mazrouei,Noor Al Suwaidi,Imran Malik,BR010,Jebel Ali,Premium,Volatile,KPI10,Repeat Complaint Rate,LOWER,14.7,14.4,14.4,8,2026-05-31
Abu Dhabi,Abu Dhabi City,Saeed Al Mazrouei,Noor Al Suwaidi,Imran Malik,BR010,Jebel Ali,Premium,Volatile,KPI10,Repeat Complaint Rate,LOWER,14.4,14.4,15.2,8,2026-06-30
Sharjah,Al Nahda,Aisha Al Qasimi,Sara Mahmoud,Zara Hussain,BR011,Abu Dhabi Main,Standard,Improving,KPI01,CSAT,HIGHER,84.8,85.2,85.2,85,2025-07-31
Sharjah,Al Nahda,Aisha Al Qasimi,Sara Mahmoud,Zara Hussain,BR011,Abu Dhabi Main,Standard,Improving,KPI01,CSAT,HIGHER,85.2,85.2,85.2,85,2025-08-31
Sharjah,Al Nahda,Aisha Al Qasimi,Sara Mahmoud,Zara Hussain,BR011,Abu Dhabi Main,Standard,Improving,KPI01,CSAT,HIGHER,85.2,85.2,85.8,85,2025-09-30
Sharjah,Al Nahda,Aisha Al Qasimi,Sara Mahmoud,Zara Hussain,BR011,Abu Dhabi Main,Standard,Improving,KPI01,CSAT,HIGHER,85.2,85.8,86.2,85,2025-10-31
Sharjah,Al Nahda,Aisha Al Qasimi,Sara Mahmoud,Zara Hussain,BR011,Abu Dhabi Main,Standard,Improving,KPI01,CSAT,HIGHER,85.8,86.2,86.7,85,2025-11-30
Sharjah,Al Nahda,Aisha Al Qasimi,Sara Mahmoud,Zara Hussain,BR011,Abu Dhabi Main,Standard,Improving,KPI01,CSAT,HIGHER,86.2,86.7,86.8,85,2025-12-31
Sharjah,Al Nahda,Aisha Al Qasimi,Sara Mahmoud,Zara Hussain,BR011,Abu Dhabi Main,Standard,Improving,KPI01,CSAT,HIGHER,86.7,86.8,86.9,85,2026-01-31
Sharjah,Al Nahda,Aisha Al Qasimi,Sara Mahmoud,Zara Hussain,BR011,Abu Dhabi Main,Standard,Improving,KPI01,CSAT,HIGHER,86.8,86.9,87.7,85,2026-02-28
Sharjah,Al Nahda,Aisha Al Qasimi,Sara Mahmoud,Zara Hussain,BR011,Abu Dhabi Main,Standard,Improving,KPI01,CSAT,HIGHER,86.9,87.7,87.7,85,2026-03-31
Sharjah,Al Nahda,Aisha Al Qasimi,Sara Mahmoud,Zara Hussain,BR011,Abu Dhabi Main,Standard,Improving,KPI01,CSAT,HIGHER,87.7,87.7,87.8,85,2026-04-30
Sharjah,Al Nahda,Aisha Al Qasimi,Sara Mahmoud,Zara Hussain,BR011,Abu Dhabi Main,Standard,Improving,KPI01,CSAT,HIGHER,87.7,87.8,88.5,85,2026-05-31
Sharjah,Al Nahda,Aisha Al Qasimi,Sara Mahmoud,Zara Hussain,BR011,Abu Dhabi Main,Standard,Improving,KPI01,CSAT,HIGHER,87.8,88.5,88.9,85,2026-06-30
Sharjah,Al Nahda,Aisha Al Qasimi,Sara Mahmoud,Zara Hussain,BR011,Abu Dhabi Main,Standard,Improving,KPI02,NPS,HIGHER,45.6,46.2,46.3,40,2025-07-31
Sharjah,Al Nahda,Aisha Al Qasimi,Sara Mahmoud,Zara Hussain,BR011,Abu Dhabi Main,Standard,Improving,KPI02,NPS,HIGHER,46.2,46.3,48.0,40,2025-08-31
Sharjah,Al Nahda,Aisha Al Qasimi,Sara Mahmoud,Zara Hussain,BR011,Abu Dhabi Main,Standard,Improving,KPI02,NPS,HIGHER,46.3,48.0,49.0,40,2025-09-30
Sharjah,Al Nahda,Aisha Al Qasimi,Sara Mahmoud,Zara Hussain,BR011,Abu Dhabi Main,Standard,Improving,KPI02,NPS,HIGHER,48.0,49.0,50.4,40,2025-10-31
Sharjah,Al Nahda,Aisha Al Qasimi,Sara Mahmoud,Zara Hussain,BR011,Abu Dhabi Main,Standard,Improving,KPI02,NPS,HIGHER,49.0,50.4,51.3,40,2025-11-30
Sharjah,Al Nahda,Aisha Al Qasimi,Sara Mahmoud,Zara Hussain,BR011,Abu Dhabi Main,Standard,Improving,KPI02,NPS,HIGHER,50.4,51.3,51.3,40,2025-12-31
Sharjah,Al Nahda,Aisha Al Qasimi,Sara Mahmoud,Zara Hussain,BR011,Abu Dhabi Main,Standard,Improving,KPI02,NPS,HIGHER,51.3,51.3,51.6,40,2026-01-31
Sharjah,Al Nahda,Aisha Al Qasimi,Sara Mahmoud,Zara Hussain,BR011,Abu Dhabi Main,Standard,Improving,KPI02,NPS,HIGHER,51.3,51.6,53.2,40,2026-02-28
Sharjah,Al Nahda,Aisha Al Qasimi,Sara Mahmoud,Zara Hussain,BR011,Abu Dhabi Main,Standard,Improving,KPI02,NPS,HIGHER,51.6,53.2,54.2,40,2026-03-31
Sharjah,Al Nahda,Aisha Al Qasimi,Sara Mahmoud,Zara Hussain,BR011,Abu Dhabi Main,Standard,Improving,KPI02,NPS,HIGHER,53.2,54.2,55.8,40,2026-04-30
Sharjah,Al Nahda,Aisha Al Qasimi,Sara Mahmoud,Zara Hussain,BR011,Abu Dhabi Main,Standard,Improving,KPI02,NPS,HIGHER,54.2,55.8,54.3,40,2026-05-31
Sharjah,Al Nahda,Aisha Al Qasimi,Sara Mahmoud,Zara Hussain,BR011,Abu Dhabi Main,Standard,Improving,KPI02,NPS,HIGHER,55.8,54.3,56.2,40,2026-06-30
Sharjah,Al Nahda,Aisha Al Qasimi,Sara Mahmoud,Zara Hussain,BR011,Abu Dhabi Main,Standard,Improving,KPI03,Complaint Rate,LOWER,2.13,2.02,2.03,2.0,2025-07-31
Sharjah,Al Nahda,Aisha Al Qasimi,Sara Mahmoud,Zara Hussain,BR011,Abu Dhabi Main,Standard,Improving,KPI03,Complaint Rate,LOWER,2.02,2.03,2.03,2.0,2025-08-31
Sharjah,Al Nahda,Aisha Al Qasimi,Sara Mahmoud,Zara Hussain,BR011,Abu Dhabi Main,Standard,Improving,KPI03,Complaint Rate,LOWER,2.03,2.03,1.83,2.0,2025-09-30
Sharjah,Al Nahda,Aisha Al Qasimi,Sara Mahmoud,Zara Hussain,BR011,Abu Dhabi Main,Standard,Improving,KPI03,Complaint Rate,LOWER,2.03,1.83,1.79,2.0,2025-10-31
Sharjah,Al Nahda,Aisha Al Qasimi,Sara Mahmoud,Zara Hussain,BR011,Abu Dhabi Main,Standard,Improving,KPI03,Complaint Rate,LOWER,1.83,1.79,1.69,2.0,2025-11-30
Sharjah,Al Nahda,Aisha Al Qasimi,Sara Mahmoud,Zara Hussain,BR011,Abu Dhabi Main,Standard,Improving,KPI03,Complaint Rate,LOWER,1.79,1.69,1.63,2.0,2025-12-31
Sharjah,Al Nahda,Aisha Al Qasimi,Sara Mahmoud,Zara Hussain,BR011,Abu Dhabi Main,Standard,Improving,KPI03,Complaint Rate,LOWER,1.69,1.63,1.5,2.0,2026-01-31
Sharjah,Al Nahda,Aisha Al Qasimi,Sara Mahmoud,Zara Hussain,BR011,Abu Dhabi Main,Standard,Improving,KPI03,Complaint Rate,LOWER,1.63,1.5,1.32,2.0,2026-02-28
Sharjah,Al Nahda,Aisha Al Qasimi,Sara Mahmoud,Zara Hussain,BR011,Abu Dhabi Main,Standard,Improving,KPI03,Complaint Rate,LOWER,1.5,1.32,1.22,2.0,2026-03-31
Sharjah,Al Nahda,Aisha Al Qasimi,Sara Mahmoud,Zara Hussain,BR011,Abu Dhabi Main,Standard,Improving,KPI03,Complaint Rate,LOWER,1.32,1.22,1.19,2.0,2026-04-30
Sharjah,Al Nahda,Aisha Al Qasimi,Sara Mahmoud,Zara Hussain,BR011,Abu Dhabi Main,Standard,Improving,KPI03,Complaint Rate,LOWER,1.22,1.19,1.19,2.0,2026-05-31
Sharjah,Al Nahda,Aisha Al Qasimi,Sara Mahmoud,Zara Hussain,BR011,Abu Dhabi Main,Standard,Improving,KPI03,Complaint Rate,LOWER,1.19,1.19,1.14,2.0,2026-06-30
Sharjah,Al Nahda,Aisha Al Qasimi,Sara Mahmoud,Zara Hussain,BR011,Abu Dhabi Main,Standard,Improving,KPI04,Complaint Volume,LOWER,200.0,191.0,191.0,100,2025-07-31
Sharjah,Al Nahda,Aisha Al Qasimi,Sara Mahmoud,Zara Hussain,BR011,Abu Dhabi Main,Standard,Improving,KPI04,Complaint Volume,LOWER,191.0,191.0,185.0,100,2025-08-31
Sharjah,Al Nahda,Aisha Al Qasimi,Sara Mahmoud,Zara Hussain,BR011,Abu Dhabi Main,Standard,Improving,KPI04,Complaint Volume,LOWER,191.0,185.0,181.0,100,2025-09-30
Sharjah,Al Nahda,Aisha Al Qasimi,Sara Mahmoud,Zara Hussain,BR011,Abu Dhabi Main,Standard,Improving,KPI04,Complaint Volume,LOWER,185.0,181.0,173.0,100,2025-10-31
Sharjah,Al Nahda,Aisha Al Qasimi,Sara Mahmoud,Zara Hussain,BR011,Abu Dhabi Main,Standard,Improving,KPI04,Complaint Volume,LOWER,181.0,173.0,170.0,100,2025-11-30
Sharjah,Al Nahda,Aisha Al Qasimi,Sara Mahmoud,Zara Hussain,BR011,Abu Dhabi Main,Standard,Improving,KPI04,Complaint Volume,LOWER,173.0,170.0,167.0,100,2025-12-31
Sharjah,Al Nahda,Aisha Al Qasimi,Sara Mahmoud,Zara Hussain,BR011,Abu Dhabi Main,Standard,Improving,KPI04,Complaint Volume,LOWER,170.0,167.0,167.0,100,2026-01-31
Sharjah,Al Nahda,Aisha Al Qasimi,Sara Mahmoud,Zara Hussain,BR011,Abu Dhabi Main,Standard,Improving,KPI04,Complaint Volume,LOWER,167.0,167.0,167.0,100,2026-02-28
Sharjah,Al Nahda,Aisha Al Qasimi,Sara Mahmoud,Zara Hussain,BR011,Abu Dhabi Main,Standard,Improving,KPI04,Complaint Volume,LOWER,167.0,167.0,167.0,100,2026-03-31
Sharjah,Al Nahda,Aisha Al Qasimi,Sara Mahmoud,Zara Hussain,BR011,Abu Dhabi Main,Standard,Improving,KPI04,Complaint Volume,LOWER,167.0,167.0,164.0,100,2026-04-30
Sharjah,Al Nahda,Aisha Al Qasimi,Sara Mahmoud,Zara Hussain,BR011,Abu Dhabi Main,Standard,Improving,KPI04,Complaint Volume,LOWER,167.0,164.0,155.0,100,2026-05-31
Sharjah,Al Nahda,Aisha Al Qasimi,Sara Mahmoud,Zara Hussain,BR011,Abu Dhabi Main,Standard,Improving,KPI04,Complaint Volume,LOWER,164.0,155.0,155.0,100,2026-06-30
Sharjah,Al Nahda,Aisha Al Qasimi,Sara Mahmoud,Zara Hussain,BR011,Abu Dhabi Main,Standard,Improving,KPI05,Resolution Time,LOWER,4.36,4.25,4.04,3.0,2025-07-31
Sharjah,Al Nahda,Aisha Al Qasimi,Sara Mahmoud,Zara Hussain,BR011,Abu Dhabi Main,Standard,Improving,KPI05,Resolution Time,LOWER,4.25,4.04,4.23,3.0,2025-08-31
Sharjah,Al Nahda,Aisha Al Qasimi,Sara Mahmoud,Zara Hussain,BR011,Abu Dhabi Main,Standard,Improving,KPI05,Resolution Time,LOWER,4.04,4.23,4.11,3.0,2025-09-30
Sharjah,Al Nahda,Aisha Al Qasimi,Sara Mahmoud,Zara Hussain,BR011,Abu Dhabi Main,Standard,Improving,KPI05,Resolution Time,LOWER,4.23,4.11,3.93,3.0,2025-10-31
Sharjah,Al Nahda,Aisha Al Qasimi,Sara Mahmoud,Zara Hussain,BR011,Abu Dhabi Main,Standard,Improving,KPI05,Resolution Time,LOWER,4.11,3.93,3.85,3.0,2025-11-30
Sharjah,Al Nahda,Aisha Al Qasimi,Sara Mahmoud,Zara Hussain,BR011,Abu Dhabi Main,Standard,Improving,KPI05,Resolution Time,LOWER,3.93,3.85,3.61,3.0,2025-12-31
Sharjah,Al Nahda,Aisha Al Qasimi,Sara Mahmoud,Zara Hussain,BR011,Abu Dhabi Main,Standard,Improving,KPI05,Resolution Time,LOWER,3.85,3.61,3.7,3.0,2026-01-31
Sharjah,Al Nahda,Aisha Al Qasimi,Sara Mahmoud,Zara Hussain,BR011,Abu Dhabi Main,Standard,Improving,KPI05,Resolution Time,LOWER,3.61,3.7,3.7,3.0,2026-02-28
Sharjah,Al Nahda,Aisha Al Qasimi,Sara Mahmoud,Zara Hussain,BR011,Abu Dhabi Main,Standard,Improving,KPI05,Resolution Time,LOWER,3.7,3.7,3.55,3.0,2026-03-31
Sharjah,Al Nahda,Aisha Al Qasimi,Sara Mahmoud,Zara Hussain,BR011,Abu Dhabi Main,Standard,Improving,KPI05,Resolution Time,LOWER,3.7,3.55,3.39,3.0,2026-04-30
Sharjah,Al Nahda,Aisha Al Qasimi,Sara Mahmoud,Zara Hussain,BR011,Abu Dhabi Main,Standard,Improving,KPI05,Resolution Time,LOWER,3.55,3.39,3.27,3.0,2026-05-31
Sharjah,Al Nahda,Aisha Al Qasimi,Sara Mahmoud,Zara Hussain,BR011,Abu Dhabi Main,Standard,Improving,KPI05,Resolution Time,LOWER,3.39,3.27,3.11,3.0,2026-06-30
Sharjah,Al Nahda,Aisha Al Qasimi,Sara Mahmoud,Zara Hussain,BR011,Abu Dhabi Main,Standard,Improving,KPI06,SLA Compliance,HIGHER,95.2,95.2,96.0,95,2025-07-31
Sharjah,Al Nahda,Aisha Al Qasimi,Sara Mahmoud,Zara Hussain,BR011,Abu Dhabi Main,Standard,Improving,KPI06,SLA Compliance,HIGHER,95.2,96.0,97.3,95,2025-08-31
Sharjah,Al Nahda,Aisha Al Qasimi,Sara Mahmoud,Zara Hussain,BR011,Abu Dhabi Main,Standard,Improving,KPI06,SLA Compliance,HIGHER,96.0,97.3,97.0,95,2025-09-30
Sharjah,Al Nahda,Aisha Al Qasimi,Sara Mahmoud,Zara Hussain,BR011,Abu Dhabi Main,Standard,Improving,KPI06,SLA Compliance,HIGHER,97.3,97.0,97.8,95,2025-10-31
Sharjah,Al Nahda,Aisha Al Qasimi,Sara Mahmoud,Zara Hussain,BR011,Abu Dhabi Main,Standard,Improving,KPI06,SLA Compliance,HIGHER,97.0,97.8,98.4,95,2025-11-30
Sharjah,Al Nahda,Aisha Al Qasimi,Sara Mahmoud,Zara Hussain,BR011,Abu Dhabi Main,Standard,Improving,KPI06,SLA Compliance,HIGHER,97.8,98.4,99.0,95,2025-12-31
Sharjah,Al Nahda,Aisha Al Qasimi,Sara Mahmoud,Zara Hussain,BR011,Abu Dhabi Main,Standard,Improving,KPI06,SLA Compliance,HIGHER,98.4,99.0,99.5,95,2026-01-31
Sharjah,Al Nahda,Aisha Al Qasimi,Sara Mahmoud,Zara Hussain,BR011,Abu Dhabi Main,Standard,Improving,KPI06,SLA Compliance,HIGHER,99.0,99.5,100,95,2026-02-28
Sharjah,Al Nahda,Aisha Al Qasimi,Sara Mahmoud,Zara Hussain,BR011,Abu Dhabi Main,Standard,Improving,KPI06,SLA Compliance,HIGHER,99.5,100,100,95,2026-03-31
Sharjah,Al Nahda,Aisha Al Qasimi,Sara Mahmoud,Zara Hussain,BR011,Abu Dhabi Main,Standard,Improving,KPI06,SLA Compliance,HIGHER,100,100,100,95,2026-04-30
Sharjah,Al Nahda,Aisha Al Qasimi,Sara Mahmoud,Zara Hussain,BR011,Abu Dhabi Main,Standard,Improving,KPI06,SLA Compliance,HIGHER,100,100,100.0,95,2026-05-31
Sharjah,Al Nahda,Aisha Al Qasimi,Sara Mahmoud,Zara Hussain,BR011,Abu Dhabi Main,Standard,Improving,KPI06,SLA Compliance,HIGHER,100,100.0,100,95,2026-06-30
Sharjah,Al Nahda,Aisha Al Qasimi,Sara Mahmoud,Zara Hussain,BR011,Abu Dhabi Main,Standard,Improving,KPI07,First Contact Resolution,HIGHER,88.1,88.4,88.5,85,2025-07-31
Sharjah,Al Nahda,Aisha Al Qasimi,Sara Mahmoud,Zara Hussain,BR011,Abu Dhabi Main,Standard,Improving,KPI07,First Contact Resolution,HIGHER,88.4,88.5,88.7,85,2025-08-31
Sharjah,Al Nahda,Aisha Al Qasimi,Sara Mahmoud,Zara Hussain,BR011,Abu Dhabi Main,Standard,Improving,KPI07,First Contact Resolution,HIGHER,88.5,88.7,89.4,85,2025-09-30
Sharjah,Al Nahda,Aisha Al Qasimi,Sara Mahmoud,Zara Hussain,BR011,Abu Dhabi Main,Standard,Improving,KPI07,First Contact Resolution,HIGHER,88.7,89.4,90.2,85,2025-10-31
Sharjah,Al Nahda,Aisha Al Qasimi,Sara Mahmoud,Zara Hussain,BR011,Abu Dhabi Main,Standard,Improving,KPI07,First Contact Resolution,HIGHER,89.4,90.2,90.3,85,2025-11-30
Sharjah,Al Nahda,Aisha Al Qasimi,Sara Mahmoud,Zara Hussain,BR011,Abu Dhabi Main,Standard,Improving,KPI07,First Contact Resolution,HIGHER,90.2,90.3,90.7,85,2025-12-31
Sharjah,Al Nahda,Aisha Al Qasimi,Sara Mahmoud,Zara Hussain,BR011,Abu Dhabi Main,Standard,Improving,KPI07,First Contact Resolution,HIGHER,90.3,90.7,91.7,85,2026-01-31
Sharjah,Al Nahda,Aisha Al Qasimi,Sara Mahmoud,Zara Hussain,BR011,Abu Dhabi Main,Standard,Improving,KPI07,First Contact Resolution,HIGHER,90.7,91.7,93.1,85,2026-02-28
Sharjah,Al Nahda,Aisha Al Qasimi,Sara Mahmoud,Zara Hussain,BR011,Abu Dhabi Main,Standard,Improving,KPI07,First Contact Resolution,HIGHER,91.7,93.1,94.0,85,2026-03-31
Sharjah,Al Nahda,Aisha Al Qasimi,Sara Mahmoud,Zara Hussain,BR011,Abu Dhabi Main,Standard,Improving,KPI07,First Contact Resolution,HIGHER,93.1,94.0,95.0,85,2026-04-30
Sharjah,Al Nahda,Aisha Al Qasimi,Sara Mahmoud,Zara Hussain,BR011,Abu Dhabi Main,Standard,Improving,KPI07,First Contact Resolution,HIGHER,94.0,95.0,95.5,85,2026-05-31
Sharjah,Al Nahda,Aisha Al Qasimi,Sara Mahmoud,Zara Hussain,BR011,Abu Dhabi Main,Standard,Improving,KPI07,First Contact Resolution,HIGHER,95.0,95.5,95.4,85,2026-06-30
Sharjah,Al Nahda,Aisha Al Qasimi,Sara Mahmoud,Zara Hussain,BR011,Abu Dhabi Main,Standard,Improving,KPI08,Customer Effort Score,LOWER,4.55,4.46,4.41,3.0,2025-07-31
Sharjah,Al Nahda,Aisha Al Qasimi,Sara Mahmoud,Zara Hussain,BR011,Abu Dhabi Main,Standard,Improving,KPI08,Customer Effort Score,LOWER,4.46,4.41,4.36,3.0,2025-08-31
Sharjah,Al Nahda,Aisha Al Qasimi,Sara Mahmoud,Zara Hussain,BR011,Abu Dhabi Main,Standard,Improving,KPI08,Customer Effort Score,LOWER,4.41,4.36,4.26,3.0,2025-09-30
Sharjah,Al Nahda,Aisha Al Qasimi,Sara Mahmoud,Zara Hussain,BR011,Abu Dhabi Main,Standard,Improving,KPI08,Customer Effort Score,LOWER,4.36,4.26,4.15,3.0,2025-10-31
Sharjah,Al Nahda,Aisha Al Qasimi,Sara Mahmoud,Zara Hussain,BR011,Abu Dhabi Main,Standard,Improving,KPI08,Customer Effort Score,LOWER,4.26,4.15,4.04,3.0,2025-11-30
Sharjah,Al Nahda,Aisha Al Qasimi,Sara Mahmoud,Zara Hussain,BR011,Abu Dhabi Main,Standard,Improving,KPI08,Customer Effort Score,LOWER,4.15,4.04,3.91,3.0,2025-12-31
Sharjah,Al Nahda,Aisha Al Qasimi,Sara Mahmoud,Zara Hussain,BR011,Abu Dhabi Main,Standard,Improving,KPI08,Customer Effort Score,LOWER,4.04,3.91,3.79,3.0,2026-01-31
Sharjah,Al Nahda,Aisha Al Qasimi,Sara Mahmoud,Zara Hussain,BR011,Abu Dhabi Main,Standard,Improving,KPI08,Customer Effort Score,LOWER,3.91,3.79,3.77,3.0,2026-02-28
Sharjah,Al Nahda,Aisha Al Qasimi,Sara Mahmoud,Zara Hussain,BR011,Abu Dhabi Main,Standard,Improving,KPI08,Customer Effort Score,LOWER,3.79,3.77,3.64,3.0,2026-03-31
Sharjah,Al Nahda,Aisha Al Qasimi,Sara Mahmoud,Zara Hussain,BR011,Abu Dhabi Main,Standard,Improving,KPI08,Customer Effort Score,LOWER,3.77,3.64,3.58,3.0,2026-04-30
Sharjah,Al Nahda,Aisha Al Qasimi,Sara Mahmoud,Zara Hussain,BR011,Abu Dhabi Main,Standard,Improving,KPI08,Customer Effort Score,LOWER,3.64,3.58,3.49,3.0,2026-05-31
Sharjah,Al Nahda,Aisha Al Qasimi,Sara Mahmoud,Zara Hussain,BR011,Abu Dhabi Main,Standard,Improving,KPI08,Customer Effort Score,LOWER,3.58,3.49,3.55,3.0,2026-06-30
Sharjah,Al Nahda,Aisha Al Qasimi,Sara Mahmoud,Zara Hussain,BR011,Abu Dhabi Main,Standard,Improving,KPI09,Digital Adoption Rate,HIGHER,70.4,70.3,71.0,75,2025-07-31
Sharjah,Al Nahda,Aisha Al Qasimi,Sara Mahmoud,Zara Hussain,BR011,Abu Dhabi Main,Standard,Improving,KPI09,Digital Adoption Rate,HIGHER,70.3,71.0,71.9,75,2025-08-31
Sharjah,Al Nahda,Aisha Al Qasimi,Sara Mahmoud,Zara Hussain,BR011,Abu Dhabi Main,Standard,Improving,KPI09,Digital Adoption Rate,HIGHER,71.0,71.9,73.2,75,2025-09-30
Sharjah,Al Nahda,Aisha Al Qasimi,Sara Mahmoud,Zara Hussain,BR011,Abu Dhabi Main,Standard,Improving,KPI09,Digital Adoption Rate,HIGHER,71.9,73.2,74.2,75,2025-10-31
Sharjah,Al Nahda,Aisha Al Qasimi,Sara Mahmoud,Zara Hussain,BR011,Abu Dhabi Main,Standard,Improving,KPI09,Digital Adoption Rate,HIGHER,73.2,74.2,74.5,75,2025-11-30
Sharjah,Al Nahda,Aisha Al Qasimi,Sara Mahmoud,Zara Hussain,BR011,Abu Dhabi Main,Standard,Improving,KPI09,Digital Adoption Rate,HIGHER,74.2,74.5,75.3,75,2025-12-31
Sharjah,Al Nahda,Aisha Al Qasimi,Sara Mahmoud,Zara Hussain,BR011,Abu Dhabi Main,Standard,Improving,KPI09,Digital Adoption Rate,HIGHER,74.5,75.3,75.6,75,2026-01-31
Sharjah,Al Nahda,Aisha Al Qasimi,Sara Mahmoud,Zara Hussain,BR011,Abu Dhabi Main,Standard,Improving,KPI09,Digital Adoption Rate,HIGHER,75.3,75.6,76.1,75,2026-02-28
Sharjah,Al Nahda,Aisha Al Qasimi,Sara Mahmoud,Zara Hussain,BR011,Abu Dhabi Main,Standard,Improving,KPI09,Digital Adoption Rate,HIGHER,75.6,76.1,76.6,75,2026-03-31
Sharjah,Al Nahda,Aisha Al Qasimi,Sara Mahmoud,Zara Hussain,BR011,Abu Dhabi Main,Standard,Improving,KPI09,Digital Adoption Rate,HIGHER,76.1,76.6,76.4,75,2026-04-30
Sharjah,Al Nahda,Aisha Al Qasimi,Sara Mahmoud,Zara Hussain,BR011,Abu Dhabi Main,Standard,Improving,KPI09,Digital Adoption Rate,HIGHER,76.6,76.4,78.1,75,2026-05-31
Sharjah,Al Nahda,Aisha Al Qasimi,Sara Mahmoud,Zara Hussain,BR011,Abu Dhabi Main,Standard,Improving,KPI09,Digital Adoption Rate,HIGHER,76.4,78.1,77.7,75,2026-06-30
Sharjah,Al Nahda,Aisha Al Qasimi,Sara Mahmoud,Zara Hussain,BR011,Abu Dhabi Main,Standard,Improving,KPI10,Repeat Complaint Rate,LOWER,6.4,6.3,5.8,8,2025-07-31
Sharjah,Al Nahda,Aisha Al Qasimi,Sara Mahmoud,Zara Hussain,BR011,Abu Dhabi Main,Standard,Improving,KPI10,Repeat Complaint Rate,LOWER,6.3,5.8,5.8,8,2025-08-31
Sharjah,Al Nahda,Aisha Al Qasimi,Sara Mahmoud,Zara Hussain,BR011,Abu Dhabi Main,Standard,Improving,KPI10,Repeat Complaint Rate,LOWER,5.8,5.8,5.4,8,2025-09-30
Sharjah,Al Nahda,Aisha Al Qasimi,Sara Mahmoud,Zara Hussain,BR011,Abu Dhabi Main,Standard,Improving,KPI10,Repeat Complaint Rate,LOWER,5.8,5.4,5.3,8,2025-10-31
Sharjah,Al Nahda,Aisha Al Qasimi,Sara Mahmoud,Zara Hussain,BR011,Abu Dhabi Main,Standard,Improving,KPI10,Repeat Complaint Rate,LOWER,5.4,5.3,5.1,8,2025-11-30
Sharjah,Al Nahda,Aisha Al Qasimi,Sara Mahmoud,Zara Hussain,BR011,Abu Dhabi Main,Standard,Improving,KPI10,Repeat Complaint Rate,LOWER,5.3,5.1,4.9,8,2025-12-31
Sharjah,Al Nahda,Aisha Al Qasimi,Sara Mahmoud,Zara Hussain,BR011,Abu Dhabi Main,Standard,Improving,KPI10,Repeat Complaint Rate,LOWER,5.1,4.9,4.3,8,2026-01-31
Sharjah,Al Nahda,Aisha Al Qasimi,Sara Mahmoud,Zara Hussain,BR011,Abu Dhabi Main,Standard,Improving,KPI10,Repeat Complaint Rate,LOWER,4.9,4.3,4.2,8,2026-02-28
Sharjah,Al Nahda,Aisha Al Qasimi,Sara Mahmoud,Zara Hussain,BR011,Abu Dhabi Main,Standard,Improving,KPI10,Repeat Complaint Rate,LOWER,4.3,4.2,3.9,8,2026-03-31
Sharjah,Al Nahda,Aisha Al Qasimi,Sara Mahmoud,Zara Hussain,BR011,Abu Dhabi Main,Standard,Improving,KPI10,Repeat Complaint Rate,LOWER,4.2,3.9,4.1,8,2026-04-30
Sharjah,Al Nahda,Aisha Al Qasimi,Sara Mahmoud,Zara Hussain,BR011,Abu Dhabi Main,Standard,Improving,KPI10,Repeat Complaint Rate,LOWER,3.9,4.1,3.8,8,2026-05-31
Sharjah,Al Nahda,Aisha Al Qasimi,Sara Mahmoud,Zara Hussain,BR011,Abu Dhabi Main,Standard,Improving,KPI10,Repeat Complaint Rate,LOWER,4.1,3.8,3.7,8,2026-06-30
Northern Emirates,Fujairah,Noura Al Shamsi,Adel Ibrahim,Bilal Ahmed,BR012,Corniche,Digital Hub,Declining,KPI01,CSAT,HIGHER,81.7,81.9,81.0,85,2025-07-31
Northern Emirates,Fujairah,Noura Al Shamsi,Adel Ibrahim,Bilal Ahmed,BR012,Corniche,Digital Hub,Declining,KPI01,CSAT,HIGHER,81.9,81.0,80.6,85,2025-08-31
Northern Emirates,Fujairah,Noura Al Shamsi,Adel Ibrahim,Bilal Ahmed,BR012,Corniche,Digital Hub,Declining,KPI01,CSAT,HIGHER,81.0,80.6,79.9,85,2025-09-30
Northern Emirates,Fujairah,Noura Al Shamsi,Adel Ibrahim,Bilal Ahmed,BR012,Corniche,Digital Hub,Declining,KPI01,CSAT,HIGHER,80.6,79.9,79.4,85,2025-10-31
Northern Emirates,Fujairah,Noura Al Shamsi,Adel Ibrahim,Bilal Ahmed,BR012,Corniche,Digital Hub,Declining,KPI01,CSAT,HIGHER,79.9,79.4,79.8,85,2025-11-30
Northern Emirates,Fujairah,Noura Al Shamsi,Adel Ibrahim,Bilal Ahmed,BR012,Corniche,Digital Hub,Declining,KPI01,CSAT,HIGHER,79.4,79.8,75.5,85,2025-12-31
Northern Emirates,Fujairah,Noura Al Shamsi,Adel Ibrahim,Bilal Ahmed,BR012,Corniche,Digital Hub,Declining,KPI01,CSAT,HIGHER,79.8,75.5,74.2,85,2026-01-31
Northern Emirates,Fujairah,Noura Al Shamsi,Adel Ibrahim,Bilal Ahmed,BR012,Corniche,Digital Hub,Declining,KPI01,CSAT,HIGHER,75.5,74.2,73.7,85,2026-02-28
Northern Emirates,Fujairah,Noura Al Shamsi,Adel Ibrahim,Bilal Ahmed,BR012,Corniche,Digital Hub,Declining,KPI01,CSAT,HIGHER,74.2,73.7,73.4,85,2026-03-31
Northern Emirates,Fujairah,Noura Al Shamsi,Adel Ibrahim,Bilal Ahmed,BR012,Corniche,Digital Hub,Declining,KPI01,CSAT,HIGHER,73.7,73.4,73.2,85,2026-04-30
Northern Emirates,Fujairah,Noura Al Shamsi,Adel Ibrahim,Bilal Ahmed,BR012,Corniche,Digital Hub,Declining,KPI01,CSAT,HIGHER,73.4,73.2,73.2,85,2026-05-31
Northern Emirates,Fujairah,Noura Al Shamsi,Adel Ibrahim,Bilal Ahmed,BR012,Corniche,Digital Hub,Declining,KPI01,CSAT,HIGHER,73.2,73.2,72.9,85,2026-06-30
Northern Emirates,Fujairah,Noura Al Shamsi,Adel Ibrahim,Bilal Ahmed,BR012,Corniche,Digital Hub,Declining,KPI02,NPS,HIGHER,48.8,47.0,44.5,40,2025-07-31
Northern Emirates,Fujairah,Noura Al Shamsi,Adel Ibrahim,Bilal Ahmed,BR012,Corniche,Digital Hub,Declining,KPI02,NPS,HIGHER,47.0,44.5,43.2,40,2025-08-31
Northern Emirates,Fujairah,Noura Al Shamsi,Adel Ibrahim,Bilal Ahmed,BR012,Corniche,Digital Hub,Declining,KPI02,NPS,HIGHER,44.5,43.2,40.7,40,2025-09-30
Northern Emirates,Fujairah,Noura Al Shamsi,Adel Ibrahim,Bilal Ahmed,BR012,Corniche,Digital Hub,Declining,KPI02,NPS,HIGHER,43.2,40.7,40.4,40,2025-10-31
Northern Emirates,Fujairah,Noura Al Shamsi,Adel Ibrahim,Bilal Ahmed,BR012,Corniche,Digital Hub,Declining,KPI02,NPS,HIGHER,40.7,40.4,39.2,40,2025-11-30
Northern Emirates,Fujairah,Noura Al Shamsi,Adel Ibrahim,Bilal Ahmed,BR012,Corniche,Digital Hub,Declining,KPI02,NPS,HIGHER,40.4,39.2,32.8,40,2025-12-31
Northern Emirates,Fujairah,Noura Al Shamsi,Adel Ibrahim,Bilal Ahmed,BR012,Corniche,Digital Hub,Declining,KPI02,NPS,HIGHER,39.2,32.8,31.3,40,2026-01-31
Northern Emirates,Fujairah,Noura Al Shamsi,Adel Ibrahim,Bilal Ahmed,BR012,Corniche,Digital Hub,Declining,KPI02,NPS,HIGHER,32.8,31.3,30.9,40,2026-02-28
Northern Emirates,Fujairah,Noura Al Shamsi,Adel Ibrahim,Bilal Ahmed,BR012,Corniche,Digital Hub,Declining,KPI02,NPS,HIGHER,31.3,30.9,29.4,40,2026-03-31
Northern Emirates,Fujairah,Noura Al Shamsi,Adel Ibrahim,Bilal Ahmed,BR012,Corniche,Digital Hub,Declining,KPI02,NPS,HIGHER,30.9,29.4,28.2,40,2026-04-30
Northern Emirates,Fujairah,Noura Al Shamsi,Adel Ibrahim,Bilal Ahmed,BR012,Corniche,Digital Hub,Declining,KPI02,NPS,HIGHER,29.4,28.2,26.9,40,2026-05-31
Northern Emirates,Fujairah,Noura Al Shamsi,Adel Ibrahim,Bilal Ahmed,BR012,Corniche,Digital Hub,Declining,KPI02,NPS,HIGHER,28.2,26.9,25.8,40,2026-06-30
Northern Emirates,Fujairah,Noura Al Shamsi,Adel Ibrahim,Bilal Ahmed,BR012,Corniche,Digital Hub,Declining,KPI03,Complaint Rate,LOWER,2.94,2.97,3.14,2.0,2025-07-31
Northern Emirates,Fujairah,Noura Al Shamsi,Adel Ibrahim,Bilal Ahmed,BR012,Corniche,Digital Hub,Declining,KPI03,Complaint Rate,LOWER,2.97,3.14,3.21,2.0,2025-08-31
Northern Emirates,Fujairah,Noura Al Shamsi,Adel Ibrahim,Bilal Ahmed,BR012,Corniche,Digital Hub,Declining,KPI03,Complaint Rate,LOWER,3.14,3.21,3.41,2.0,2025-09-30
Northern Emirates,Fujairah,Noura Al Shamsi,Adel Ibrahim,Bilal Ahmed,BR012,Corniche,Digital Hub,Declining,KPI03,Complaint Rate,LOWER,3.21,3.41,3.59,2.0,2025-10-31
Northern Emirates,Fujairah,Noura Al Shamsi,Adel Ibrahim,Bilal Ahmed,BR012,Corniche,Digital Hub,Declining,KPI03,Complaint Rate,LOWER,3.41,3.59,3.59,2.0,2025-11-30
Northern Emirates,Fujairah,Noura Al Shamsi,Adel Ibrahim,Bilal Ahmed,BR012,Corniche,Digital Hub,Declining,KPI03,Complaint Rate,LOWER,3.59,3.59,4.64,2.0,2025-12-31
Northern Emirates,Fujairah,Noura Al Shamsi,Adel Ibrahim,Bilal Ahmed,BR012,Corniche,Digital Hub,Declining,KPI03,Complaint Rate,LOWER,3.59,4.64,4.64,2.0,2026-01-31
Northern Emirates,Fujairah,Noura Al Shamsi,Adel Ibrahim,Bilal Ahmed,BR012,Corniche,Digital Hub,Declining,KPI03,Complaint Rate,LOWER,4.64,4.64,4.84,2.0,2026-02-28
Northern Emirates,Fujairah,Noura Al Shamsi,Adel Ibrahim,Bilal Ahmed,BR012,Corniche,Digital Hub,Declining,KPI03,Complaint Rate,LOWER,4.64,4.84,4.91,2.0,2026-03-31
Northern Emirates,Fujairah,Noura Al Shamsi,Adel Ibrahim,Bilal Ahmed,BR012,Corniche,Digital Hub,Declining,KPI03,Complaint Rate,LOWER,4.84,4.91,4.95,2.0,2026-04-30
Northern Emirates,Fujairah,Noura Al Shamsi,Adel Ibrahim,Bilal Ahmed,BR012,Corniche,Digital Hub,Declining,KPI03,Complaint Rate,LOWER,4.91,4.95,4.95,2.0,2026-05-31
Northern Emirates,Fujairah,Noura Al Shamsi,Adel Ibrahim,Bilal Ahmed,BR012,Corniche,Digital Hub,Declining,KPI03,Complaint Rate,LOWER,4.95,4.95,5.03,2.0,2026-06-30
Northern Emirates,Fujairah,Noura Al Shamsi,Adel Ibrahim,Bilal Ahmed,BR012,Corniche,Digital Hub,Declining,KPI04,Complaint Volume,LOWER,59.0,66.0,67.0,100,2025-07-31
Northern Emirates,Fujairah,Noura Al Shamsi,Adel Ibrahim,Bilal Ahmed,BR012,Corniche,Digital Hub,Declining,KPI04,Complaint Volume,LOWER,66.0,67.0,72.0,100,2025-08-31
Northern Emirates,Fujairah,Noura Al Shamsi,Adel Ibrahim,Bilal Ahmed,BR012,Corniche,Digital Hub,Declining,KPI04,Complaint Volume,LOWER,67.0,72.0,73.0,100,2025-09-30
Northern Emirates,Fujairah,Noura Al Shamsi,Adel Ibrahim,Bilal Ahmed,BR012,Corniche,Digital Hub,Declining,KPI04,Complaint Volume,LOWER,72.0,73.0,75.0,100,2025-10-31
Northern Emirates,Fujairah,Noura Al Shamsi,Adel Ibrahim,Bilal Ahmed,BR012,Corniche,Digital Hub,Declining,KPI04,Complaint Volume,LOWER,73.0,75.0,77.0,100,2025-11-30
Northern Emirates,Fujairah,Noura Al Shamsi,Adel Ibrahim,Bilal Ahmed,BR012,Corniche,Digital Hub,Declining,KPI04,Complaint Volume,LOWER,75.0,77.0,138.0,100,2025-12-31
Northern Emirates,Fujairah,Noura Al Shamsi,Adel Ibrahim,Bilal Ahmed,BR012,Corniche,Digital Hub,Declining,KPI04,Complaint Volume,LOWER,77.0,138.0,148.0,100,2026-01-31
Northern Emirates,Fujairah,Noura Al Shamsi,Adel Ibrahim,Bilal Ahmed,BR012,Corniche,Digital Hub,Declining,KPI04,Complaint Volume,LOWER,138.0,148.0,162.0,100,2026-02-28
Northern Emirates,Fujairah,Noura Al Shamsi,Adel Ibrahim,Bilal Ahmed,BR012,Corniche,Digital Hub,Declining,KPI04,Complaint Volume,LOWER,148.0,162.0,166.0,100,2026-03-31
Northern Emirates,Fujairah,Noura Al Shamsi,Adel Ibrahim,Bilal Ahmed,BR012,Corniche,Digital Hub,Declining,KPI04,Complaint Volume,LOWER,162.0,166.0,167.0,100,2026-04-30
Northern Emirates,Fujairah,Noura Al Shamsi,Adel Ibrahim,Bilal Ahmed,BR012,Corniche,Digital Hub,Declining,KPI04,Complaint Volume,LOWER,166.0,167.0,168.0,100,2026-05-31
Northern Emirates,Fujairah,Noura Al Shamsi,Adel Ibrahim,Bilal Ahmed,BR012,Corniche,Digital Hub,Declining,KPI04,Complaint Volume,LOWER,167.0,168.0,179.0,100,2026-06-30
Northern Emirates,Fujairah,Noura Al Shamsi,Adel Ibrahim,Bilal Ahmed,BR012,Corniche,Digital Hub,Declining,KPI05,Resolution Time,LOWER,4.47,4.51,4.63,3.0,2025-07-31
Northern Emirates,Fujairah,Noura Al Shamsi,Adel Ibrahim,Bilal Ahmed,BR012,Corniche,Digital Hub,Declining,KPI05,Resolution Time,LOWER,4.51,4.63,4.66,3.0,2025-08-31
Northern Emirates,Fujairah,Noura Al Shamsi,Adel Ibrahim,Bilal Ahmed,BR012,Corniche,Digital Hub,Declining,KPI05,Resolution Time,LOWER,4.63,4.66,4.66,3.0,2025-09-30
Northern Emirates,Fujairah,Noura Al Shamsi,Adel Ibrahim,Bilal Ahmed,BR012,Corniche,Digital Hub,Declining,KPI05,Resolution Time,LOWER,4.66,4.66,4.56,3.0,2025-10-31
Northern Emirates,Fujairah,Noura Al Shamsi,Adel Ibrahim,Bilal Ahmed,BR012,Corniche,Digital Hub,Declining,KPI05,Resolution Time,LOWER,4.66,4.56,4.54,3.0,2025-11-30
Northern Emirates,Fujairah,Noura Al Shamsi,Adel Ibrahim,Bilal Ahmed,BR012,Corniche,Digital Hub,Declining,KPI05,Resolution Time,LOWER,4.56,4.54,4.57,3.0,2025-12-31
Northern Emirates,Fujairah,Noura Al Shamsi,Adel Ibrahim,Bilal Ahmed,BR012,Corniche,Digital Hub,Declining,KPI05,Resolution Time,LOWER,4.54,4.57,4.64,3.0,2026-01-31
Northern Emirates,Fujairah,Noura Al Shamsi,Adel Ibrahim,Bilal Ahmed,BR012,Corniche,Digital Hub,Declining,KPI05,Resolution Time,LOWER,4.57,4.64,4.63,3.0,2026-02-28
Northern Emirates,Fujairah,Noura Al Shamsi,Adel Ibrahim,Bilal Ahmed,BR012,Corniche,Digital Hub,Declining,KPI05,Resolution Time,LOWER,4.64,4.63,4.81,3.0,2026-03-31
Northern Emirates,Fujairah,Noura Al Shamsi,Adel Ibrahim,Bilal Ahmed,BR012,Corniche,Digital Hub,Declining,KPI05,Resolution Time,LOWER,4.63,4.81,4.91,3.0,2026-04-30
Northern Emirates,Fujairah,Noura Al Shamsi,Adel Ibrahim,Bilal Ahmed,BR012,Corniche,Digital Hub,Declining,KPI05,Resolution Time,LOWER,4.81,4.91,5.14,3.0,2026-05-31
Northern Emirates,Fujairah,Noura Al Shamsi,Adel Ibrahim,Bilal Ahmed,BR012,Corniche,Digital Hub,Declining,KPI05,Resolution Time,LOWER,4.91,5.14,5.21,3.0,2026-06-30
Northern Emirates,Fujairah,Noura Al Shamsi,Adel Ibrahim,Bilal Ahmed,BR012,Corniche,Digital Hub,Declining,KPI06,SLA Compliance,HIGHER,91.8,91.1,90.4,95,2025-07-31
Northern Emirates,Fujairah,Noura Al Shamsi,Adel Ibrahim,Bilal Ahmed,BR012,Corniche,Digital Hub,Declining,KPI06,SLA Compliance,HIGHER,91.1,90.4,89.9,95,2025-08-31
Northern Emirates,Fujairah,Noura Al Shamsi,Adel Ibrahim,Bilal Ahmed,BR012,Corniche,Digital Hub,Declining,KPI06,SLA Compliance,HIGHER,90.4,89.9,89.1,95,2025-09-30
Northern Emirates,Fujairah,Noura Al Shamsi,Adel Ibrahim,Bilal Ahmed,BR012,Corniche,Digital Hub,Declining,KPI06,SLA Compliance,HIGHER,89.9,89.1,88.3,95,2025-10-31
Northern Emirates,Fujairah,Noura Al Shamsi,Adel Ibrahim,Bilal Ahmed,BR012,Corniche,Digital Hub,Declining,KPI06,SLA Compliance,HIGHER,89.1,88.3,87.9,95,2025-11-30
Northern Emirates,Fujairah,Noura Al Shamsi,Adel Ibrahim,Bilal Ahmed,BR012,Corniche,Digital Hub,Declining,KPI06,SLA Compliance,HIGHER,88.3,87.9,87.3,95,2025-12-31
Northern Emirates,Fujairah,Noura Al Shamsi,Adel Ibrahim,Bilal Ahmed,BR012,Corniche,Digital Hub,Declining,KPI06,SLA Compliance,HIGHER,87.9,87.3,86.8,95,2026-01-31
Northern Emirates,Fujairah,Noura Al Shamsi,Adel Ibrahim,Bilal Ahmed,BR012,Corniche,Digital Hub,Declining,KPI06,SLA Compliance,HIGHER,87.3,86.8,86.3,95,2026-02-28
Northern Emirates,Fujairah,Noura Al Shamsi,Adel Ibrahim,Bilal Ahmed,BR012,Corniche,Digital Hub,Declining,KPI06,SLA Compliance,HIGHER,86.8,86.3,86.0,95,2026-03-31
Northern Emirates,Fujairah,Noura Al Shamsi,Adel Ibrahim,Bilal Ahmed,BR012,Corniche,Digital Hub,Declining,KPI06,SLA Compliance,HIGHER,86.3,86.0,85.5,95,2026-04-30
Northern Emirates,Fujairah,Noura Al Shamsi,Adel Ibrahim,Bilal Ahmed,BR012,Corniche,Digital Hub,Declining,KPI06,SLA Compliance,HIGHER,86.0,85.5,85.3,95,2026-05-31
Northern Emirates,Fujairah,Noura Al Shamsi,Adel Ibrahim,Bilal Ahmed,BR012,Corniche,Digital Hub,Declining,KPI06,SLA Compliance,HIGHER,85.5,85.3,84.9,95,2026-06-30
Northern Emirates,Fujairah,Noura Al Shamsi,Adel Ibrahim,Bilal Ahmed,BR012,Corniche,Digital Hub,Declining,KPI07,First Contact Resolution,HIGHER,68.1,67.2,66.8,85,2025-07-31
Northern Emirates,Fujairah,Noura Al Shamsi,Adel Ibrahim,Bilal Ahmed,BR012,Corniche,Digital Hub,Declining,KPI07,First Contact Resolution,HIGHER,67.2,66.8,65.3,85,2025-08-31
Northern Emirates,Fujairah,Noura Al Shamsi,Adel Ibrahim,Bilal Ahmed,BR012,Corniche,Digital Hub,Declining,KPI07,First Contact Resolution,HIGHER,66.8,65.3,65.3,85,2025-09-30
Northern Emirates,Fujairah,Noura Al Shamsi,Adel Ibrahim,Bilal Ahmed,BR012,Corniche,Digital Hub,Declining,KPI07,First Contact Resolution,HIGHER,65.3,65.3,64.2,85,2025-10-31
Northern Emirates,Fujairah,Noura Al Shamsi,Adel Ibrahim,Bilal Ahmed,BR012,Corniche,Digital Hub,Declining,KPI07,First Contact Resolution,HIGHER,65.3,64.2,63.9,85,2025-11-30
Northern Emirates,Fujairah,Noura Al Shamsi,Adel Ibrahim,Bilal Ahmed,BR012,Corniche,Digital Hub,Declining,KPI07,First Contact Resolution,HIGHER,64.2,63.9,63.5,85,2025-12-31
Northern Emirates,Fujairah,Noura Al Shamsi,Adel Ibrahim,Bilal Ahmed,BR012,Corniche,Digital Hub,Declining,KPI07,First Contact Resolution,HIGHER,63.9,63.5,63.0,85,2026-01-31
Northern Emirates,Fujairah,Noura Al Shamsi,Adel Ibrahim,Bilal Ahmed,BR012,Corniche,Digital Hub,Declining,KPI07,First Contact Resolution,HIGHER,63.5,63.0,62.9,85,2026-02-28
Northern Emirates,Fujairah,Noura Al Shamsi,Adel Ibrahim,Bilal Ahmed,BR012,Corniche,Digital Hub,Declining,KPI07,First Contact Resolution,HIGHER,63.0,62.9,62.1,85,2026-03-31
Northern Emirates,Fujairah,Noura Al Shamsi,Adel Ibrahim,Bilal Ahmed,BR012,Corniche,Digital Hub,Declining,KPI07,First Contact Resolution,HIGHER,62.9,62.1,61.1,85,2026-04-30
Northern Emirates,Fujairah,Noura Al Shamsi,Adel Ibrahim,Bilal Ahmed,BR012,Corniche,Digital Hub,Declining,KPI07,First Contact Resolution,HIGHER,62.1,61.1,60.5,85,2026-05-31
Northern Emirates,Fujairah,Noura Al Shamsi,Adel Ibrahim,Bilal Ahmed,BR012,Corniche,Digital Hub,Declining,KPI07,First Contact Resolution,HIGHER,61.1,60.5,60.2,85,2026-06-30
Northern Emirates,Fujairah,Noura Al Shamsi,Adel Ibrahim,Bilal Ahmed,BR012,Corniche,Digital Hub,Declining,KPI08,Customer Effort Score,LOWER,4.95,5.05,5.12,3.0,2025-07-31
Northern Emirates,Fujairah,Noura Al Shamsi,Adel Ibrahim,Bilal Ahmed,BR012,Corniche,Digital Hub,Declining,KPI08,Customer Effort Score,LOWER,5.05,5.12,5.11,3.0,2025-08-31
Northern Emirates,Fujairah,Noura Al Shamsi,Adel Ibrahim,Bilal Ahmed,BR012,Corniche,Digital Hub,Declining,KPI08,Customer Effort Score,LOWER,5.12,5.11,5.12,3.0,2025-09-30
Northern Emirates,Fujairah,Noura Al Shamsi,Adel Ibrahim,Bilal Ahmed,BR012,Corniche,Digital Hub,Declining,KPI08,Customer Effort Score,LOWER,5.11,5.12,5.12,3.0,2025-10-31
Northern Emirates,Fujairah,Noura Al Shamsi,Adel Ibrahim,Bilal Ahmed,BR012,Corniche,Digital Hub,Declining,KPI08,Customer Effort Score,LOWER,5.12,5.12,5.16,3.0,2025-11-30
Northern Emirates,Fujairah,Noura Al Shamsi,Adel Ibrahim,Bilal Ahmed,BR012,Corniche,Digital Hub,Declining,KPI08,Customer Effort Score,LOWER,5.12,5.16,5.2,3.0,2025-12-31
Northern Emirates,Fujairah,Noura Al Shamsi,Adel Ibrahim,Bilal Ahmed,BR012,Corniche,Digital Hub,Declining,KPI08,Customer Effort Score,LOWER,5.16,5.2,5.26,3.0,2026-01-31
Northern Emirates,Fujairah,Noura Al Shamsi,Adel Ibrahim,Bilal Ahmed,BR012,Corniche,Digital Hub,Declining,KPI08,Customer Effort Score,LOWER,5.2,5.26,5.38,3.0,2026-02-28
Northern Emirates,Fujairah,Noura Al Shamsi,Adel Ibrahim,Bilal Ahmed,BR012,Corniche,Digital Hub,Declining,KPI08,Customer Effort Score,LOWER,5.26,5.38,5.46,3.0,2026-03-31
Northern Emirates,Fujairah,Noura Al Shamsi,Adel Ibrahim,Bilal Ahmed,BR012,Corniche,Digital Hub,Declining,KPI08,Customer Effort Score,LOWER,5.38,5.46,5.65,3.0,2026-04-30
Northern Emirates,Fujairah,Noura Al Shamsi,Adel Ibrahim,Bilal Ahmed,BR012,Corniche,Digital Hub,Declining,KPI08,Customer Effort Score,LOWER,5.46,5.65,5.7,3.0,2026-05-31
Northern Emirates,Fujairah,Noura Al Shamsi,Adel Ibrahim,Bilal Ahmed,BR012,Corniche,Digital Hub,Declining,KPI08,Customer Effort Score,LOWER,5.65,5.7,5.79,3.0,2026-06-30
Northern Emirates,Fujairah,Noura Al Shamsi,Adel Ibrahim,Bilal Ahmed,BR012,Corniche,Digital Hub,Declining,KPI09,Digital Adoption Rate,HIGHER,66.6,65.4,63.8,75,2025-07-31
Northern Emirates,Fujairah,Noura Al Shamsi,Adel Ibrahim,Bilal Ahmed,BR012,Corniche,Digital Hub,Declining,KPI09,Digital Adoption Rate,HIGHER,65.4,63.8,64.2,75,2025-08-31
Northern Emirates,Fujairah,Noura Al Shamsi,Adel Ibrahim,Bilal Ahmed,BR012,Corniche,Digital Hub,Declining,KPI09,Digital Adoption Rate,HIGHER,63.8,64.2,63.6,75,2025-09-30
Northern Emirates,Fujairah,Noura Al Shamsi,Adel Ibrahim,Bilal Ahmed,BR012,Corniche,Digital Hub,Declining,KPI09,Digital Adoption Rate,HIGHER,64.2,63.6,62.4,75,2025-10-31
Northern Emirates,Fujairah,Noura Al Shamsi,Adel Ibrahim,Bilal Ahmed,BR012,Corniche,Digital Hub,Declining,KPI09,Digital Adoption Rate,HIGHER,63.6,62.4,62.4,75,2025-11-30
Northern Emirates,Fujairah,Noura Al Shamsi,Adel Ibrahim,Bilal Ahmed,BR012,Corniche,Digital Hub,Declining,KPI09,Digital Adoption Rate,HIGHER,62.4,62.4,62.2,75,2025-12-31
Northern Emirates,Fujairah,Noura Al Shamsi,Adel Ibrahim,Bilal Ahmed,BR012,Corniche,Digital Hub,Declining,KPI09,Digital Adoption Rate,HIGHER,62.4,62.2,60.3,75,2026-01-31
Northern Emirates,Fujairah,Noura Al Shamsi,Adel Ibrahim,Bilal Ahmed,BR012,Corniche,Digital Hub,Declining,KPI09,Digital Adoption Rate,HIGHER,62.2,60.3,60.7,75,2026-02-28
Northern Emirates,Fujairah,Noura Al Shamsi,Adel Ibrahim,Bilal Ahmed,BR012,Corniche,Digital Hub,Declining,KPI09,Digital Adoption Rate,HIGHER,60.3,60.7,60.6,75,2026-03-31
Northern Emirates,Fujairah,Noura Al Shamsi,Adel Ibrahim,Bilal Ahmed,BR012,Corniche,Digital Hub,Declining,KPI09,Digital Adoption Rate,HIGHER,60.7,60.6,58.5,75,2026-04-30
Northern Emirates,Fujairah,Noura Al Shamsi,Adel Ibrahim,Bilal Ahmed,BR012,Corniche,Digital Hub,Declining,KPI09,Digital Adoption Rate,HIGHER,60.6,58.5,58.0,75,2026-05-31
Northern Emirates,Fujairah,Noura Al Shamsi,Adel Ibrahim,Bilal Ahmed,BR012,Corniche,Digital Hub,Declining,KPI09,Digital Adoption Rate,HIGHER,58.5,58.0,56.8,75,2026-06-30
Northern Emirates,Fujairah,Noura Al Shamsi,Adel Ibrahim,Bilal Ahmed,BR012,Corniche,Digital Hub,Declining,KPI10,Repeat Complaint Rate,LOWER,9.6,9.7,9.8,8,2025-07-31
Northern Emirates,Fujairah,Noura Al Shamsi,Adel Ibrahim,Bilal Ahmed,BR012,Corniche,Digital Hub,Declining,KPI10,Repeat Complaint Rate,LOWER,9.7,9.8,10.3,8,2025-08-31
Northern Emirates,Fujairah,Noura Al Shamsi,Adel Ibrahim,Bilal Ahmed,BR012,Corniche,Digital Hub,Declining,KPI10,Repeat Complaint Rate,LOWER,9.8,10.3,10.4,8,2025-09-30
Northern Emirates,Fujairah,Noura Al Shamsi,Adel Ibrahim,Bilal Ahmed,BR012,Corniche,Digital Hub,Declining,KPI10,Repeat Complaint Rate,LOWER,10.3,10.4,10.8,8,2025-10-31
Northern Emirates,Fujairah,Noura Al Shamsi,Adel Ibrahim,Bilal Ahmed,BR012,Corniche,Digital Hub,Declining,KPI10,Repeat Complaint Rate,LOWER,10.4,10.8,10.5,8,2025-11-30
Northern Emirates,Fujairah,Noura Al Shamsi,Adel Ibrahim,Bilal Ahmed,BR012,Corniche,Digital Hub,Declining,KPI10,Repeat Complaint Rate,LOWER,10.8,10.5,10.7,8,2025-12-31
Northern Emirates,Fujairah,Noura Al Shamsi,Adel Ibrahim,Bilal Ahmed,BR012,Corniche,Digital Hub,Declining,KPI10,Repeat Complaint Rate,LOWER,10.5,10.7,11.0,8,2026-01-31
Northern Emirates,Fujairah,Noura Al Shamsi,Adel Ibrahim,Bilal Ahmed,BR012,Corniche,Digital Hub,Declining,KPI10,Repeat Complaint Rate,LOWER,10.7,11.0,11.2,8,2026-02-28
Northern Emirates,Fujairah,Noura Al Shamsi,Adel Ibrahim,Bilal Ahmed,BR012,Corniche,Digital Hub,Declining,KPI10,Repeat Complaint Rate,LOWER,11.0,11.2,11.3,8,2026-03-31
Northern Emirates,Fujairah,Noura Al Shamsi,Adel Ibrahim,Bilal Ahmed,BR012,Corniche,Digital Hub,Declining,KPI10,Repeat Complaint Rate,LOWER,11.2,11.3,11.4,8,2026-04-30
Northern Emirates,Fujairah,Noura Al Shamsi,Adel Ibrahim,Bilal Ahmed,BR012,Corniche,Digital Hub,Declining,KPI10,Repeat Complaint Rate,LOWER,11.3,11.4,11.7,8,2026-05-31
Northern Emirates,Fujairah,Noura Al Shamsi,Adel Ibrahim,Bilal Ahmed,BR012,Corniche,Digital Hub,Declining,KPI10,Repeat Complaint Rate,LOWER,11.4,11.7,12.5,8,2026-06-30
Dubai,Central Dubai,Mariam Al Mansoori,Omar Rahman,Lina Farooq,BR013,Khalifa City,Flagship,Stable,KPI01,CSAT,HIGHER,82.6,82.5,82.0,85,2025-07-31
Dubai,Central Dubai,Mariam Al Mansoori,Omar Rahman,Lina Farooq,BR013,Khalifa City,Flagship,Stable,KPI01,CSAT,HIGHER,82.5,82.0,82.3,85,2025-08-31
Dubai,Central Dubai,Mariam Al Mansoori,Omar Rahman,Lina Farooq,BR013,Khalifa City,Flagship,Stable,KPI01,CSAT,HIGHER,82.0,82.3,82.8,85,2025-09-30
Dubai,Central Dubai,Mariam Al Mansoori,Omar Rahman,Lina Farooq,BR013,Khalifa City,Flagship,Stable,KPI01,CSAT,HIGHER,82.3,82.8,83.1,85,2025-10-31
Dubai,Central Dubai,Mariam Al Mansoori,Omar Rahman,Lina Farooq,BR013,Khalifa City,Flagship,Stable,KPI01,CSAT,HIGHER,82.8,83.1,83.6,85,2025-11-30
Dubai,Central Dubai,Mariam Al Mansoori,Omar Rahman,Lina Farooq,BR013,Khalifa City,Flagship,Stable,KPI01,CSAT,HIGHER,83.1,83.6,83.6,85,2025-12-31
Dubai,Central Dubai,Mariam Al Mansoori,Omar Rahman,Lina Farooq,BR013,Khalifa City,Flagship,Stable,KPI01,CSAT,HIGHER,83.6,83.6,83.9,85,2026-01-31
Dubai,Central Dubai,Mariam Al Mansoori,Omar Rahman,Lina Farooq,BR013,Khalifa City,Flagship,Stable,KPI01,CSAT,HIGHER,83.6,83.9,83.7,85,2026-02-28
Dubai,Central Dubai,Mariam Al Mansoori,Omar Rahman,Lina Farooq,BR013,Khalifa City,Flagship,Stable,KPI01,CSAT,HIGHER,83.9,83.7,84.4,85,2026-03-31
Dubai,Central Dubai,Mariam Al Mansoori,Omar Rahman,Lina Farooq,BR013,Khalifa City,Flagship,Stable,KPI01,CSAT,HIGHER,83.7,84.4,84.1,85,2026-04-30
Dubai,Central Dubai,Mariam Al Mansoori,Omar Rahman,Lina Farooq,BR013,Khalifa City,Flagship,Stable,KPI01,CSAT,HIGHER,84.4,84.1,83.9,85,2026-05-31
Dubai,Central Dubai,Mariam Al Mansoori,Omar Rahman,Lina Farooq,BR013,Khalifa City,Flagship,Stable,KPI01,CSAT,HIGHER,84.1,83.9,83.9,85,2026-06-30
Dubai,Central Dubai,Mariam Al Mansoori,Omar Rahman,Lina Farooq,BR013,Khalifa City,Flagship,Stable,KPI02,NPS,HIGHER,55.6,56.6,56.9,40,2025-07-31
Dubai,Central Dubai,Mariam Al Mansoori,Omar Rahman,Lina Farooq,BR013,Khalifa City,Flagship,Stable,KPI02,NPS,HIGHER,56.6,56.9,56.7,40,2025-08-31
Dubai,Central Dubai,Mariam Al Mansoori,Omar Rahman,Lina Farooq,BR013,Khalifa City,Flagship,Stable,KPI02,NPS,HIGHER,56.9,56.7,55.8,40,2025-09-30
Dubai,Central Dubai,Mariam Al Mansoori,Omar Rahman,Lina Farooq,BR013,Khalifa City,Flagship,Stable,KPI02,NPS,HIGHER,56.7,55.8,55.4,40,2025-10-31
Dubai,Central Dubai,Mariam Al Mansoori,Omar Rahman,Lina Farooq,BR013,Khalifa City,Flagship,Stable,KPI02,NPS,HIGHER,55.8,55.4,55.1,40,2025-11-30
Dubai,Central Dubai,Mariam Al Mansoori,Omar Rahman,Lina Farooq,BR013,Khalifa City,Flagship,Stable,KPI02,NPS,HIGHER,55.4,55.1,53.2,40,2025-12-31
Dubai,Central Dubai,Mariam Al Mansoori,Omar Rahman,Lina Farooq,BR013,Khalifa City,Flagship,Stable,KPI02,NPS,HIGHER,55.1,53.2,53.6,40,2026-01-31
Dubai,Central Dubai,Mariam Al Mansoori,Omar Rahman,Lina Farooq,BR013,Khalifa City,Flagship,Stable,KPI02,NPS,HIGHER,53.2,53.6,53.4,40,2026-02-28
Dubai,Central Dubai,Mariam Al Mansoori,Omar Rahman,Lina Farooq,BR013,Khalifa City,Flagship,Stable,KPI02,NPS,HIGHER,53.6,53.4,53.7,40,2026-03-31
Dubai,Central Dubai,Mariam Al Mansoori,Omar Rahman,Lina Farooq,BR013,Khalifa City,Flagship,Stable,KPI02,NPS,HIGHER,53.4,53.7,53.4,40,2026-04-30
Dubai,Central Dubai,Mariam Al Mansoori,Omar Rahman,Lina Farooq,BR013,Khalifa City,Flagship,Stable,KPI02,NPS,HIGHER,53.7,53.4,55.8,40,2026-05-31
Dubai,Central Dubai,Mariam Al Mansoori,Omar Rahman,Lina Farooq,BR013,Khalifa City,Flagship,Stable,KPI02,NPS,HIGHER,53.4,55.8,54.5,40,2026-06-30
Dubai,Central Dubai,Mariam Al Mansoori,Omar Rahman,Lina Farooq,BR013,Khalifa City,Flagship,Stable,KPI03,Complaint Rate,LOWER,2.18,2.18,2.32,2.0,2025-07-31
Dubai,Central Dubai,Mariam Al Mansoori,Omar Rahman,Lina Farooq,BR013,Khalifa City,Flagship,Stable,KPI03,Complaint Rate,LOWER,2.18,2.32,2.28,2.0,2025-08-31
Dubai,Central Dubai,Mariam Al Mansoori,Omar Rahman,Lina Farooq,BR013,Khalifa City,Flagship,Stable,KPI03,Complaint Rate,LOWER,2.32,2.28,2.29,2.0,2025-09-30
Dubai,Central Dubai,Mariam Al Mansoori,Omar Rahman,Lina Farooq,BR013,Khalifa City,Flagship,Stable,KPI03,Complaint Rate,LOWER,2.28,2.29,2.28,2.0,2025-10-31
Dubai,Central Dubai,Mariam Al Mansoori,Omar Rahman,Lina Farooq,BR013,Khalifa City,Flagship,Stable,KPI03,Complaint Rate,LOWER,2.29,2.28,2.26,2.0,2025-11-30
Dubai,Central Dubai,Mariam Al Mansoori,Omar Rahman,Lina Farooq,BR013,Khalifa City,Flagship,Stable,KPI03,Complaint Rate,LOWER,2.28,2.26,2.25,2.0,2025-12-31
Dubai,Central Dubai,Mariam Al Mansoori,Omar Rahman,Lina Farooq,BR013,Khalifa City,Flagship,Stable,KPI03,Complaint Rate,LOWER,2.26,2.25,2.29,2.0,2026-01-31
Dubai,Central Dubai,Mariam Al Mansoori,Omar Rahman,Lina Farooq,BR013,Khalifa City,Flagship,Stable,KPI03,Complaint Rate,LOWER,2.25,2.29,2.29,2.0,2026-02-28
Dubai,Central Dubai,Mariam Al Mansoori,Omar Rahman,Lina Farooq,BR013,Khalifa City,Flagship,Stable,KPI03,Complaint Rate,LOWER,2.29,2.29,2.37,2.0,2026-03-31
Dubai,Central Dubai,Mariam Al Mansoori,Omar Rahman,Lina Farooq,BR013,Khalifa City,Flagship,Stable,KPI03,Complaint Rate,LOWER,2.29,2.37,2.36,2.0,2026-04-30
Dubai,Central Dubai,Mariam Al Mansoori,Omar Rahman,Lina Farooq,BR013,Khalifa City,Flagship,Stable,KPI03,Complaint Rate,LOWER,2.37,2.36,2.22,2.0,2026-05-31
Dubai,Central Dubai,Mariam Al Mansoori,Omar Rahman,Lina Farooq,BR013,Khalifa City,Flagship,Stable,KPI03,Complaint Rate,LOWER,2.36,2.22,2.22,2.0,2026-06-30
Dubai,Central Dubai,Mariam Al Mansoori,Omar Rahman,Lina Farooq,BR013,Khalifa City,Flagship,Stable,KPI04,Complaint Volume,LOWER,181.0,181.0,183.0,100,2025-07-31
Dubai,Central Dubai,Mariam Al Mansoori,Omar Rahman,Lina Farooq,BR013,Khalifa City,Flagship,Stable,KPI04,Complaint Volume,LOWER,181.0,183.0,184.0,100,2025-08-31
Dubai,Central Dubai,Mariam Al Mansoori,Omar Rahman,Lina Farooq,BR013,Khalifa City,Flagship,Stable,KPI04,Complaint Volume,LOWER,183.0,184.0,181.0,100,2025-09-30
Dubai,Central Dubai,Mariam Al Mansoori,Omar Rahman,Lina Farooq,BR013,Khalifa City,Flagship,Stable,KPI04,Complaint Volume,LOWER,184.0,181.0,182.0,100,2025-10-31
Dubai,Central Dubai,Mariam Al Mansoori,Omar Rahman,Lina Farooq,BR013,Khalifa City,Flagship,Stable,KPI04,Complaint Volume,LOWER,181.0,182.0,184.0,100,2025-11-30
Dubai,Central Dubai,Mariam Al Mansoori,Omar Rahman,Lina Farooq,BR013,Khalifa City,Flagship,Stable,KPI04,Complaint Volume,LOWER,182.0,184.0,190.0,100,2025-12-31
Dubai,Central Dubai,Mariam Al Mansoori,Omar Rahman,Lina Farooq,BR013,Khalifa City,Flagship,Stable,KPI04,Complaint Volume,LOWER,184.0,190.0,191.0,100,2026-01-31
Dubai,Central Dubai,Mariam Al Mansoori,Omar Rahman,Lina Farooq,BR013,Khalifa City,Flagship,Stable,KPI04,Complaint Volume,LOWER,190.0,191.0,186.0,100,2026-02-28
Dubai,Central Dubai,Mariam Al Mansoori,Omar Rahman,Lina Farooq,BR013,Khalifa City,Flagship,Stable,KPI04,Complaint Volume,LOWER,191.0,186.0,187.0,100,2026-03-31
Dubai,Central Dubai,Mariam Al Mansoori,Omar Rahman,Lina Farooq,BR013,Khalifa City,Flagship,Stable,KPI04,Complaint Volume,LOWER,186.0,187.0,184.0,100,2026-04-30
Dubai,Central Dubai,Mariam Al Mansoori,Omar Rahman,Lina Farooq,BR013,Khalifa City,Flagship,Stable,KPI04,Complaint Volume,LOWER,187.0,184.0,189.0,100,2026-05-31
Dubai,Central Dubai,Mariam Al Mansoori,Omar Rahman,Lina Farooq,BR013,Khalifa City,Flagship,Stable,KPI04,Complaint Volume,LOWER,184.0,189.0,183.0,100,2026-06-30
Dubai,Central Dubai,Mariam Al Mansoori,Omar Rahman,Lina Farooq,BR013,Khalifa City,Flagship,Stable,KPI05,Resolution Time,LOWER,5.45,5.45,5.43,3.0,2025-07-31
Dubai,Central Dubai,Mariam Al Mansoori,Omar Rahman,Lina Farooq,BR013,Khalifa City,Flagship,Stable,KPI05,Resolution Time,LOWER,5.45,5.43,5.38,3.0,2025-08-31
Dubai,Central Dubai,Mariam Al Mansoori,Omar Rahman,Lina Farooq,BR013,Khalifa City,Flagship,Stable,KPI05,Resolution Time,LOWER,5.43,5.38,5.43,3.0,2025-09-30
Dubai,Central Dubai,Mariam Al Mansoori,Omar Rahman,Lina Farooq,BR013,Khalifa City,Flagship,Stable,KPI05,Resolution Time,LOWER,5.38,5.43,5.48,3.0,2025-10-31
Dubai,Central Dubai,Mariam Al Mansoori,Omar Rahman,Lina Farooq,BR013,Khalifa City,Flagship,Stable,KPI05,Resolution Time,LOWER,5.43,5.48,5.48,3.0,2025-11-30
Dubai,Central Dubai,Mariam Al Mansoori,Omar Rahman,Lina Farooq,BR013,Khalifa City,Flagship,Stable,KPI05,Resolution Time,LOWER,5.48,5.48,5.54,3.0,2025-12-31
Dubai,Central Dubai,Mariam Al Mansoori,Omar Rahman,Lina Farooq,BR013,Khalifa City,Flagship,Stable,KPI05,Resolution Time,LOWER,5.48,5.54,5.55,3.0,2026-01-31
Dubai,Central Dubai,Mariam Al Mansoori,Omar Rahman,Lina Farooq,BR013,Khalifa City,Flagship,Stable,KPI05,Resolution Time,LOWER,5.54,5.55,5.68,3.0,2026-02-28
Dubai,Central Dubai,Mariam Al Mansoori,Omar Rahman,Lina Farooq,BR013,Khalifa City,Flagship,Stable,KPI05,Resolution Time,LOWER,5.55,5.68,5.74,3.0,2026-03-31
Dubai,Central Dubai,Mariam Al Mansoori,Omar Rahman,Lina Farooq,BR013,Khalifa City,Flagship,Stable,KPI05,Resolution Time,LOWER,5.68,5.74,5.72,3.0,2026-04-30
Dubai,Central Dubai,Mariam Al Mansoori,Omar Rahman,Lina Farooq,BR013,Khalifa City,Flagship,Stable,KPI05,Resolution Time,LOWER,5.74,5.72,5.72,3.0,2026-05-31
Dubai,Central Dubai,Mariam Al Mansoori,Omar Rahman,Lina Farooq,BR013,Khalifa City,Flagship,Stable,KPI05,Resolution Time,LOWER,5.72,5.72,5.71,3.0,2026-06-30
Dubai,Central Dubai,Mariam Al Mansoori,Omar Rahman,Lina Farooq,BR013,Khalifa City,Flagship,Stable,KPI06,SLA Compliance,HIGHER,91.5,91.4,91.6,95,2025-07-31
Dubai,Central Dubai,Mariam Al Mansoori,Omar Rahman,Lina Farooq,BR013,Khalifa City,Flagship,Stable,KPI06,SLA Compliance,HIGHER,91.4,91.6,91.8,95,2025-08-31
Dubai,Central Dubai,Mariam Al Mansoori,Omar Rahman,Lina Farooq,BR013,Khalifa City,Flagship,Stable,KPI06,SLA Compliance,HIGHER,91.6,91.8,91.5,95,2025-09-30
Dubai,Central Dubai,Mariam Al Mansoori,Omar Rahman,Lina Farooq,BR013,Khalifa City,Flagship,Stable,KPI06,SLA Compliance,HIGHER,91.8,91.5,91.7,95,2025-10-31
Dubai,Central Dubai,Mariam Al Mansoori,Omar Rahman,Lina Farooq,BR013,Khalifa City,Flagship,Stable,KPI06,SLA Compliance,HIGHER,91.5,91.7,92.1,95,2025-11-30
Dubai,Central Dubai,Mariam Al Mansoori,Omar Rahman,Lina Farooq,BR013,Khalifa City,Flagship,Stable,KPI06,SLA Compliance,HIGHER,91.7,92.1,91.8,95,2025-12-31
Dubai,Central Dubai,Mariam Al Mansoori,Omar Rahman,Lina Farooq,BR013,Khalifa City,Flagship,Stable,KPI06,SLA Compliance,HIGHER,92.1,91.8,91.7,95,2026-01-31
Dubai,Central Dubai,Mariam Al Mansoori,Omar Rahman,Lina Farooq,BR013,Khalifa City,Flagship,Stable,KPI06,SLA Compliance,HIGHER,91.8,91.7,91.9,95,2026-02-28
Dubai,Central Dubai,Mariam Al Mansoori,Omar Rahman,Lina Farooq,BR013,Khalifa City,Flagship,Stable,KPI06,SLA Compliance,HIGHER,91.7,91.9,92.2,95,2026-03-31
Dubai,Central Dubai,Mariam Al Mansoori,Omar Rahman,Lina Farooq,BR013,Khalifa City,Flagship,Stable,KPI06,SLA Compliance,HIGHER,91.9,92.2,92.0,95,2026-04-30
Dubai,Central Dubai,Mariam Al Mansoori,Omar Rahman,Lina Farooq,BR013,Khalifa City,Flagship,Stable,KPI06,SLA Compliance,HIGHER,92.2,92.0,91.8,95,2026-05-31
Dubai,Central Dubai,Mariam Al Mansoori,Omar Rahman,Lina Farooq,BR013,Khalifa City,Flagship,Stable,KPI06,SLA Compliance,HIGHER,92.0,91.8,91.7,95,2026-06-30
Dubai,Central Dubai,Mariam Al Mansoori,Omar Rahman,Lina Farooq,BR013,Khalifa City,Flagship,Stable,KPI07,First Contact Resolution,HIGHER,70.1,70.6,70.3,85,2025-07-31
Dubai,Central Dubai,Mariam Al Mansoori,Omar Rahman,Lina Farooq,BR013,Khalifa City,Flagship,Stable,KPI07,First Contact Resolution,HIGHER,70.6,70.3,70.0,85,2025-08-31
Dubai,Central Dubai,Mariam Al Mansoori,Omar Rahman,Lina Farooq,BR013,Khalifa City,Flagship,Stable,KPI07,First Contact Resolution,HIGHER,70.3,70.0,69.6,85,2025-09-30
Dubai,Central Dubai,Mariam Al Mansoori,Omar Rahman,Lina Farooq,BR013,Khalifa City,Flagship,Stable,KPI07,First Contact Resolution,HIGHER,70.0,69.6,69.4,85,2025-10-31
Dubai,Central Dubai,Mariam Al Mansoori,Omar Rahman,Lina Farooq,BR013,Khalifa City,Flagship,Stable,KPI07,First Contact Resolution,HIGHER,69.6,69.4,68.8,85,2025-11-30
Dubai,Central Dubai,Mariam Al Mansoori,Omar Rahman,Lina Farooq,BR013,Khalifa City,Flagship,Stable,KPI07,First Contact Resolution,HIGHER,69.4,68.8,68.7,85,2025-12-31
Dubai,Central Dubai,Mariam Al Mansoori,Omar Rahman,Lina Farooq,BR013,Khalifa City,Flagship,Stable,KPI07,First Contact Resolution,HIGHER,68.8,68.7,68.7,85,2026-01-31
Dubai,Central Dubai,Mariam Al Mansoori,Omar Rahman,Lina Farooq,BR013,Khalifa City,Flagship,Stable,KPI07,First Contact Resolution,HIGHER,68.7,68.7,69.0,85,2026-02-28
Dubai,Central Dubai,Mariam Al Mansoori,Omar Rahman,Lina Farooq,BR013,Khalifa City,Flagship,Stable,KPI07,First Contact Resolution,HIGHER,68.7,69.0,69.1,85,2026-03-31
Dubai,Central Dubai,Mariam Al Mansoori,Omar Rahman,Lina Farooq,BR013,Khalifa City,Flagship,Stable,KPI07,First Contact Resolution,HIGHER,69.0,69.1,68.2,85,2026-04-30
Dubai,Central Dubai,Mariam Al Mansoori,Omar Rahman,Lina Farooq,BR013,Khalifa City,Flagship,Stable,KPI07,First Contact Resolution,HIGHER,69.1,68.2,68.6,85,2026-05-31
Dubai,Central Dubai,Mariam Al Mansoori,Omar Rahman,Lina Farooq,BR013,Khalifa City,Flagship,Stable,KPI07,First Contact Resolution,HIGHER,68.2,68.6,68.8,85,2026-06-30
Dubai,Central Dubai,Mariam Al Mansoori,Omar Rahman,Lina Farooq,BR013,Khalifa City,Flagship,Stable,KPI08,Customer Effort Score,LOWER,4.16,4.19,4.24,3.0,2025-07-31
Dubai,Central Dubai,Mariam Al Mansoori,Omar Rahman,Lina Farooq,BR013,Khalifa City,Flagship,Stable,KPI08,Customer Effort Score,LOWER,4.19,4.24,4.26,3.0,2025-08-31
Dubai,Central Dubai,Mariam Al Mansoori,Omar Rahman,Lina Farooq,BR013,Khalifa City,Flagship,Stable,KPI08,Customer Effort Score,LOWER,4.24,4.26,4.2,3.0,2025-09-30
Dubai,Central Dubai,Mariam Al Mansoori,Omar Rahman,Lina Farooq,BR013,Khalifa City,Flagship,Stable,KPI08,Customer Effort Score,LOWER,4.26,4.2,4.2,3.0,2025-10-31
Dubai,Central Dubai,Mariam Al Mansoori,Omar Rahman,Lina Farooq,BR013,Khalifa City,Flagship,Stable,KPI08,Customer Effort Score,LOWER,4.2,4.2,4.23,3.0,2025-11-30
Dubai,Central Dubai,Mariam Al Mansoori,Omar Rahman,Lina Farooq,BR013,Khalifa City,Flagship,Stable,KPI08,Customer Effort Score,LOWER,4.2,4.23,4.26,3.0,2025-12-31
Dubai,Central Dubai,Mariam Al Mansoori,Omar Rahman,Lina Farooq,BR013,Khalifa City,Flagship,Stable,KPI08,Customer Effort Score,LOWER,4.23,4.26,4.24,3.0,2026-01-31
Dubai,Central Dubai,Mariam Al Mansoori,Omar Rahman,Lina Farooq,BR013,Khalifa City,Flagship,Stable,KPI08,Customer Effort Score,LOWER,4.26,4.24,4.23,3.0,2026-02-28
Dubai,Central Dubai,Mariam Al Mansoori,Omar Rahman,Lina Farooq,BR013,Khalifa City,Flagship,Stable,KPI08,Customer Effort Score,LOWER,4.24,4.23,4.25,3.0,2026-03-31
Dubai,Central Dubai,Mariam Al Mansoori,Omar Rahman,Lina Farooq,BR013,Khalifa City,Flagship,Stable,KPI08,Customer Effort Score,LOWER,4.23,4.25,4.31,3.0,2026-04-30
Dubai,Central Dubai,Mariam Al Mansoori,Omar Rahman,Lina Farooq,BR013,Khalifa City,Flagship,Stable,KPI08,Customer Effort Score,LOWER,4.25,4.31,4.36,3.0,2026-05-31
Dubai,Central Dubai,Mariam Al Mansoori,Omar Rahman,Lina Farooq,BR013,Khalifa City,Flagship,Stable,KPI08,Customer Effort Score,LOWER,4.31,4.36,4.39,3.0,2026-06-30
Dubai,Central Dubai,Mariam Al Mansoori,Omar Rahman,Lina Farooq,BR013,Khalifa City,Flagship,Stable,KPI09,Digital Adoption Rate,HIGHER,82.3,82.5,82.3,75,2025-07-31
Dubai,Central Dubai,Mariam Al Mansoori,Omar Rahman,Lina Farooq,BR013,Khalifa City,Flagship,Stable,KPI09,Digital Adoption Rate,HIGHER,82.5,82.3,82.3,75,2025-08-31
Dubai,Central Dubai,Mariam Al Mansoori,Omar Rahman,Lina Farooq,BR013,Khalifa City,Flagship,Stable,KPI09,Digital Adoption Rate,HIGHER,82.3,82.3,81.3,75,2025-09-30
Dubai,Central Dubai,Mariam Al Mansoori,Omar Rahman,Lina Farooq,BR013,Khalifa City,Flagship,Stable,KPI09,Digital Adoption Rate,HIGHER,82.3,81.3,81.5,75,2025-10-31
Dubai,Central Dubai,Mariam Al Mansoori,Omar Rahman,Lina Farooq,BR013,Khalifa City,Flagship,Stable,KPI09,Digital Adoption Rate,HIGHER,81.3,81.5,81.4,75,2025-11-30
Dubai,Central Dubai,Mariam Al Mansoori,Omar Rahman,Lina Farooq,BR013,Khalifa City,Flagship,Stable,KPI09,Digital Adoption Rate,HIGHER,81.5,81.4,80.9,75,2025-12-31
Dubai,Central Dubai,Mariam Al Mansoori,Omar Rahman,Lina Farooq,BR013,Khalifa City,Flagship,Stable,KPI09,Digital Adoption Rate,HIGHER,81.4,80.9,81.3,75,2026-01-31
Dubai,Central Dubai,Mariam Al Mansoori,Omar Rahman,Lina Farooq,BR013,Khalifa City,Flagship,Stable,KPI09,Digital Adoption Rate,HIGHER,80.9,81.3,80.4,75,2026-02-28
Dubai,Central Dubai,Mariam Al Mansoori,Omar Rahman,Lina Farooq,BR013,Khalifa City,Flagship,Stable,KPI09,Digital Adoption Rate,HIGHER,81.3,80.4,80.2,75,2026-03-31
Dubai,Central Dubai,Mariam Al Mansoori,Omar Rahman,Lina Farooq,BR013,Khalifa City,Flagship,Stable,KPI09,Digital Adoption Rate,HIGHER,80.4,80.2,80.1,75,2026-04-30
Dubai,Central Dubai,Mariam Al Mansoori,Omar Rahman,Lina Farooq,BR013,Khalifa City,Flagship,Stable,KPI09,Digital Adoption Rate,HIGHER,80.2,80.1,80.0,75,2026-05-31
Dubai,Central Dubai,Mariam Al Mansoori,Omar Rahman,Lina Farooq,BR013,Khalifa City,Flagship,Stable,KPI09,Digital Adoption Rate,HIGHER,80.1,80.0,80.2,75,2026-06-30
Dubai,Central Dubai,Mariam Al Mansoori,Omar Rahman,Lina Farooq,BR013,Khalifa City,Flagship,Stable,KPI10,Repeat Complaint Rate,LOWER,19.2,19.1,19.2,8,2025-07-31
Dubai,Central Dubai,Mariam Al Mansoori,Omar Rahman,Lina Farooq,BR013,Khalifa City,Flagship,Stable,KPI10,Repeat Complaint Rate,LOWER,19.1,19.2,19.2,8,2025-08-31
Dubai,Central Dubai,Mariam Al Mansoori,Omar Rahman,Lina Farooq,BR013,Khalifa City,Flagship,Stable,KPI10,Repeat Complaint Rate,LOWER,19.2,19.2,18.8,8,2025-09-30
Dubai,Central Dubai,Mariam Al Mansoori,Omar Rahman,Lina Farooq,BR013,Khalifa City,Flagship,Stable,KPI10,Repeat Complaint Rate,LOWER,19.2,18.8,19.0,8,2025-10-31
Dubai,Central Dubai,Mariam Al Mansoori,Omar Rahman,Lina Farooq,BR013,Khalifa City,Flagship,Stable,KPI10,Repeat Complaint Rate,LOWER,18.8,19.0,19.1,8,2025-11-30
Dubai,Central Dubai,Mariam Al Mansoori,Omar Rahman,Lina Farooq,BR013,Khalifa City,Flagship,Stable,KPI10,Repeat Complaint Rate,LOWER,19.0,19.1,18.3,8,2025-12-31
Dubai,Central Dubai,Mariam Al Mansoori,Omar Rahman,Lina Farooq,BR013,Khalifa City,Flagship,Stable,KPI10,Repeat Complaint Rate,LOWER,19.1,18.3,18.2,8,2026-01-31
Dubai,Central Dubai,Mariam Al Mansoori,Omar Rahman,Lina Farooq,BR013,Khalifa City,Flagship,Stable,KPI10,Repeat Complaint Rate,LOWER,18.3,18.2,17.9,8,2026-02-28
Dubai,Central Dubai,Mariam Al Mansoori,Omar Rahman,Lina Farooq,BR013,Khalifa City,Flagship,Stable,KPI10,Repeat Complaint Rate,LOWER,18.2,17.9,18.2,8,2026-03-31
Dubai,Central Dubai,Mariam Al Mansoori,Omar Rahman,Lina Farooq,BR013,Khalifa City,Flagship,Stable,KPI10,Repeat Complaint Rate,LOWER,17.9,18.2,18.2,8,2026-04-30
Dubai,Central Dubai,Mariam Al Mansoori,Omar Rahman,Lina Farooq,BR013,Khalifa City,Flagship,Stable,KPI10,Repeat Complaint Rate,LOWER,18.2,18.2,18.6,8,2026-05-31
Dubai,Central Dubai,Mariam Al Mansoori,Omar Rahman,Lina Farooq,BR013,Khalifa City,Flagship,Stable,KPI10,Repeat Complaint Rate,LOWER,18.2,18.6,18.2,8,2026-06-30
Abu Dhabi,Khalifa City,Saeed Al Mazrouei,Faisal Karim,Sameer Nair,BR014,Yas Island,Premium,Recovering,KPI01,CSAT,HIGHER,78.2,77.3,76.4,85,2025-07-31
Abu Dhabi,Khalifa City,Saeed Al Mazrouei,Faisal Karim,Sameer Nair,BR014,Yas Island,Premium,Recovering,KPI01,CSAT,HIGHER,77.3,76.4,75.9,85,2025-08-31
Abu Dhabi,Khalifa City,Saeed Al Mazrouei,Faisal Karim,Sameer Nair,BR014,Yas Island,Premium,Recovering,KPI01,CSAT,HIGHER,76.4,75.9,75.4,85,2025-09-30
Abu Dhabi,Khalifa City,Saeed Al Mazrouei,Faisal Karim,Sameer Nair,BR014,Yas Island,Premium,Recovering,KPI01,CSAT,HIGHER,75.9,75.4,75.2,85,2025-10-31
Abu Dhabi,Khalifa City,Saeed Al Mazrouei,Faisal Karim,Sameer Nair,BR014,Yas Island,Premium,Recovering,KPI01,CSAT,HIGHER,75.4,75.2,75.4,85,2025-11-30
Abu Dhabi,Khalifa City,Saeed Al Mazrouei,Faisal Karim,Sameer Nair,BR014,Yas Island,Premium,Recovering,KPI01,CSAT,HIGHER,75.2,75.4,75.9,85,2025-12-31
Abu Dhabi,Khalifa City,Saeed Al Mazrouei,Faisal Karim,Sameer Nair,BR014,Yas Island,Premium,Recovering,KPI01,CSAT,HIGHER,75.4,75.9,76.5,85,2026-01-31
Abu Dhabi,Khalifa City,Saeed Al Mazrouei,Faisal Karim,Sameer Nair,BR014,Yas Island,Premium,Recovering,KPI01,CSAT,HIGHER,75.9,76.5,76.8,85,2026-02-28
Abu Dhabi,Khalifa City,Saeed Al Mazrouei,Faisal Karim,Sameer Nair,BR014,Yas Island,Premium,Recovering,KPI01,CSAT,HIGHER,76.5,76.8,77.5,85,2026-03-31
Abu Dhabi,Khalifa City,Saeed Al Mazrouei,Faisal Karim,Sameer Nair,BR014,Yas Island,Premium,Recovering,KPI01,CSAT,HIGHER,76.8,77.5,78.1,85,2026-04-30
Abu Dhabi,Khalifa City,Saeed Al Mazrouei,Faisal Karim,Sameer Nair,BR014,Yas Island,Premium,Recovering,KPI01,CSAT,HIGHER,77.5,78.1,78.6,85,2026-05-31
Abu Dhabi,Khalifa City,Saeed Al Mazrouei,Faisal Karim,Sameer Nair,BR014,Yas Island,Premium,Recovering,KPI01,CSAT,HIGHER,78.1,78.6,79.7,85,2026-06-30
Abu Dhabi,Khalifa City,Saeed Al Mazrouei,Faisal Karim,Sameer Nair,BR014,Yas Island,Premium,Recovering,KPI02,NPS,HIGHER,34.4,33.2,32.3,40,2025-07-31
Abu Dhabi,Khalifa City,Saeed Al Mazrouei,Faisal Karim,Sameer Nair,BR014,Yas Island,Premium,Recovering,KPI02,NPS,HIGHER,33.2,32.3,32.2,40,2025-08-31
Abu Dhabi,Khalifa City,Saeed Al Mazrouei,Faisal Karim,Sameer Nair,BR014,Yas Island,Premium,Recovering,KPI02,NPS,HIGHER,32.3,32.2,31.0,40,2025-09-30
Abu Dhabi,Khalifa City,Saeed Al Mazrouei,Faisal Karim,Sameer Nair,BR014,Yas Island,Premium,Recovering,KPI02,NPS,HIGHER,32.2,31.0,31.9,40,2025-10-31
Abu Dhabi,Khalifa City,Saeed Al Mazrouei,Faisal Karim,Sameer Nair,BR014,Yas Island,Premium,Recovering,KPI02,NPS,HIGHER,31.0,31.9,33.3,40,2025-11-30
Abu Dhabi,Khalifa City,Saeed Al Mazrouei,Faisal Karim,Sameer Nair,BR014,Yas Island,Premium,Recovering,KPI02,NPS,HIGHER,31.9,33.3,34.3,40,2025-12-31
Abu Dhabi,Khalifa City,Saeed Al Mazrouei,Faisal Karim,Sameer Nair,BR014,Yas Island,Premium,Recovering,KPI02,NPS,HIGHER,33.3,34.3,36.0,40,2026-01-31
Abu Dhabi,Khalifa City,Saeed Al Mazrouei,Faisal Karim,Sameer Nair,BR014,Yas Island,Premium,Recovering,KPI02,NPS,HIGHER,34.3,36.0,36.6,40,2026-02-28
Abu Dhabi,Khalifa City,Saeed Al Mazrouei,Faisal Karim,Sameer Nair,BR014,Yas Island,Premium,Recovering,KPI02,NPS,HIGHER,36.0,36.6,38.2,40,2026-03-31
Abu Dhabi,Khalifa City,Saeed Al Mazrouei,Faisal Karim,Sameer Nair,BR014,Yas Island,Premium,Recovering,KPI02,NPS,HIGHER,36.6,38.2,37.9,40,2026-04-30
Abu Dhabi,Khalifa City,Saeed Al Mazrouei,Faisal Karim,Sameer Nair,BR014,Yas Island,Premium,Recovering,KPI02,NPS,HIGHER,38.2,37.9,39.9,40,2026-05-31
Abu Dhabi,Khalifa City,Saeed Al Mazrouei,Faisal Karim,Sameer Nair,BR014,Yas Island,Premium,Recovering,KPI02,NPS,HIGHER,37.9,39.9,41.3,40,2026-06-30
Abu Dhabi,Khalifa City,Saeed Al Mazrouei,Faisal Karim,Sameer Nair,BR014,Yas Island,Premium,Recovering,KPI03,Complaint Rate,LOWER,1.68,1.77,1.83,2.0,2025-07-31
Abu Dhabi,Khalifa City,Saeed Al Mazrouei,Faisal Karim,Sameer Nair,BR014,Yas Island,Premium,Recovering,KPI03,Complaint Rate,LOWER,1.77,1.83,1.88,2.0,2025-08-31
Abu Dhabi,Khalifa City,Saeed Al Mazrouei,Faisal Karim,Sameer Nair,BR014,Yas Island,Premium,Recovering,KPI03,Complaint Rate,LOWER,1.83,1.88,1.94,2.0,2025-09-30
Abu Dhabi,Khalifa City,Saeed Al Mazrouei,Faisal Karim,Sameer Nair,BR014,Yas Island,Premium,Recovering,KPI03,Complaint Rate,LOWER,1.88,1.94,1.95,2.0,2025-10-31
Abu Dhabi,Khalifa City,Saeed Al Mazrouei,Faisal Karim,Sameer Nair,BR014,Yas Island,Premium,Recovering,KPI03,Complaint Rate,LOWER,1.94,1.95,1.85,2.0,2025-11-30
Abu Dhabi,Khalifa City,Saeed Al Mazrouei,Faisal Karim,Sameer Nair,BR014,Yas Island,Premium,Recovering,KPI03,Complaint Rate,LOWER,1.95,1.85,1.79,2.0,2025-12-31
Abu Dhabi,Khalifa City,Saeed Al Mazrouei,Faisal Karim,Sameer Nair,BR014,Yas Island,Premium,Recovering,KPI03,Complaint Rate,LOWER,1.85,1.79,1.69,2.0,2026-01-31
Abu Dhabi,Khalifa City,Saeed Al Mazrouei,Faisal Karim,Sameer Nair,BR014,Yas Island,Premium,Recovering,KPI03,Complaint Rate,LOWER,1.79,1.69,1.57,2.0,2026-02-28
Abu Dhabi,Khalifa City,Saeed Al Mazrouei,Faisal Karim,Sameer Nair,BR014,Yas Island,Premium,Recovering,KPI03,Complaint Rate,LOWER,1.69,1.57,1.41,2.0,2026-03-31
Abu Dhabi,Khalifa City,Saeed Al Mazrouei,Faisal Karim,Sameer Nair,BR014,Yas Island,Premium,Recovering,KPI03,Complaint Rate,LOWER,1.57,1.41,1.31,2.0,2026-04-30
Abu Dhabi,Khalifa City,Saeed Al Mazrouei,Faisal Karim,Sameer Nair,BR014,Yas Island,Premium,Recovering,KPI03,Complaint Rate,LOWER,1.41,1.31,1.24,2.0,2026-05-31
Abu Dhabi,Khalifa City,Saeed Al Mazrouei,Faisal Karim,Sameer Nair,BR014,Yas Island,Premium,Recovering,KPI03,Complaint Rate,LOWER,1.31,1.24,1.04,2.0,2026-06-30
Abu Dhabi,Khalifa City,Saeed Al Mazrouei,Faisal Karim,Sameer Nair,BR014,Yas Island,Premium,Recovering,KPI04,Complaint Volume,LOWER,100.0,101.0,104.0,100,2025-07-31
Abu Dhabi,Khalifa City,Saeed Al Mazrouei,Faisal Karim,Sameer Nair,BR014,Yas Island,Premium,Recovering,KPI04,Complaint Volume,LOWER,101.0,104.0,111.0,100,2025-08-31
Abu Dhabi,Khalifa City,Saeed Al Mazrouei,Faisal Karim,Sameer Nair,BR014,Yas Island,Premium,Recovering,KPI04,Complaint Volume,LOWER,104.0,111.0,118.0,100,2025-09-30
Abu Dhabi,Khalifa City,Saeed Al Mazrouei,Faisal Karim,Sameer Nair,BR014,Yas Island,Premium,Recovering,KPI04,Complaint Volume,LOWER,111.0,118.0,126.0,100,2025-10-31
Abu Dhabi,Khalifa City,Saeed Al Mazrouei,Faisal Karim,Sameer Nair,BR014,Yas Island,Premium,Recovering,KPI04,Complaint Volume,LOWER,118.0,126.0,120.0,100,2025-11-30
Abu Dhabi,Khalifa City,Saeed Al Mazrouei,Faisal Karim,Sameer Nair,BR014,Yas Island,Premium,Recovering,KPI04,Complaint Volume,LOWER,126.0,120.0,117.0,100,2025-12-31
Abu Dhabi,Khalifa City,Saeed Al Mazrouei,Faisal Karim,Sameer Nair,BR014,Yas Island,Premium,Recovering,KPI04,Complaint Volume,LOWER,120.0,117.0,119.0,100,2026-01-31
Abu Dhabi,Khalifa City,Saeed Al Mazrouei,Faisal Karim,Sameer Nair,BR014,Yas Island,Premium,Recovering,KPI04,Complaint Volume,LOWER,117.0,119.0,116.0,100,2026-02-28
Abu Dhabi,Khalifa City,Saeed Al Mazrouei,Faisal Karim,Sameer Nair,BR014,Yas Island,Premium,Recovering,KPI04,Complaint Volume,LOWER,119.0,116.0,115.0,100,2026-03-31
Abu Dhabi,Khalifa City,Saeed Al Mazrouei,Faisal Karim,Sameer Nair,BR014,Yas Island,Premium,Recovering,KPI04,Complaint Volume,LOWER,116.0,115.0,104.0,100,2026-04-30
Abu Dhabi,Khalifa City,Saeed Al Mazrouei,Faisal Karim,Sameer Nair,BR014,Yas Island,Premium,Recovering,KPI04,Complaint Volume,LOWER,115.0,104.0,95.0,100,2026-05-31
Abu Dhabi,Khalifa City,Saeed Al Mazrouei,Faisal Karim,Sameer Nair,BR014,Yas Island,Premium,Recovering,KPI04,Complaint Volume,LOWER,104.0,95.0,86.0,100,2026-06-30
Abu Dhabi,Khalifa City,Saeed Al Mazrouei,Faisal Karim,Sameer Nair,BR014,Yas Island,Premium,Recovering,KPI05,Resolution Time,LOWER,4.49,4.55,4.57,3.0,2025-07-31
Abu Dhabi,Khalifa City,Saeed Al Mazrouei,Faisal Karim,Sameer Nair,BR014,Yas Island,Premium,Recovering,KPI05,Resolution Time,LOWER,4.55,4.57,4.54,3.0,2025-08-31
Abu Dhabi,Khalifa City,Saeed Al Mazrouei,Faisal Karim,Sameer Nair,BR014,Yas Island,Premium,Recovering,KPI05,Resolution Time,LOWER,4.57,4.54,4.59,3.0,2025-09-30
Abu Dhabi,Khalifa City,Saeed Al Mazrouei,Faisal Karim,Sameer Nair,BR014,Yas Island,Premium,Recovering,KPI05,Resolution Time,LOWER,4.54,4.59,4.75,3.0,2025-10-31
Abu Dhabi,Khalifa City,Saeed Al Mazrouei,Faisal Karim,Sameer Nair,BR014,Yas Island,Premium,Recovering,KPI05,Resolution Time,LOWER,4.59,4.75,4.66,3.0,2025-11-30
Abu Dhabi,Khalifa City,Saeed Al Mazrouei,Faisal Karim,Sameer Nair,BR014,Yas Island,Premium,Recovering,KPI05,Resolution Time,LOWER,4.75,4.66,4.59,3.0,2025-12-31
Abu Dhabi,Khalifa City,Saeed Al Mazrouei,Faisal Karim,Sameer Nair,BR014,Yas Island,Premium,Recovering,KPI05,Resolution Time,LOWER,4.66,4.59,4.45,3.0,2026-01-31
Abu Dhabi,Khalifa City,Saeed Al Mazrouei,Faisal Karim,Sameer Nair,BR014,Yas Island,Premium,Recovering,KPI05,Resolution Time,LOWER,4.59,4.45,4.24,3.0,2026-02-28
Abu Dhabi,Khalifa City,Saeed Al Mazrouei,Faisal Karim,Sameer Nair,BR014,Yas Island,Premium,Recovering,KPI05,Resolution Time,LOWER,4.45,4.24,4.14,3.0,2026-03-31
Abu Dhabi,Khalifa City,Saeed Al Mazrouei,Faisal Karim,Sameer Nair,BR014,Yas Island,Premium,Recovering,KPI05,Resolution Time,LOWER,4.24,4.14,3.96,3.0,2026-04-30
Abu Dhabi,Khalifa City,Saeed Al Mazrouei,Faisal Karim,Sameer Nair,BR014,Yas Island,Premium,Recovering,KPI05,Resolution Time,LOWER,4.14,3.96,3.79,3.0,2026-05-31
Abu Dhabi,Khalifa City,Saeed Al Mazrouei,Faisal Karim,Sameer Nair,BR014,Yas Island,Premium,Recovering,KPI05,Resolution Time,LOWER,3.96,3.79,3.52,3.0,2026-06-30
Abu Dhabi,Khalifa City,Saeed Al Mazrouei,Faisal Karim,Sameer Nair,BR014,Yas Island,Premium,Recovering,KPI06,SLA Compliance,HIGHER,94.1,93.3,92.8,95,2025-07-31
Abu Dhabi,Khalifa City,Saeed Al Mazrouei,Faisal Karim,Sameer Nair,BR014,Yas Island,Premium,Recovering,KPI06,SLA Compliance,HIGHER,93.3,92.8,92.3,95,2025-08-31
Abu Dhabi,Khalifa City,Saeed Al Mazrouei,Faisal Karim,Sameer Nair,BR014,Yas Island,Premium,Recovering,KPI06,SLA Compliance,HIGHER,92.8,92.3,91.9,95,2025-09-30
Abu Dhabi,Khalifa City,Saeed Al Mazrouei,Faisal Karim,Sameer Nair,BR014,Yas Island,Premium,Recovering,KPI06,SLA Compliance,HIGHER,92.3,91.9,91.7,95,2025-10-31
Abu Dhabi,Khalifa City,Saeed Al Mazrouei,Faisal Karim,Sameer Nair,BR014,Yas Island,Premium,Recovering,KPI06,SLA Compliance,HIGHER,91.9,91.7,91.9,95,2025-11-30
Abu Dhabi,Khalifa City,Saeed Al Mazrouei,Faisal Karim,Sameer Nair,BR014,Yas Island,Premium,Recovering,KPI06,SLA Compliance,HIGHER,91.7,91.9,91.8,95,2025-12-31
Abu Dhabi,Khalifa City,Saeed Al Mazrouei,Faisal Karim,Sameer Nair,BR014,Yas Island,Premium,Recovering,KPI06,SLA Compliance,HIGHER,91.9,91.8,92.6,95,2026-01-31
Abu Dhabi,Khalifa City,Saeed Al Mazrouei,Faisal Karim,Sameer Nair,BR014,Yas Island,Premium,Recovering,KPI06,SLA Compliance,HIGHER,91.8,92.6,93.1,95,2026-02-28
Abu Dhabi,Khalifa City,Saeed Al Mazrouei,Faisal Karim,Sameer Nair,BR014,Yas Island,Premium,Recovering,KPI06,SLA Compliance,HIGHER,92.6,93.1,93.7,95,2026-03-31
Abu Dhabi,Khalifa City,Saeed Al Mazrouei,Faisal Karim,Sameer Nair,BR014,Yas Island,Premium,Recovering,KPI06,SLA Compliance,HIGHER,93.1,93.7,94.1,95,2026-04-30
Abu Dhabi,Khalifa City,Saeed Al Mazrouei,Faisal Karim,Sameer Nair,BR014,Yas Island,Premium,Recovering,KPI06,SLA Compliance,HIGHER,93.7,94.1,94.6,95,2026-05-31
Abu Dhabi,Khalifa City,Saeed Al Mazrouei,Faisal Karim,Sameer Nair,BR014,Yas Island,Premium,Recovering,KPI06,SLA Compliance,HIGHER,94.1,94.6,95.8,95,2026-06-30
Abu Dhabi,Khalifa City,Saeed Al Mazrouei,Faisal Karim,Sameer Nair,BR014,Yas Island,Premium,Recovering,KPI07,First Contact Resolution,HIGHER,79.8,79.1,78.7,85,2025-07-31
Abu Dhabi,Khalifa City,Saeed Al Mazrouei,Faisal Karim,Sameer Nair,BR014,Yas Island,Premium,Recovering,KPI07,First Contact Resolution,HIGHER,79.1,78.7,77.5,85,2025-08-31
Abu Dhabi,Khalifa City,Saeed Al Mazrouei,Faisal Karim,Sameer Nair,BR014,Yas Island,Premium,Recovering,KPI07,First Contact Resolution,HIGHER,78.7,77.5,76.6,85,2025-09-30
Abu Dhabi,Khalifa City,Saeed Al Mazrouei,Faisal Karim,Sameer Nair,BR014,Yas Island,Premium,Recovering,KPI07,First Contact Resolution,HIGHER,77.5,76.6,76.0,85,2025-10-31
Abu Dhabi,Khalifa City,Saeed Al Mazrouei,Faisal Karim,Sameer Nair,BR014,Yas Island,Premium,Recovering,KPI07,First Contact Resolution,HIGHER,76.6,76.0,77.0,85,2025-11-30
Abu Dhabi,Khalifa City,Saeed Al Mazrouei,Faisal Karim,Sameer Nair,BR014,Yas Island,Premium,Recovering,KPI07,First Contact Resolution,HIGHER,76.0,77.0,77.4,85,2025-12-31
Abu Dhabi,Khalifa City,Saeed Al Mazrouei,Faisal Karim,Sameer Nair,BR014,Yas Island,Premium,Recovering,KPI07,First Contact Resolution,HIGHER,77.0,77.4,78.2,85,2026-01-31
Abu Dhabi,Khalifa City,Saeed Al Mazrouei,Faisal Karim,Sameer Nair,BR014,Yas Island,Premium,Recovering,KPI07,First Contact Resolution,HIGHER,77.4,78.2,79.0,85,2026-02-28
Abu Dhabi,Khalifa City,Saeed Al Mazrouei,Faisal Karim,Sameer Nair,BR014,Yas Island,Premium,Recovering,KPI07,First Contact Resolution,HIGHER,78.2,79.0,80.7,85,2026-03-31
Abu Dhabi,Khalifa City,Saeed Al Mazrouei,Faisal Karim,Sameer Nair,BR014,Yas Island,Premium,Recovering,KPI07,First Contact Resolution,HIGHER,79.0,80.7,81.0,85,2026-04-30
Abu Dhabi,Khalifa City,Saeed Al Mazrouei,Faisal Karim,Sameer Nair,BR014,Yas Island,Premium,Recovering,KPI07,First Contact Resolution,HIGHER,80.7,81.0,83.0,85,2026-05-31
Abu Dhabi,Khalifa City,Saeed Al Mazrouei,Faisal Karim,Sameer Nair,BR014,Yas Island,Premium,Recovering,KPI07,First Contact Resolution,HIGHER,81.0,83.0,84.9,85,2026-06-30
Abu Dhabi,Khalifa City,Saeed Al Mazrouei,Faisal Karim,Sameer Nair,BR014,Yas Island,Premium,Recovering,KPI08,Customer Effort Score,LOWER,3.59,3.71,3.79,3.0,2025-07-31
Abu Dhabi,Khalifa City,Saeed Al Mazrouei,Faisal Karim,Sameer Nair,BR014,Yas Island,Premium,Recovering,KPI08,Customer Effort Score,LOWER,3.71,3.79,3.95,3.0,2025-08-31
Abu Dhabi,Khalifa City,Saeed Al Mazrouei,Faisal Karim,Sameer Nair,BR014,Yas Island,Premium,Recovering,KPI08,Customer Effort Score,LOWER,3.79,3.95,3.92,3.0,2025-09-30
Abu Dhabi,Khalifa City,Saeed Al Mazrouei,Faisal Karim,Sameer Nair,BR014,Yas Island,Premium,Recovering,KPI08,Customer Effort Score,LOWER,3.95,3.92,3.95,3.0,2025-10-31
Abu Dhabi,Khalifa City,Saeed Al Mazrouei,Faisal Karim,Sameer Nair,BR014,Yas Island,Premium,Recovering,KPI08,Customer Effort Score,LOWER,3.92,3.95,3.82,3.0,2025-11-30
Abu Dhabi,Khalifa City,Saeed Al Mazrouei,Faisal Karim,Sameer Nair,BR014,Yas Island,Premium,Recovering,KPI08,Customer Effort Score,LOWER,3.95,3.82,3.78,3.0,2025-12-31
Abu Dhabi,Khalifa City,Saeed Al Mazrouei,Faisal Karim,Sameer Nair,BR014,Yas Island,Premium,Recovering,KPI08,Customer Effort Score,LOWER,3.82,3.78,3.67,3.0,2026-01-31
Abu Dhabi,Khalifa City,Saeed Al Mazrouei,Faisal Karim,Sameer Nair,BR014,Yas Island,Premium,Recovering,KPI08,Customer Effort Score,LOWER,3.78,3.67,3.62,3.0,2026-02-28
Abu Dhabi,Khalifa City,Saeed Al Mazrouei,Faisal Karim,Sameer Nair,BR014,Yas Island,Premium,Recovering,KPI08,Customer Effort Score,LOWER,3.67,3.62,3.48,3.0,2026-03-31
Abu Dhabi,Khalifa City,Saeed Al Mazrouei,Faisal Karim,Sameer Nair,BR014,Yas Island,Premium,Recovering,KPI08,Customer Effort Score,LOWER,3.62,3.48,3.39,3.0,2026-04-30
Abu Dhabi,Khalifa City,Saeed Al Mazrouei,Faisal Karim,Sameer Nair,BR014,Yas Island,Premium,Recovering,KPI08,Customer Effort Score,LOWER,3.48,3.39,3.42,3.0,2026-05-31
Abu Dhabi,Khalifa City,Saeed Al Mazrouei,Faisal Karim,Sameer Nair,BR014,Yas Island,Premium,Recovering,KPI08,Customer Effort Score,LOWER,3.39,3.42,3.41,3.0,2026-06-30
Abu Dhabi,Khalifa City,Saeed Al Mazrouei,Faisal Karim,Sameer Nair,BR014,Yas Island,Premium,Recovering,KPI09,Digital Adoption Rate,HIGHER,68.9,67.2,66.1,75,2025-07-31
Abu Dhabi,Khalifa City,Saeed Al Mazrouei,Faisal Karim,Sameer Nair,BR014,Yas Island,Premium,Recovering,KPI09,Digital Adoption Rate,HIGHER,67.2,66.1,65.9,75,2025-08-31
Abu Dhabi,Khalifa City,Saeed Al Mazrouei,Faisal Karim,Sameer Nair,BR014,Yas Island,Premium,Recovering,KPI09,Digital Adoption Rate,HIGHER,66.1,65.9,64.9,75,2025-09-30
Abu Dhabi,Khalifa City,Saeed Al Mazrouei,Faisal Karim,Sameer Nair,BR014,Yas Island,Premium,Recovering,KPI09,Digital Adoption Rate,HIGHER,65.9,64.9,64.0,75,2025-10-31
Abu Dhabi,Khalifa City,Saeed Al Mazrouei,Faisal Karim,Sameer Nair,BR014,Yas Island,Premium,Recovering,KPI09,Digital Adoption Rate,HIGHER,64.9,64.0,65.3,75,2025-11-30
Abu Dhabi,Khalifa City,Saeed Al Mazrouei,Faisal Karim,Sameer Nair,BR014,Yas Island,Premium,Recovering,KPI09,Digital Adoption Rate,HIGHER,64.0,65.3,66.7,75,2025-12-31
Abu Dhabi,Khalifa City,Saeed Al Mazrouei,Faisal Karim,Sameer Nair,BR014,Yas Island,Premium,Recovering,KPI09,Digital Adoption Rate,HIGHER,65.3,66.7,68.4,75,2026-01-31
Abu Dhabi,Khalifa City,Saeed Al Mazrouei,Faisal Karim,Sameer Nair,BR014,Yas Island,Premium,Recovering,KPI09,Digital Adoption Rate,HIGHER,66.7,68.4,69.2,75,2026-02-28
Abu Dhabi,Khalifa City,Saeed Al Mazrouei,Faisal Karim,Sameer Nair,BR014,Yas Island,Premium,Recovering,KPI09,Digital Adoption Rate,HIGHER,68.4,69.2,69.9,75,2026-03-31
Abu Dhabi,Khalifa City,Saeed Al Mazrouei,Faisal Karim,Sameer Nair,BR014,Yas Island,Premium,Recovering,KPI09,Digital Adoption Rate,HIGHER,69.2,69.9,71.1,75,2026-04-30
Abu Dhabi,Khalifa City,Saeed Al Mazrouei,Faisal Karim,Sameer Nair,BR014,Yas Island,Premium,Recovering,KPI09,Digital Adoption Rate,HIGHER,69.9,71.1,71.8,75,2026-05-31
Abu Dhabi,Khalifa City,Saeed Al Mazrouei,Faisal Karim,Sameer Nair,BR014,Yas Island,Premium,Recovering,KPI09,Digital Adoption Rate,HIGHER,71.1,71.8,73.4,75,2026-06-30
Abu Dhabi,Khalifa City,Saeed Al Mazrouei,Faisal Karim,Sameer Nair,BR014,Yas Island,Premium,Recovering,KPI10,Repeat Complaint Rate,LOWER,17.4,17.7,17.9,8,2025-07-31
Abu Dhabi,Khalifa City,Saeed Al Mazrouei,Faisal Karim,Sameer Nair,BR014,Yas Island,Premium,Recovering,KPI10,Repeat Complaint Rate,LOWER,17.7,17.9,18.1,8,2025-08-31
Abu Dhabi,Khalifa City,Saeed Al Mazrouei,Faisal Karim,Sameer Nair,BR014,Yas Island,Premium,Recovering,KPI10,Repeat Complaint Rate,LOWER,17.9,18.1,18.7,8,2025-09-30
Abu Dhabi,Khalifa City,Saeed Al Mazrouei,Faisal Karim,Sameer Nair,BR014,Yas Island,Premium,Recovering,KPI10,Repeat Complaint Rate,LOWER,18.1,18.7,18.3,8,2025-10-31
Abu Dhabi,Khalifa City,Saeed Al Mazrouei,Faisal Karim,Sameer Nair,BR014,Yas Island,Premium,Recovering,KPI10,Repeat Complaint Rate,LOWER,18.7,18.3,17.7,8,2025-11-30
Abu Dhabi,Khalifa City,Saeed Al Mazrouei,Faisal Karim,Sameer Nair,BR014,Yas Island,Premium,Recovering,KPI10,Repeat Complaint Rate,LOWER,18.3,17.7,16.9,8,2025-12-31
Abu Dhabi,Khalifa City,Saeed Al Mazrouei,Faisal Karim,Sameer Nair,BR014,Yas Island,Premium,Recovering,KPI10,Repeat Complaint Rate,LOWER,17.7,16.9,16.7,8,2026-01-31
Abu Dhabi,Khalifa City,Saeed Al Mazrouei,Faisal Karim,Sameer Nair,BR014,Yas Island,Premium,Recovering,KPI10,Repeat Complaint Rate,LOWER,16.9,16.7,16.6,8,2026-02-28
Abu Dhabi,Khalifa City,Saeed Al Mazrouei,Faisal Karim,Sameer Nair,BR014,Yas Island,Premium,Recovering,KPI10,Repeat Complaint Rate,LOWER,16.7,16.6,16.4,8,2026-03-31
Abu Dhabi,Khalifa City,Saeed Al Mazrouei,Faisal Karim,Sameer Nair,BR014,Yas Island,Premium,Recovering,KPI10,Repeat Complaint Rate,LOWER,16.6,16.4,16.3,8,2026-04-30
Abu Dhabi,Khalifa City,Saeed Al Mazrouei,Faisal Karim,Sameer Nair,BR014,Yas Island,Premium,Recovering,KPI10,Repeat Complaint Rate,LOWER,16.4,16.3,15.2,8,2026-05-31
Abu Dhabi,Khalifa City,Saeed Al Mazrouei,Faisal Karim,Sameer Nair,BR014,Yas Island,Premium,Recovering,KPI10,Repeat Complaint Rate,LOWER,16.3,15.2,14.8,8,2026-06-30
Sharjah,Muwaileh,Aisha Al Qasimi,Tariq Hamad,Amina Yusuf,BR015,Mussafah,Standard,Volatile,KPI01,CSAT,HIGHER,81.7,82.2,83.1,85,2025-07-31
Sharjah,Muwaileh,Aisha Al Qasimi,Tariq Hamad,Amina Yusuf,BR015,Mussafah,Standard,Volatile,KPI01,CSAT,HIGHER,82.2,83.1,82.8,85,2025-08-31
Sharjah,Muwaileh,Aisha Al Qasimi,Tariq Hamad,Amina Yusuf,BR015,Mussafah,Standard,Volatile,KPI01,CSAT,HIGHER,83.1,82.8,82.8,85,2025-09-30
Sharjah,Muwaileh,Aisha Al Qasimi,Tariq Hamad,Amina Yusuf,BR015,Mussafah,Standard,Volatile,KPI01,CSAT,HIGHER,82.8,82.8,82.9,85,2025-10-31
Sharjah,Muwaileh,Aisha Al Qasimi,Tariq Hamad,Amina Yusuf,BR015,Mussafah,Standard,Volatile,KPI01,CSAT,HIGHER,82.8,82.9,83.5,85,2025-11-30
Sharjah,Muwaileh,Aisha Al Qasimi,Tariq Hamad,Amina Yusuf,BR015,Mussafah,Standard,Volatile,KPI01,CSAT,HIGHER,82.9,83.5,83.2,85,2025-12-31
Sharjah,Muwaileh,Aisha Al Qasimi,Tariq Hamad,Amina Yusuf,BR015,Mussafah,Standard,Volatile,KPI01,CSAT,HIGHER,83.5,83.2,82.7,85,2026-01-31
Sharjah,Muwaileh,Aisha Al Qasimi,Tariq Hamad,Amina Yusuf,BR015,Mussafah,Standard,Volatile,KPI01,CSAT,HIGHER,83.2,82.7,82.2,85,2026-02-28
Sharjah,Muwaileh,Aisha Al Qasimi,Tariq Hamad,Amina Yusuf,BR015,Mussafah,Standard,Volatile,KPI01,CSAT,HIGHER,82.7,82.2,82.7,85,2026-03-31
Sharjah,Muwaileh,Aisha Al Qasimi,Tariq Hamad,Amina Yusuf,BR015,Mussafah,Standard,Volatile,KPI01,CSAT,HIGHER,82.2,82.7,83.2,85,2026-04-30
Sharjah,Muwaileh,Aisha Al Qasimi,Tariq Hamad,Amina Yusuf,BR015,Mussafah,Standard,Volatile,KPI01,CSAT,HIGHER,82.7,83.2,82.5,85,2026-05-31
Sharjah,Muwaileh,Aisha Al Qasimi,Tariq Hamad,Amina Yusuf,BR015,Mussafah,Standard,Volatile,KPI01,CSAT,HIGHER,83.2,82.5,81.9,85,2026-06-30
Sharjah,Muwaileh,Aisha Al Qasimi,Tariq Hamad,Amina Yusuf,BR015,Mussafah,Standard,Volatile,KPI02,NPS,HIGHER,39.2,39.7,39.4,40,2025-07-31
Sharjah,Muwaileh,Aisha Al Qasimi,Tariq Hamad,Amina Yusuf,BR015,Mussafah,Standard,Volatile,KPI02,NPS,HIGHER,39.7,39.4,38.3,40,2025-08-31
Sharjah,Muwaileh,Aisha Al Qasimi,Tariq Hamad,Amina Yusuf,BR015,Mussafah,Standard,Volatile,KPI02,NPS,HIGHER,39.4,38.3,38.2,40,2025-09-30
Sharjah,Muwaileh,Aisha Al Qasimi,Tariq Hamad,Amina Yusuf,BR015,Mussafah,Standard,Volatile,KPI02,NPS,HIGHER,38.3,38.2,38.9,40,2025-10-31
Sharjah,Muwaileh,Aisha Al Qasimi,Tariq Hamad,Amina Yusuf,BR015,Mussafah,Standard,Volatile,KPI02,NPS,HIGHER,38.2,38.9,41.3,40,2025-11-30
Sharjah,Muwaileh,Aisha Al Qasimi,Tariq Hamad,Amina Yusuf,BR015,Mussafah,Standard,Volatile,KPI02,NPS,HIGHER,38.9,41.3,41.3,40,2025-12-31
Sharjah,Muwaileh,Aisha Al Qasimi,Tariq Hamad,Amina Yusuf,BR015,Mussafah,Standard,Volatile,KPI02,NPS,HIGHER,41.3,41.3,39.5,40,2026-01-31
Sharjah,Muwaileh,Aisha Al Qasimi,Tariq Hamad,Amina Yusuf,BR015,Mussafah,Standard,Volatile,KPI02,NPS,HIGHER,41.3,39.5,41.1,40,2026-02-28
Sharjah,Muwaileh,Aisha Al Qasimi,Tariq Hamad,Amina Yusuf,BR015,Mussafah,Standard,Volatile,KPI02,NPS,HIGHER,39.5,41.1,43.8,40,2026-03-31
Sharjah,Muwaileh,Aisha Al Qasimi,Tariq Hamad,Amina Yusuf,BR015,Mussafah,Standard,Volatile,KPI02,NPS,HIGHER,41.1,43.8,45.1,40,2026-04-30
Sharjah,Muwaileh,Aisha Al Qasimi,Tariq Hamad,Amina Yusuf,BR015,Mussafah,Standard,Volatile,KPI02,NPS,HIGHER,43.8,45.1,43.7,40,2026-05-31
Sharjah,Muwaileh,Aisha Al Qasimi,Tariq Hamad,Amina Yusuf,BR015,Mussafah,Standard,Volatile,KPI02,NPS,HIGHER,45.1,43.7,40.9,40,2026-06-30
Sharjah,Muwaileh,Aisha Al Qasimi,Tariq Hamad,Amina Yusuf,BR015,Mussafah,Standard,Volatile,KPI03,Complaint Rate,LOWER,4.22,4.13,4.1,2.0,2025-07-31
Sharjah,Muwaileh,Aisha Al Qasimi,Tariq Hamad,Amina Yusuf,BR015,Mussafah,Standard,Volatile,KPI03,Complaint Rate,LOWER,4.13,4.1,4.23,2.0,2025-08-31
Sharjah,Muwaileh,Aisha Al Qasimi,Tariq Hamad,Amina Yusuf,BR015,Mussafah,Standard,Volatile,KPI03,Complaint Rate,LOWER,4.1,4.23,4.2,2.0,2025-09-30
Sharjah,Muwaileh,Aisha Al Qasimi,Tariq Hamad,Amina Yusuf,BR015,Mussafah,Standard,Volatile,KPI03,Complaint Rate,LOWER,4.23,4.2,4.13,2.0,2025-10-31
Sharjah,Muwaileh,Aisha Al Qasimi,Tariq Hamad,Amina Yusuf,BR015,Mussafah,Standard,Volatile,KPI03,Complaint Rate,LOWER,4.2,4.13,4.02,2.0,2025-11-30
Sharjah,Muwaileh,Aisha Al Qasimi,Tariq Hamad,Amina Yusuf,BR015,Mussafah,Standard,Volatile,KPI03,Complaint Rate,LOWER,4.13,4.02,4.08,2.0,2025-12-31
Sharjah,Muwaileh,Aisha Al Qasimi,Tariq Hamad,Amina Yusuf,BR015,Mussafah,Standard,Volatile,KPI03,Complaint Rate,LOWER,4.02,4.08,4.15,2.0,2026-01-31
Sharjah,Muwaileh,Aisha Al Qasimi,Tariq Hamad,Amina Yusuf,BR015,Mussafah,Standard,Volatile,KPI03,Complaint Rate,LOWER,4.08,4.15,4.24,2.0,2026-02-28
Sharjah,Muwaileh,Aisha Al Qasimi,Tariq Hamad,Amina Yusuf,BR015,Mussafah,Standard,Volatile,KPI03,Complaint Rate,LOWER,4.15,4.24,3.98,2.0,2026-03-31
Sharjah,Muwaileh,Aisha Al Qasimi,Tariq Hamad,Amina Yusuf,BR015,Mussafah,Standard,Volatile,KPI03,Complaint Rate,LOWER,4.24,3.98,3.82,2.0,2026-04-30
Sharjah,Muwaileh,Aisha Al Qasimi,Tariq Hamad,Amina Yusuf,BR015,Mussafah,Standard,Volatile,KPI03,Complaint Rate,LOWER,3.98,3.82,3.89,2.0,2026-05-31
Sharjah,Muwaileh,Aisha Al Qasimi,Tariq Hamad,Amina Yusuf,BR015,Mussafah,Standard,Volatile,KPI03,Complaint Rate,LOWER,3.82,3.89,4.09,2.0,2026-06-30
Sharjah,Muwaileh,Aisha Al Qasimi,Tariq Hamad,Amina Yusuf,BR015,Mussafah,Standard,Volatile,KPI04,Complaint Volume,LOWER,189.0,177.0,175.0,100,2025-07-31
Sharjah,Muwaileh,Aisha Al Qasimi,Tariq Hamad,Amina Yusuf,BR015,Mussafah,Standard,Volatile,KPI04,Complaint Volume,LOWER,177.0,175.0,178.0,100,2025-08-31
Sharjah,Muwaileh,Aisha Al Qasimi,Tariq Hamad,Amina Yusuf,BR015,Mussafah,Standard,Volatile,KPI04,Complaint Volume,LOWER,175.0,178.0,180.0,100,2025-09-30
Sharjah,Muwaileh,Aisha Al Qasimi,Tariq Hamad,Amina Yusuf,BR015,Mussafah,Standard,Volatile,KPI04,Complaint Volume,LOWER,178.0,180.0,180.0,100,2025-10-31
Sharjah,Muwaileh,Aisha Al Qasimi,Tariq Hamad,Amina Yusuf,BR015,Mussafah,Standard,Volatile,KPI04,Complaint Volume,LOWER,180.0,180.0,174.0,100,2025-11-30
Sharjah,Muwaileh,Aisha Al Qasimi,Tariq Hamad,Amina Yusuf,BR015,Mussafah,Standard,Volatile,KPI04,Complaint Volume,LOWER,180.0,174.0,175.0,100,2025-12-31
Sharjah,Muwaileh,Aisha Al Qasimi,Tariq Hamad,Amina Yusuf,BR015,Mussafah,Standard,Volatile,KPI04,Complaint Volume,LOWER,174.0,175.0,183.0,100,2026-01-31
Sharjah,Muwaileh,Aisha Al Qasimi,Tariq Hamad,Amina Yusuf,BR015,Mussafah,Standard,Volatile,KPI04,Complaint Volume,LOWER,175.0,183.0,189.0,100,2026-02-28
Sharjah,Muwaileh,Aisha Al Qasimi,Tariq Hamad,Amina Yusuf,BR015,Mussafah,Standard,Volatile,KPI04,Complaint Volume,LOWER,183.0,189.0,178.0,100,2026-03-31
Sharjah,Muwaileh,Aisha Al Qasimi,Tariq Hamad,Amina Yusuf,BR015,Mussafah,Standard,Volatile,KPI04,Complaint Volume,LOWER,189.0,178.0,176.0,100,2026-04-30
Sharjah,Muwaileh,Aisha Al Qasimi,Tariq Hamad,Amina Yusuf,BR015,Mussafah,Standard,Volatile,KPI04,Complaint Volume,LOWER,178.0,176.0,173.0,100,2026-05-31
Sharjah,Muwaileh,Aisha Al Qasimi,Tariq Hamad,Amina Yusuf,BR015,Mussafah,Standard,Volatile,KPI04,Complaint Volume,LOWER,176.0,173.0,176.0,100,2026-06-30
Sharjah,Muwaileh,Aisha Al Qasimi,Tariq Hamad,Amina Yusuf,BR015,Mussafah,Standard,Volatile,KPI05,Resolution Time,LOWER,2.41,2.26,2.24,3.0,2025-07-31
Sharjah,Muwaileh,Aisha Al Qasimi,Tariq Hamad,Amina Yusuf,BR015,Mussafah,Standard,Volatile,KPI05,Resolution Time,LOWER,2.26,2.24,2.5,3.0,2025-08-31
Sharjah,Muwaileh,Aisha Al Qasimi,Tariq Hamad,Amina Yusuf,BR015,Mussafah,Standard,Volatile,KPI05,Resolution Time,LOWER,2.24,2.5,2.68,3.0,2025-09-30
Sharjah,Muwaileh,Aisha Al Qasimi,Tariq Hamad,Amina Yusuf,BR015,Mussafah,Standard,Volatile,KPI05,Resolution Time,LOWER,2.5,2.68,2.56,3.0,2025-10-31
Sharjah,Muwaileh,Aisha Al Qasimi,Tariq Hamad,Amina Yusuf,BR015,Mussafah,Standard,Volatile,KPI05,Resolution Time,LOWER,2.68,2.56,2.45,3.0,2025-11-30
Sharjah,Muwaileh,Aisha Al Qasimi,Tariq Hamad,Amina Yusuf,BR015,Mussafah,Standard,Volatile,KPI05,Resolution Time,LOWER,2.56,2.45,2.46,3.0,2025-12-31
Sharjah,Muwaileh,Aisha Al Qasimi,Tariq Hamad,Amina Yusuf,BR015,Mussafah,Standard,Volatile,KPI05,Resolution Time,LOWER,2.45,2.46,2.74,3.0,2026-01-31
Sharjah,Muwaileh,Aisha Al Qasimi,Tariq Hamad,Amina Yusuf,BR015,Mussafah,Standard,Volatile,KPI05,Resolution Time,LOWER,2.46,2.74,2.73,3.0,2026-02-28
Sharjah,Muwaileh,Aisha Al Qasimi,Tariq Hamad,Amina Yusuf,BR015,Mussafah,Standard,Volatile,KPI05,Resolution Time,LOWER,2.74,2.73,2.6,3.0,2026-03-31
Sharjah,Muwaileh,Aisha Al Qasimi,Tariq Hamad,Amina Yusuf,BR015,Mussafah,Standard,Volatile,KPI05,Resolution Time,LOWER,2.73,2.6,2.48,3.0,2026-04-30
Sharjah,Muwaileh,Aisha Al Qasimi,Tariq Hamad,Amina Yusuf,BR015,Mussafah,Standard,Volatile,KPI05,Resolution Time,LOWER,2.6,2.48,2.61,3.0,2026-05-31
Sharjah,Muwaileh,Aisha Al Qasimi,Tariq Hamad,Amina Yusuf,BR015,Mussafah,Standard,Volatile,KPI05,Resolution Time,LOWER,2.48,2.61,2.72,3.0,2026-06-30
Sharjah,Muwaileh,Aisha Al Qasimi,Tariq Hamad,Amina Yusuf,BR015,Mussafah,Standard,Volatile,KPI06,SLA Compliance,HIGHER,95.8,96.1,96.3,95,2025-07-31
Sharjah,Muwaileh,Aisha Al Qasimi,Tariq Hamad,Amina Yusuf,BR015,Mussafah,Standard,Volatile,KPI06,SLA Compliance,HIGHER,96.1,96.3,95.4,95,2025-08-31
Sharjah,Muwaileh,Aisha Al Qasimi,Tariq Hamad,Amina Yusuf,BR015,Mussafah,Standard,Volatile,KPI06,SLA Compliance,HIGHER,96.3,95.4,95.1,95,2025-09-30
Sharjah,Muwaileh,Aisha Al Qasimi,Tariq Hamad,Amina Yusuf,BR015,Mussafah,Standard,Volatile,KPI06,SLA Compliance,HIGHER,95.4,95.1,95.5,95,2025-10-31
Sharjah,Muwaileh,Aisha Al Qasimi,Tariq Hamad,Amina Yusuf,BR015,Mussafah,Standard,Volatile,KPI06,SLA Compliance,HIGHER,95.1,95.5,96.2,95,2025-11-30
Sharjah,Muwaileh,Aisha Al Qasimi,Tariq Hamad,Amina Yusuf,BR015,Mussafah,Standard,Volatile,KPI06,SLA Compliance,HIGHER,95.5,96.2,96.9,95,2025-12-31
Sharjah,Muwaileh,Aisha Al Qasimi,Tariq Hamad,Amina Yusuf,BR015,Mussafah,Standard,Volatile,KPI06,SLA Compliance,HIGHER,96.2,96.9,95.6,95,2026-01-31
Sharjah,Muwaileh,Aisha Al Qasimi,Tariq Hamad,Amina Yusuf,BR015,Mussafah,Standard,Volatile,KPI06,SLA Compliance,HIGHER,96.9,95.6,95.8,95,2026-02-28
Sharjah,Muwaileh,Aisha Al Qasimi,Tariq Hamad,Amina Yusuf,BR015,Mussafah,Standard,Volatile,KPI06,SLA Compliance,HIGHER,95.6,95.8,96.1,95,2026-03-31
Sharjah,Muwaileh,Aisha Al Qasimi,Tariq Hamad,Amina Yusuf,BR015,Mussafah,Standard,Volatile,KPI06,SLA Compliance,HIGHER,95.8,96.1,97.1,95,2026-04-30
Sharjah,Muwaileh,Aisha Al Qasimi,Tariq Hamad,Amina Yusuf,BR015,Mussafah,Standard,Volatile,KPI06,SLA Compliance,HIGHER,96.1,97.1,97.5,95,2026-05-31
Sharjah,Muwaileh,Aisha Al Qasimi,Tariq Hamad,Amina Yusuf,BR015,Mussafah,Standard,Volatile,KPI06,SLA Compliance,HIGHER,97.1,97.5,97.6,95,2026-06-30
Sharjah,Muwaileh,Aisha Al Qasimi,Tariq Hamad,Amina Yusuf,BR015,Mussafah,Standard,Volatile,KPI07,First Contact Resolution,HIGHER,82.0,82.7,83.5,85,2025-07-31
Sharjah,Muwaileh,Aisha Al Qasimi,Tariq Hamad,Amina Yusuf,BR015,Mussafah,Standard,Volatile,KPI07,First Contact Resolution,HIGHER,82.7,83.5,83.0,85,2025-08-31
Sharjah,Muwaileh,Aisha Al Qasimi,Tariq Hamad,Amina Yusuf,BR015,Mussafah,Standard,Volatile,KPI07,First Contact Resolution,HIGHER,83.5,83.0,82.6,85,2025-09-30
Sharjah,Muwaileh,Aisha Al Qasimi,Tariq Hamad,Amina Yusuf,BR015,Mussafah,Standard,Volatile,KPI07,First Contact Resolution,HIGHER,83.0,82.6,82.6,85,2025-10-31
Sharjah,Muwaileh,Aisha Al Qasimi,Tariq Hamad,Amina Yusuf,BR015,Mussafah,Standard,Volatile,KPI07,First Contact Resolution,HIGHER,82.6,82.6,83.5,85,2025-11-30
Sharjah,Muwaileh,Aisha Al Qasimi,Tariq Hamad,Amina Yusuf,BR015,Mussafah,Standard,Volatile,KPI07,First Contact Resolution,HIGHER,82.6,83.5,82.5,85,2025-12-31
Sharjah,Muwaileh,Aisha Al Qasimi,Tariq Hamad,Amina Yusuf,BR015,Mussafah,Standard,Volatile,KPI07,First Contact Resolution,HIGHER,83.5,82.5,81.1,85,2026-01-31
Sharjah,Muwaileh,Aisha Al Qasimi,Tariq Hamad,Amina Yusuf,BR015,Mussafah,Standard,Volatile,KPI07,First Contact Resolution,HIGHER,82.5,81.1,81.2,85,2026-02-28
Sharjah,Muwaileh,Aisha Al Qasimi,Tariq Hamad,Amina Yusuf,BR015,Mussafah,Standard,Volatile,KPI07,First Contact Resolution,HIGHER,81.1,81.2,82.2,85,2026-03-31
Sharjah,Muwaileh,Aisha Al Qasimi,Tariq Hamad,Amina Yusuf,BR015,Mussafah,Standard,Volatile,KPI07,First Contact Resolution,HIGHER,81.2,82.2,82.9,85,2026-04-30
Sharjah,Muwaileh,Aisha Al Qasimi,Tariq Hamad,Amina Yusuf,BR015,Mussafah,Standard,Volatile,KPI07,First Contact Resolution,HIGHER,82.2,82.9,83.0,85,2026-05-31
Sharjah,Muwaileh,Aisha Al Qasimi,Tariq Hamad,Amina Yusuf,BR015,Mussafah,Standard,Volatile,KPI07,First Contact Resolution,HIGHER,82.9,83.0,82.2,85,2026-06-30
Sharjah,Muwaileh,Aisha Al Qasimi,Tariq Hamad,Amina Yusuf,BR015,Mussafah,Standard,Volatile,KPI08,Customer Effort Score,LOWER,3.19,3.08,3.01,3.0,2025-07-31
Sharjah,Muwaileh,Aisha Al Qasimi,Tariq Hamad,Amina Yusuf,BR015,Mussafah,Standard,Volatile,KPI08,Customer Effort Score,LOWER,3.08,3.01,3.02,3.0,2025-08-31
Sharjah,Muwaileh,Aisha Al Qasimi,Tariq Hamad,Amina Yusuf,BR015,Mussafah,Standard,Volatile,KPI08,Customer Effort Score,LOWER,3.01,3.02,3.15,3.0,2025-09-30
Sharjah,Muwaileh,Aisha Al Qasimi,Tariq Hamad,Amina Yusuf,BR015,Mussafah,Standard,Volatile,KPI08,Customer Effort Score,LOWER,3.02,3.15,3.14,3.0,2025-10-31
Sharjah,Muwaileh,Aisha Al Qasimi,Tariq Hamad,Amina Yusuf,BR015,Mussafah,Standard,Volatile,KPI08,Customer Effort Score,LOWER,3.15,3.14,3.07,3.0,2025-11-30
Sharjah,Muwaileh,Aisha Al Qasimi,Tariq Hamad,Amina Yusuf,BR015,Mussafah,Standard,Volatile,KPI08,Customer Effort Score,LOWER,3.14,3.07,3.0,3.0,2025-12-31
Sharjah,Muwaileh,Aisha Al Qasimi,Tariq Hamad,Amina Yusuf,BR015,Mussafah,Standard,Volatile,KPI08,Customer Effort Score,LOWER,3.07,3.0,3.12,3.0,2026-01-31
Sharjah,Muwaileh,Aisha Al Qasimi,Tariq Hamad,Amina Yusuf,BR015,Mussafah,Standard,Volatile,KPI08,Customer Effort Score,LOWER,3.0,3.12,3.17,3.0,2026-02-28
Sharjah,Muwaileh,Aisha Al Qasimi,Tariq Hamad,Amina Yusuf,BR015,Mussafah,Standard,Volatile,KPI08,Customer Effort Score,LOWER,3.12,3.17,3.08,3.0,2026-03-31
Sharjah,Muwaileh,Aisha Al Qasimi,Tariq Hamad,Amina Yusuf,BR015,Mussafah,Standard,Volatile,KPI08,Customer Effort Score,LOWER,3.17,3.08,2.94,3.0,2026-04-30
Sharjah,Muwaileh,Aisha Al Qasimi,Tariq Hamad,Amina Yusuf,BR015,Mussafah,Standard,Volatile,KPI08,Customer Effort Score,LOWER,3.08,2.94,2.98,3.0,2026-05-31
Sharjah,Muwaileh,Aisha Al Qasimi,Tariq Hamad,Amina Yusuf,BR015,Mussafah,Standard,Volatile,KPI08,Customer Effort Score,LOWER,2.94,2.98,3.03,3.0,2026-06-30
Sharjah,Muwaileh,Aisha Al Qasimi,Tariq Hamad,Amina Yusuf,BR015,Mussafah,Standard,Volatile,KPI09,Digital Adoption Rate,HIGHER,56.3,57.4,57.6,75,2025-07-31
Sharjah,Muwaileh,Aisha Al Qasimi,Tariq Hamad,Amina Yusuf,BR015,Mussafah,Standard,Volatile,KPI09,Digital Adoption Rate,HIGHER,57.4,57.6,57.1,75,2025-08-31
Sharjah,Muwaileh,Aisha Al Qasimi,Tariq Hamad,Amina Yusuf,BR015,Mussafah,Standard,Volatile,KPI09,Digital Adoption Rate,HIGHER,57.6,57.1,56.5,75,2025-09-30
Sharjah,Muwaileh,Aisha Al Qasimi,Tariq Hamad,Amina Yusuf,BR015,Mussafah,Standard,Volatile,KPI09,Digital Adoption Rate,HIGHER,57.1,56.5,57.3,75,2025-10-31
Sharjah,Muwaileh,Aisha Al Qasimi,Tariq Hamad,Amina Yusuf,BR015,Mussafah,Standard,Volatile,KPI09,Digital Adoption Rate,HIGHER,56.5,57.3,57.6,75,2025-11-30
Sharjah,Muwaileh,Aisha Al Qasimi,Tariq Hamad,Amina Yusuf,BR015,Mussafah,Standard,Volatile,KPI09,Digital Adoption Rate,HIGHER,57.3,57.6,57.8,75,2025-12-31
Sharjah,Muwaileh,Aisha Al Qasimi,Tariq Hamad,Amina Yusuf,BR015,Mussafah,Standard,Volatile,KPI09,Digital Adoption Rate,HIGHER,57.6,57.8,56.6,75,2026-01-31
Sharjah,Muwaileh,Aisha Al Qasimi,Tariq Hamad,Amina Yusuf,BR015,Mussafah,Standard,Volatile,KPI09,Digital Adoption Rate,HIGHER,57.8,56.6,56.3,75,2026-02-28
Sharjah,Muwaileh,Aisha Al Qasimi,Tariq Hamad,Amina Yusuf,BR015,Mussafah,Standard,Volatile,KPI09,Digital Adoption Rate,HIGHER,56.6,56.3,57.0,75,2026-03-31
Sharjah,Muwaileh,Aisha Al Qasimi,Tariq Hamad,Amina Yusuf,BR015,Mussafah,Standard,Volatile,KPI09,Digital Adoption Rate,HIGHER,56.3,57.0,58.0,75,2026-04-30
Sharjah,Muwaileh,Aisha Al Qasimi,Tariq Hamad,Amina Yusuf,BR015,Mussafah,Standard,Volatile,KPI09,Digital Adoption Rate,HIGHER,57.0,58.0,57.1,75,2026-05-31
Sharjah,Muwaileh,Aisha Al Qasimi,Tariq Hamad,Amina Yusuf,BR015,Mussafah,Standard,Volatile,KPI09,Digital Adoption Rate,HIGHER,58.0,57.1,55.7,75,2026-06-30
Sharjah,Muwaileh,Aisha Al Qasimi,Tariq Hamad,Amina Yusuf,BR015,Mussafah,Standard,Volatile,KPI10,Repeat Complaint Rate,LOWER,10.7,10.5,10.8,8,2025-07-31
Sharjah,Muwaileh,Aisha Al Qasimi,Tariq Hamad,Amina Yusuf,BR015,Mussafah,Standard,Volatile,KPI10,Repeat Complaint Rate,LOWER,10.5,10.8,11.5,8,2025-08-31
Sharjah,Muwaileh,Aisha Al Qasimi,Tariq Hamad,Amina Yusuf,BR015,Mussafah,Standard,Volatile,KPI10,Repeat Complaint Rate,LOWER,10.8,11.5,12.5,8,2025-09-30
Sharjah,Muwaileh,Aisha Al Qasimi,Tariq Hamad,Amina Yusuf,BR015,Mussafah,Standard,Volatile,KPI10,Repeat Complaint Rate,LOWER,11.5,12.5,11.8,8,2025-10-31
Sharjah,Muwaileh,Aisha Al Qasimi,Tariq Hamad,Amina Yusuf,BR015,Mussafah,Standard,Volatile,KPI10,Repeat Complaint Rate,LOWER,12.5,11.8,11.2,8,2025-11-30
Sharjah,Muwaileh,Aisha Al Qasimi,Tariq Hamad,Amina Yusuf,BR015,Mussafah,Standard,Volatile,KPI10,Repeat Complaint Rate,LOWER,11.8,11.2,11.1,8,2025-12-31
Sharjah,Muwaileh,Aisha Al Qasimi,Tariq Hamad,Amina Yusuf,BR015,Mussafah,Standard,Volatile,KPI10,Repeat Complaint Rate,LOWER,11.2,11.1,11.5,8,2026-01-31
Sharjah,Muwaileh,Aisha Al Qasimi,Tariq Hamad,Amina Yusuf,BR015,Mussafah,Standard,Volatile,KPI10,Repeat Complaint Rate,LOWER,11.1,11.5,11.8,8,2026-02-28
Sharjah,Muwaileh,Aisha Al Qasimi,Tariq Hamad,Amina Yusuf,BR015,Mussafah,Standard,Volatile,KPI10,Repeat Complaint Rate,LOWER,11.5,11.8,11.3,8,2026-03-31
Sharjah,Muwaileh,Aisha Al Qasimi,Tariq Hamad,Amina Yusuf,BR015,Mussafah,Standard,Volatile,KPI10,Repeat Complaint Rate,LOWER,11.8,11.3,11.2,8,2026-04-30
Sharjah,Muwaileh,Aisha Al Qasimi,Tariq Hamad,Amina Yusuf,BR015,Mussafah,Standard,Volatile,KPI10,Repeat Complaint Rate,LOWER,11.3,11.2,11.7,8,2026-05-31
Sharjah,Muwaileh,Aisha Al Qasimi,Tariq Hamad,Amina Yusuf,BR015,Mussafah,Standard,Volatile,KPI10,Repeat Complaint Rate,LOWER,11.2,11.7,12.3,8,2026-06-30
Northern Emirates,Ajman,Noura Al Shamsi,Hassan Ali,Tariq Bashir,BR016,Al Ain Main,Digital Hub,Improving,KPI01,CSAT,HIGHER,79.9,80.3,80.7,85,2025-07-31
Northern Emirates,Ajman,Noura Al Shamsi,Hassan Ali,Tariq Bashir,BR016,Al Ain Main,Digital Hub,Improving,KPI01,CSAT,HIGHER,80.3,80.7,81.4,85,2025-08-31
Northern Emirates,Ajman,Noura Al Shamsi,Hassan Ali,Tariq Bashir,BR016,Al Ain Main,Digital Hub,Improving,KPI01,CSAT,HIGHER,80.7,81.4,81.5,85,2025-09-30
Northern Emirates,Ajman,Noura Al Shamsi,Hassan Ali,Tariq Bashir,BR016,Al Ain Main,Digital Hub,Improving,KPI01,CSAT,HIGHER,81.4,81.5,81.6,85,2025-10-31
Northern Emirates,Ajman,Noura Al Shamsi,Hassan Ali,Tariq Bashir,BR016,Al Ain Main,Digital Hub,Improving,KPI01,CSAT,HIGHER,81.5,81.6,82.1,85,2025-11-30
Northern Emirates,Ajman,Noura Al Shamsi,Hassan Ali,Tariq Bashir,BR016,Al Ain Main,Digital Hub,Improving,KPI01,CSAT,HIGHER,81.6,82.1,78.7,85,2025-12-31
Northern Emirates,Ajman,Noura Al Shamsi,Hassan Ali,Tariq Bashir,BR016,Al Ain Main,Digital Hub,Improving,KPI01,CSAT,HIGHER,82.1,78.7,78.9,85,2026-01-31
Northern Emirates,Ajman,Noura Al Shamsi,Hassan Ali,Tariq Bashir,BR016,Al Ain Main,Digital Hub,Improving,KPI01,CSAT,HIGHER,78.7,78.9,80.1,85,2026-02-28
Northern Emirates,Ajman,Noura Al Shamsi,Hassan Ali,Tariq Bashir,BR016,Al Ain Main,Digital Hub,Improving,KPI01,CSAT,HIGHER,78.9,80.1,80.3,85,2026-03-31
Northern Emirates,Ajman,Noura Al Shamsi,Hassan Ali,Tariq Bashir,BR016,Al Ain Main,Digital Hub,Improving,KPI01,CSAT,HIGHER,80.1,80.3,81.1,85,2026-04-30
Northern Emirates,Ajman,Noura Al Shamsi,Hassan Ali,Tariq Bashir,BR016,Al Ain Main,Digital Hub,Improving,KPI01,CSAT,HIGHER,80.3,81.1,81.6,85,2026-05-31
Northern Emirates,Ajman,Noura Al Shamsi,Hassan Ali,Tariq Bashir,BR016,Al Ain Main,Digital Hub,Improving,KPI01,CSAT,HIGHER,81.1,81.6,81.8,85,2026-06-30
Northern Emirates,Ajman,Noura Al Shamsi,Hassan Ali,Tariq Bashir,BR016,Al Ain Main,Digital Hub,Improving,KPI02,NPS,HIGHER,30.0,29.6,31.0,40,2025-07-31
Northern Emirates,Ajman,Noura Al Shamsi,Hassan Ali,Tariq Bashir,BR016,Al Ain Main,Digital Hub,Improving,KPI02,NPS,HIGHER,29.6,31.0,31.9,40,2025-08-31
Northern Emirates,Ajman,Noura Al Shamsi,Hassan Ali,Tariq Bashir,BR016,Al Ain Main,Digital Hub,Improving,KPI02,NPS,HIGHER,31.0,31.9,32.1,40,2025-09-30
Northern Emirates,Ajman,Noura Al Shamsi,Hassan Ali,Tariq Bashir,BR016,Al Ain Main,Digital Hub,Improving,KPI02,NPS,HIGHER,31.9,32.1,34.8,40,2025-10-31
Northern Emirates,Ajman,Noura Al Shamsi,Hassan Ali,Tariq Bashir,BR016,Al Ain Main,Digital Hub,Improving,KPI02,NPS,HIGHER,32.1,34.8,36.1,40,2025-11-30
Northern Emirates,Ajman,Noura Al Shamsi,Hassan Ali,Tariq Bashir,BR016,Al Ain Main,Digital Hub,Improving,KPI02,NPS,HIGHER,34.8,36.1,33.7,40,2025-12-31
Northern Emirates,Ajman,Noura Al Shamsi,Hassan Ali,Tariq Bashir,BR016,Al Ain Main,Digital Hub,Improving,KPI02,NPS,HIGHER,36.1,33.7,36.8,40,2026-01-31
Northern Emirates,Ajman,Noura Al Shamsi,Hassan Ali,Tariq Bashir,BR016,Al Ain Main,Digital Hub,Improving,KPI02,NPS,HIGHER,33.7,36.8,37.3,40,2026-02-28
Northern Emirates,Ajman,Noura Al Shamsi,Hassan Ali,Tariq Bashir,BR016,Al Ain Main,Digital Hub,Improving,KPI02,NPS,HIGHER,36.8,37.3,38.0,40,2026-03-31
Northern Emirates,Ajman,Noura Al Shamsi,Hassan Ali,Tariq Bashir,BR016,Al Ain Main,Digital Hub,Improving,KPI02,NPS,HIGHER,37.3,38.0,40.2,40,2026-04-30
Northern Emirates,Ajman,Noura Al Shamsi,Hassan Ali,Tariq Bashir,BR016,Al Ain Main,Digital Hub,Improving,KPI02,NPS,HIGHER,38.0,40.2,40.1,40,2026-05-31
Northern Emirates,Ajman,Noura Al Shamsi,Hassan Ali,Tariq Bashir,BR016,Al Ain Main,Digital Hub,Improving,KPI02,NPS,HIGHER,40.2,40.1,41.2,40,2026-06-30
Northern Emirates,Ajman,Noura Al Shamsi,Hassan Ali,Tariq Bashir,BR016,Al Ain Main,Digital Hub,Improving,KPI03,Complaint Rate,LOWER,1.84,1.85,1.75,2.0,2025-07-31
Northern Emirates,Ajman,Noura Al Shamsi,Hassan Ali,Tariq Bashir,BR016,Al Ain Main,Digital Hub,Improving,KPI03,Complaint Rate,LOWER,1.85,1.75,1.69,2.0,2025-08-31
Northern Emirates,Ajman,Noura Al Shamsi,Hassan Ali,Tariq Bashir,BR016,Al Ain Main,Digital Hub,Improving,KPI03,Complaint Rate,LOWER,1.75,1.69,1.54,2.0,2025-09-30
Northern Emirates,Ajman,Noura Al Shamsi,Hassan Ali,Tariq Bashir,BR016,Al Ain Main,Digital Hub,Improving,KPI03,Complaint Rate,LOWER,1.69,1.54,1.43,2.0,2025-10-31
Northern Emirates,Ajman,Noura Al Shamsi,Hassan Ali,Tariq Bashir,BR016,Al Ain Main,Digital Hub,Improving,KPI03,Complaint Rate,LOWER,1.54,1.43,1.27,2.0,2025-11-30
Northern Emirates,Ajman,Noura Al Shamsi,Hassan Ali,Tariq Bashir,BR016,Al Ain Main,Digital Hub,Improving,KPI03,Complaint Rate,LOWER,1.43,1.27,2.08,2.0,2025-12-31
Northern Emirates,Ajman,Noura Al Shamsi,Hassan Ali,Tariq Bashir,BR016,Al Ain Main,Digital Hub,Improving,KPI03,Complaint Rate,LOWER,1.27,2.08,1.86,2.0,2026-01-31
Northern Emirates,Ajman,Noura Al Shamsi,Hassan Ali,Tariq Bashir,BR016,Al Ain Main,Digital Hub,Improving,KPI03,Complaint Rate,LOWER,2.08,1.86,1.74,2.0,2026-02-28
Northern Emirates,Ajman,Noura Al Shamsi,Hassan Ali,Tariq Bashir,BR016,Al Ain Main,Digital Hub,Improving,KPI03,Complaint Rate,LOWER,1.86,1.74,1.57,2.0,2026-03-31
Northern Emirates,Ajman,Noura Al Shamsi,Hassan Ali,Tariq Bashir,BR016,Al Ain Main,Digital Hub,Improving,KPI03,Complaint Rate,LOWER,1.74,1.57,1.51,2.0,2026-04-30
Northern Emirates,Ajman,Noura Al Shamsi,Hassan Ali,Tariq Bashir,BR016,Al Ain Main,Digital Hub,Improving,KPI03,Complaint Rate,LOWER,1.57,1.51,1.39,2.0,2026-05-31
Northern Emirates,Ajman,Noura Al Shamsi,Hassan Ali,Tariq Bashir,BR016,Al Ain Main,Digital Hub,Improving,KPI03,Complaint Rate,LOWER,1.51,1.39,1.33,2.0,2026-06-30
Northern Emirates,Ajman,Noura Al Shamsi,Hassan Ali,Tariq Bashir,BR016,Al Ain Main,Digital Hub,Improving,KPI04,Complaint Volume,LOWER,164.0,154.0,147.0,100,2025-07-31
Northern Emirates,Ajman,Noura Al Shamsi,Hassan Ali,Tariq Bashir,BR016,Al Ain Main,Digital Hub,Improving,KPI04,Complaint Volume,LOWER,154.0,147.0,144.0,100,2025-08-31
Northern Emirates,Ajman,Noura Al Shamsi,Hassan Ali,Tariq Bashir,BR016,Al Ain Main,Digital Hub,Improving,KPI04,Complaint Volume,LOWER,147.0,144.0,138.0,100,2025-09-30
Northern Emirates,Ajman,Noura Al Shamsi,Hassan Ali,Tariq Bashir,BR016,Al Ain Main,Digital Hub,Improving,KPI04,Complaint Volume,LOWER,144.0,138.0,132.0,100,2025-10-31
Northern Emirates,Ajman,Noura Al Shamsi,Hassan Ali,Tariq Bashir,BR016,Al Ain Main,Digital Hub,Improving,KPI04,Complaint Volume,LOWER,138.0,132.0,124.0,100,2025-11-30
Northern Emirates,Ajman,Noura Al Shamsi,Hassan Ali,Tariq Bashir,BR016,Al Ain Main,Digital Hub,Improving,KPI04,Complaint Volume,LOWER,132.0,124.0,168.0,100,2025-12-31
Northern Emirates,Ajman,Noura Al Shamsi,Hassan Ali,Tariq Bashir,BR016,Al Ain Main,Digital Hub,Improving,KPI04,Complaint Volume,LOWER,124.0,168.0,164.0,100,2026-01-31
Northern Emirates,Ajman,Noura Al Shamsi,Hassan Ali,Tariq Bashir,BR016,Al Ain Main,Digital Hub,Improving,KPI04,Complaint Volume,LOWER,168.0,164.0,158.0,100,2026-02-28
Northern Emirates,Ajman,Noura Al Shamsi,Hassan Ali,Tariq Bashir,BR016,Al Ain Main,Digital Hub,Improving,KPI04,Complaint Volume,LOWER,164.0,158.0,158.0,100,2026-03-31
Northern Emirates,Ajman,Noura Al Shamsi,Hassan Ali,Tariq Bashir,BR016,Al Ain Main,Digital Hub,Improving,KPI04,Complaint Volume,LOWER,158.0,158.0,153.0,100,2026-04-30
Northern Emirates,Ajman,Noura Al Shamsi,Hassan Ali,Tariq Bashir,BR016,Al Ain Main,Digital Hub,Improving,KPI04,Complaint Volume,LOWER,158.0,153.0,146.0,100,2026-05-31
Northern Emirates,Ajman,Noura Al Shamsi,Hassan Ali,Tariq Bashir,BR016,Al Ain Main,Digital Hub,Improving,KPI04,Complaint Volume,LOWER,153.0,146.0,144.0,100,2026-06-30
Northern Emirates,Ajman,Noura Al Shamsi,Hassan Ali,Tariq Bashir,BR016,Al Ain Main,Digital Hub,Improving,KPI05,Resolution Time,LOWER,6.01,5.83,5.75,3.0,2025-07-31
Northern Emirates,Ajman,Noura Al Shamsi,Hassan Ali,Tariq Bashir,BR016,Al Ain Main,Digital Hub,Improving,KPI05,Resolution Time,LOWER,5.83,5.75,5.59,3.0,2025-08-31
Northern Emirates,Ajman,Noura Al Shamsi,Hassan Ali,Tariq Bashir,BR016,Al Ain Main,Digital Hub,Improving,KPI05,Resolution Time,LOWER,5.75,5.59,5.57,3.0,2025-09-30
Northern Emirates,Ajman,Noura Al Shamsi,Hassan Ali,Tariq Bashir,BR016,Al Ain Main,Digital Hub,Improving,KPI05,Resolution Time,LOWER,5.59,5.57,5.41,3.0,2025-10-31
Northern Emirates,Ajman,Noura Al Shamsi,Hassan Ali,Tariq Bashir,BR016,Al Ain Main,Digital Hub,Improving,KPI05,Resolution Time,LOWER,5.57,5.41,5.3,3.0,2025-11-30
Northern Emirates,Ajman,Noura Al Shamsi,Hassan Ali,Tariq Bashir,BR016,Al Ain Main,Digital Hub,Improving,KPI05,Resolution Time,LOWER,5.41,5.3,5.18,3.0,2025-12-31
Northern Emirates,Ajman,Noura Al Shamsi,Hassan Ali,Tariq Bashir,BR016,Al Ain Main,Digital Hub,Improving,KPI05,Resolution Time,LOWER,5.3,5.18,5.1,3.0,2026-01-31
Northern Emirates,Ajman,Noura Al Shamsi,Hassan Ali,Tariq Bashir,BR016,Al Ain Main,Digital Hub,Improving,KPI05,Resolution Time,LOWER,5.18,5.1,4.89,3.0,2026-02-28
Northern Emirates,Ajman,Noura Al Shamsi,Hassan Ali,Tariq Bashir,BR016,Al Ain Main,Digital Hub,Improving,KPI05,Resolution Time,LOWER,5.1,4.89,4.73,3.0,2026-03-31
Northern Emirates,Ajman,Noura Al Shamsi,Hassan Ali,Tariq Bashir,BR016,Al Ain Main,Digital Hub,Improving,KPI05,Resolution Time,LOWER,4.89,4.73,4.72,3.0,2026-04-30
Northern Emirates,Ajman,Noura Al Shamsi,Hassan Ali,Tariq Bashir,BR016,Al Ain Main,Digital Hub,Improving,KPI05,Resolution Time,LOWER,4.73,4.72,4.84,3.0,2026-05-31
Northern Emirates,Ajman,Noura Al Shamsi,Hassan Ali,Tariq Bashir,BR016,Al Ain Main,Digital Hub,Improving,KPI05,Resolution Time,LOWER,4.72,4.84,4.8,3.0,2026-06-30
Northern Emirates,Ajman,Noura Al Shamsi,Hassan Ali,Tariq Bashir,BR016,Al Ain Main,Digital Hub,Improving,KPI06,SLA Compliance,HIGHER,90.8,91.6,92.5,95,2025-07-31
Northern Emirates,Ajman,Noura Al Shamsi,Hassan Ali,Tariq Bashir,BR016,Al Ain Main,Digital Hub,Improving,KPI06,SLA Compliance,HIGHER,91.6,92.5,92.8,95,2025-08-31
Northern Emirates,Ajman,Noura Al Shamsi,Hassan Ali,Tariq Bashir,BR016,Al Ain Main,Digital Hub,Improving,KPI06,SLA Compliance,HIGHER,92.5,92.8,93.6,95,2025-09-30
Northern Emirates,Ajman,Noura Al Shamsi,Hassan Ali,Tariq Bashir,BR016,Al Ain Main,Digital Hub,Improving,KPI06,SLA Compliance,HIGHER,92.8,93.6,94.0,95,2025-10-31
Northern Emirates,Ajman,Noura Al Shamsi,Hassan Ali,Tariq Bashir,BR016,Al Ain Main,Digital Hub,Improving,KPI06,SLA Compliance,HIGHER,93.6,94.0,94.0,95,2025-11-30
Northern Emirates,Ajman,Noura Al Shamsi,Hassan Ali,Tariq Bashir,BR016,Al Ain Main,Digital Hub,Improving,KPI06,SLA Compliance,HIGHER,94.0,94.0,94.5,95,2025-12-31
Northern Emirates,Ajman,Noura Al Shamsi,Hassan Ali,Tariq Bashir,BR016,Al Ain Main,Digital Hub,Improving,KPI06,SLA Compliance,HIGHER,94.0,94.5,94.5,95,2026-01-31
Northern Emirates,Ajman,Noura Al Shamsi,Hassan Ali,Tariq Bashir,BR016,Al Ain Main,Digital Hub,Improving,KPI06,SLA Compliance,HIGHER,94.5,94.5,94.7,95,2026-02-28
Northern Emirates,Ajman,Noura Al Shamsi,Hassan Ali,Tariq Bashir,BR016,Al Ain Main,Digital Hub,Improving,KPI06,SLA Compliance,HIGHER,94.5,94.7,94.8,95,2026-03-31
Northern Emirates,Ajman,Noura Al Shamsi,Hassan Ali,Tariq Bashir,BR016,Al Ain Main,Digital Hub,Improving,KPI06,SLA Compliance,HIGHER,94.7,94.8,95.4,95,2026-04-30
Northern Emirates,Ajman,Noura Al Shamsi,Hassan Ali,Tariq Bashir,BR016,Al Ain Main,Digital Hub,Improving,KPI06,SLA Compliance,HIGHER,94.8,95.4,95.9,95,2026-05-31
Northern Emirates,Ajman,Noura Al Shamsi,Hassan Ali,Tariq Bashir,BR016,Al Ain Main,Digital Hub,Improving,KPI06,SLA Compliance,HIGHER,95.4,95.9,95.9,95,2026-06-30
Northern Emirates,Ajman,Noura Al Shamsi,Hassan Ali,Tariq Bashir,BR016,Al Ain Main,Digital Hub,Improving,KPI07,First Contact Resolution,HIGHER,78.0,78.6,79.5,85,2025-07-31
Northern Emirates,Ajman,Noura Al Shamsi,Hassan Ali,Tariq Bashir,BR016,Al Ain Main,Digital Hub,Improving,KPI07,First Contact Resolution,HIGHER,78.6,79.5,80.3,85,2025-08-31
Northern Emirates,Ajman,Noura Al Shamsi,Hassan Ali,Tariq Bashir,BR016,Al Ain Main,Digital Hub,Improving,KPI07,First Contact Resolution,HIGHER,79.5,80.3,81.0,85,2025-09-30
Northern Emirates,Ajman,Noura Al Shamsi,Hassan Ali,Tariq Bashir,BR016,Al Ain Main,Digital Hub,Improving,KPI07,First Contact Resolution,HIGHER,80.3,81.0,81.5,85,2025-10-31
Northern Emirates,Ajman,Noura Al Shamsi,Hassan Ali,Tariq Bashir,BR016,Al Ain Main,Digital Hub,Improving,KPI07,First Contact Resolution,HIGHER,81.0,81.5,82.2,85,2025-11-30
Northern Emirates,Ajman,Noura Al Shamsi,Hassan Ali,Tariq Bashir,BR016,Al Ain Main,Digital Hub,Improving,KPI07,First Contact Resolution,HIGHER,81.5,82.2,82.7,85,2025-12-31
Northern Emirates,Ajman,Noura Al Shamsi,Hassan Ali,Tariq Bashir,BR016,Al Ain Main,Digital Hub,Improving,KPI07,First Contact Resolution,HIGHER,82.2,82.7,83.0,85,2026-01-31
Northern Emirates,Ajman,Noura Al Shamsi,Hassan Ali,Tariq Bashir,BR016,Al Ain Main,Digital Hub,Improving,KPI07,First Contact Resolution,HIGHER,82.7,83.0,84.0,85,2026-02-28
Northern Emirates,Ajman,Noura Al Shamsi,Hassan Ali,Tariq Bashir,BR016,Al Ain Main,Digital Hub,Improving,KPI07,First Contact Resolution,HIGHER,83.0,84.0,84.7,85,2026-03-31
Northern Emirates,Ajman,Noura Al Shamsi,Hassan Ali,Tariq Bashir,BR016,Al Ain Main,Digital Hub,Improving,KPI07,First Contact Resolution,HIGHER,84.0,84.7,85.7,85,2026-04-30
Northern Emirates,Ajman,Noura Al Shamsi,Hassan Ali,Tariq Bashir,BR016,Al Ain Main,Digital Hub,Improving,KPI07,First Contact Resolution,HIGHER,84.7,85.7,85.7,85,2026-05-31
Northern Emirates,Ajman,Noura Al Shamsi,Hassan Ali,Tariq Bashir,BR016,Al Ain Main,Digital Hub,Improving,KPI07,First Contact Resolution,HIGHER,85.7,85.7,86.3,85,2026-06-30
Northern Emirates,Ajman,Noura Al Shamsi,Hassan Ali,Tariq Bashir,BR016,Al Ain Main,Digital Hub,Improving,KPI08,Customer Effort Score,LOWER,4.15,4.13,4.08,3.0,2025-07-31
Northern Emirates,Ajman,Noura Al Shamsi,Hassan Ali,Tariq Bashir,BR016,Al Ain Main,Digital Hub,Improving,KPI08,Customer Effort Score,LOWER,4.13,4.08,4.0,3.0,2025-08-31
Northern Emirates,Ajman,Noura Al Shamsi,Hassan Ali,Tariq Bashir,BR016,Al Ain Main,Digital Hub,Improving,KPI08,Customer Effort Score,LOWER,4.08,4.0,3.98,3.0,2025-09-30
Northern Emirates,Ajman,Noura Al Shamsi,Hassan Ali,Tariq Bashir,BR016,Al Ain Main,Digital Hub,Improving,KPI08,Customer Effort Score,LOWER,4.0,3.98,3.86,3.0,2025-10-31
Northern Emirates,Ajman,Noura Al Shamsi,Hassan Ali,Tariq Bashir,BR016,Al Ain Main,Digital Hub,Improving,KPI08,Customer Effort Score,LOWER,3.98,3.86,3.79,3.0,2025-11-30
Northern Emirates,Ajman,Noura Al Shamsi,Hassan Ali,Tariq Bashir,BR016,Al Ain Main,Digital Hub,Improving,KPI08,Customer Effort Score,LOWER,3.86,3.79,3.7,3.0,2025-12-31
Northern Emirates,Ajman,Noura Al Shamsi,Hassan Ali,Tariq Bashir,BR016,Al Ain Main,Digital Hub,Improving,KPI08,Customer Effort Score,LOWER,3.79,3.7,3.68,3.0,2026-01-31
Northern Emirates,Ajman,Noura Al Shamsi,Hassan Ali,Tariq Bashir,BR016,Al Ain Main,Digital Hub,Improving,KPI08,Customer Effort Score,LOWER,3.7,3.68,3.61,3.0,2026-02-28
Northern Emirates,Ajman,Noura Al Shamsi,Hassan Ali,Tariq Bashir,BR016,Al Ain Main,Digital Hub,Improving,KPI08,Customer Effort Score,LOWER,3.68,3.61,3.57,3.0,2026-03-31
Northern Emirates,Ajman,Noura Al Shamsi,Hassan Ali,Tariq Bashir,BR016,Al Ain Main,Digital Hub,Improving,KPI08,Customer Effort Score,LOWER,3.61,3.57,3.53,3.0,2026-04-30
Northern Emirates,Ajman,Noura Al Shamsi,Hassan Ali,Tariq Bashir,BR016,Al Ain Main,Digital Hub,Improving,KPI08,Customer Effort Score,LOWER,3.57,3.53,3.36,3.0,2026-05-31
Northern Emirates,Ajman,Noura Al Shamsi,Hassan Ali,Tariq Bashir,BR016,Al Ain Main,Digital Hub,Improving,KPI08,Customer Effort Score,LOWER,3.53,3.36,3.25,3.0,2026-06-30
Northern Emirates,Ajman,Noura Al Shamsi,Hassan Ali,Tariq Bashir,BR016,Al Ain Main,Digital Hub,Improving,KPI09,Digital Adoption Rate,HIGHER,68.8,69.7,70.0,75,2025-07-31
Northern Emirates,Ajman,Noura Al Shamsi,Hassan Ali,Tariq Bashir,BR016,Al Ain Main,Digital Hub,Improving,KPI09,Digital Adoption Rate,HIGHER,69.7,70.0,70.3,75,2025-08-31
Northern Emirates,Ajman,Noura Al Shamsi,Hassan Ali,Tariq Bashir,BR016,Al Ain Main,Digital Hub,Improving,KPI09,Digital Adoption Rate,HIGHER,70.0,70.3,71.8,75,2025-09-30
Northern Emirates,Ajman,Noura Al Shamsi,Hassan Ali,Tariq Bashir,BR016,Al Ain Main,Digital Hub,Improving,KPI09,Digital Adoption Rate,HIGHER,70.3,71.8,72.7,75,2025-10-31
Northern Emirates,Ajman,Noura Al Shamsi,Hassan Ali,Tariq Bashir,BR016,Al Ain Main,Digital Hub,Improving,KPI09,Digital Adoption Rate,HIGHER,71.8,72.7,73.7,75,2025-11-30
Northern Emirates,Ajman,Noura Al Shamsi,Hassan Ali,Tariq Bashir,BR016,Al Ain Main,Digital Hub,Improving,KPI09,Digital Adoption Rate,HIGHER,72.7,73.7,75.1,75,2025-12-31
Northern Emirates,Ajman,Noura Al Shamsi,Hassan Ali,Tariq Bashir,BR016,Al Ain Main,Digital Hub,Improving,KPI09,Digital Adoption Rate,HIGHER,73.7,75.1,75.2,75,2026-01-31
Northern Emirates,Ajman,Noura Al Shamsi,Hassan Ali,Tariq Bashir,BR016,Al Ain Main,Digital Hub,Improving,KPI09,Digital Adoption Rate,HIGHER,75.1,75.2,76.5,75,2026-02-28
Northern Emirates,Ajman,Noura Al Shamsi,Hassan Ali,Tariq Bashir,BR016,Al Ain Main,Digital Hub,Improving,KPI09,Digital Adoption Rate,HIGHER,75.2,76.5,77.5,75,2026-03-31
Northern Emirates,Ajman,Noura Al Shamsi,Hassan Ali,Tariq Bashir,BR016,Al Ain Main,Digital Hub,Improving,KPI09,Digital Adoption Rate,HIGHER,76.5,77.5,79.2,75,2026-04-30
Northern Emirates,Ajman,Noura Al Shamsi,Hassan Ali,Tariq Bashir,BR016,Al Ain Main,Digital Hub,Improving,KPI09,Digital Adoption Rate,HIGHER,77.5,79.2,80.0,75,2026-05-31
Northern Emirates,Ajman,Noura Al Shamsi,Hassan Ali,Tariq Bashir,BR016,Al Ain Main,Digital Hub,Improving,KPI09,Digital Adoption Rate,HIGHER,79.2,80.0,80.5,75,2026-06-30
Northern Emirates,Ajman,Noura Al Shamsi,Hassan Ali,Tariq Bashir,BR016,Al Ain Main,Digital Hub,Improving,KPI10,Repeat Complaint Rate,LOWER,6.3,5.8,5.4,8,2025-07-31
Northern Emirates,Ajman,Noura Al Shamsi,Hassan Ali,Tariq Bashir,BR016,Al Ain Main,Digital Hub,Improving,KPI10,Repeat Complaint Rate,LOWER,5.8,5.4,5.3,8,2025-08-31
Northern Emirates,Ajman,Noura Al Shamsi,Hassan Ali,Tariq Bashir,BR016,Al Ain Main,Digital Hub,Improving,KPI10,Repeat Complaint Rate,LOWER,5.4,5.3,4.9,8,2025-09-30
Northern Emirates,Ajman,Noura Al Shamsi,Hassan Ali,Tariq Bashir,BR016,Al Ain Main,Digital Hub,Improving,KPI10,Repeat Complaint Rate,LOWER,5.3,4.9,5.1,8,2025-10-31
Northern Emirates,Ajman,Noura Al Shamsi,Hassan Ali,Tariq Bashir,BR016,Al Ain Main,Digital Hub,Improving,KPI10,Repeat Complaint Rate,LOWER,4.9,5.1,4.4,8,2025-11-30
Northern Emirates,Ajman,Noura Al Shamsi,Hassan Ali,Tariq Bashir,BR016,Al Ain Main,Digital Hub,Improving,KPI10,Repeat Complaint Rate,LOWER,5.1,4.4,4.0,8,2025-12-31
Northern Emirates,Ajman,Noura Al Shamsi,Hassan Ali,Tariq Bashir,BR016,Al Ain Main,Digital Hub,Improving,KPI10,Repeat Complaint Rate,LOWER,4.4,4.0,3.3,8,2026-01-31
Northern Emirates,Ajman,Noura Al Shamsi,Hassan Ali,Tariq Bashir,BR016,Al Ain Main,Digital Hub,Improving,KPI10,Repeat Complaint Rate,LOWER,4.0,3.3,2.8,8,2026-02-28
Northern Emirates,Ajman,Noura Al Shamsi,Hassan Ali,Tariq Bashir,BR016,Al Ain Main,Digital Hub,Improving,KPI10,Repeat Complaint Rate,LOWER,3.3,2.8,2.2,8,2026-03-31
Northern Emirates,Ajman,Noura Al Shamsi,Hassan Ali,Tariq Bashir,BR016,Al Ain Main,Digital Hub,Improving,KPI10,Repeat Complaint Rate,LOWER,2.8,2.2,1.8,8,2026-04-30
Northern Emirates,Ajman,Noura Al Shamsi,Hassan Ali,Tariq Bashir,BR016,Al Ain Main,Digital Hub,Improving,KPI10,Repeat Complaint Rate,LOWER,2.2,1.8,1.6,8,2026-05-31
Northern Emirates,Ajman,Noura Al Shamsi,Hassan Ali,Tariq Bashir,BR016,Al Ain Main,Digital Hub,Improving,KPI10,Repeat Complaint Rate,LOWER,1.8,1.6,1,8,2026-06-30
Dubai,New Dubai,Mariam Al Mansoori,Leila Hassan,Reem Qureshi,BR017,Al Reem,Flagship,Declining,KPI01,CSAT,HIGHER,87.2,86.5,86.0,85,2025-07-31
Dubai,New Dubai,Mariam Al Mansoori,Leila Hassan,Reem Qureshi,BR017,Al Reem,Flagship,Declining,KPI01,CSAT,HIGHER,86.5,86.0,85.4,85,2025-08-31
Dubai,New Dubai,Mariam Al Mansoori,Leila Hassan,Reem Qureshi,BR017,Al Reem,Flagship,Declining,KPI01,CSAT,HIGHER,86.0,85.4,85.1,85,2025-09-30
Dubai,New Dubai,Mariam Al Mansoori,Leila Hassan,Reem Qureshi,BR017,Al Reem,Flagship,Declining,KPI01,CSAT,HIGHER,85.4,85.1,84.8,85,2025-10-31
Dubai,New Dubai,Mariam Al Mansoori,Leila Hassan,Reem Qureshi,BR017,Al Reem,Flagship,Declining,KPI01,CSAT,HIGHER,85.1,84.8,84.3,85,2025-11-30
Dubai,New Dubai,Mariam Al Mansoori,Leila Hassan,Reem Qureshi,BR017,Al Reem,Flagship,Declining,KPI01,CSAT,HIGHER,84.8,84.3,84.1,85,2025-12-31
Dubai,New Dubai,Mariam Al Mansoori,Leila Hassan,Reem Qureshi,BR017,Al Reem,Flagship,Declining,KPI01,CSAT,HIGHER,84.3,84.1,83.5,85,2026-01-31
Dubai,New Dubai,Mariam Al Mansoori,Leila Hassan,Reem Qureshi,BR017,Al Reem,Flagship,Declining,KPI01,CSAT,HIGHER,84.1,83.5,82.7,85,2026-02-28
Dubai,New Dubai,Mariam Al Mansoori,Leila Hassan,Reem Qureshi,BR017,Al Reem,Flagship,Declining,KPI01,CSAT,HIGHER,83.5,82.7,82.1,85,2026-03-31
Dubai,New Dubai,Mariam Al Mansoori,Leila Hassan,Reem Qureshi,BR017,Al Reem,Flagship,Declining,KPI01,CSAT,HIGHER,82.7,82.1,81.8,85,2026-04-30
Dubai,New Dubai,Mariam Al Mansoori,Leila Hassan,Reem Qureshi,BR017,Al Reem,Flagship,Declining,KPI01,CSAT,HIGHER,82.1,81.8,81.2,85,2026-05-31
Dubai,New Dubai,Mariam Al Mansoori,Leila Hassan,Reem Qureshi,BR017,Al Reem,Flagship,Declining,KPI01,CSAT,HIGHER,81.8,81.2,80.9,85,2026-06-30
Dubai,New Dubai,Mariam Al Mansoori,Leila Hassan,Reem Qureshi,BR017,Al Reem,Flagship,Declining,KPI02,NPS,HIGHER,41.5,39.4,39.5,40,2025-07-31
Dubai,New Dubai,Mariam Al Mansoori,Leila Hassan,Reem Qureshi,BR017,Al Reem,Flagship,Declining,KPI02,NPS,HIGHER,39.4,39.5,38.5,40,2025-08-31
Dubai,New Dubai,Mariam Al Mansoori,Leila Hassan,Reem Qureshi,BR017,Al Reem,Flagship,Declining,KPI02,NPS,HIGHER,39.5,38.5,37.0,40,2025-09-30
Dubai,New Dubai,Mariam Al Mansoori,Leila Hassan,Reem Qureshi,BR017,Al Reem,Flagship,Declining,KPI02,NPS,HIGHER,38.5,37.0,36.0,40,2025-10-31
Dubai,New Dubai,Mariam Al Mansoori,Leila Hassan,Reem Qureshi,BR017,Al Reem,Flagship,Declining,KPI02,NPS,HIGHER,37.0,36.0,34.7,40,2025-11-30
Dubai,New Dubai,Mariam Al Mansoori,Leila Hassan,Reem Qureshi,BR017,Al Reem,Flagship,Declining,KPI02,NPS,HIGHER,36.0,34.7,34.5,40,2025-12-31
Dubai,New Dubai,Mariam Al Mansoori,Leila Hassan,Reem Qureshi,BR017,Al Reem,Flagship,Declining,KPI02,NPS,HIGHER,34.7,34.5,34.2,40,2026-01-31
Dubai,New Dubai,Mariam Al Mansoori,Leila Hassan,Reem Qureshi,BR017,Al Reem,Flagship,Declining,KPI02,NPS,HIGHER,34.5,34.2,33.5,40,2026-02-28
Dubai,New Dubai,Mariam Al Mansoori,Leila Hassan,Reem Qureshi,BR017,Al Reem,Flagship,Declining,KPI02,NPS,HIGHER,34.2,33.5,32.9,40,2026-03-31
Dubai,New Dubai,Mariam Al Mansoori,Leila Hassan,Reem Qureshi,BR017,Al Reem,Flagship,Declining,KPI02,NPS,HIGHER,33.5,32.9,31.9,40,2026-04-30
Dubai,New Dubai,Mariam Al Mansoori,Leila Hassan,Reem Qureshi,BR017,Al Reem,Flagship,Declining,KPI02,NPS,HIGHER,32.9,31.9,31.7,40,2026-05-31
Dubai,New Dubai,Mariam Al Mansoori,Leila Hassan,Reem Qureshi,BR017,Al Reem,Flagship,Declining,KPI02,NPS,HIGHER,31.9,31.7,28.9,40,2026-06-30
Dubai,New Dubai,Mariam Al Mansoori,Leila Hassan,Reem Qureshi,BR017,Al Reem,Flagship,Declining,KPI03,Complaint Rate,LOWER,2.66,2.74,2.72,2.0,2025-07-31
Dubai,New Dubai,Mariam Al Mansoori,Leila Hassan,Reem Qureshi,BR017,Al Reem,Flagship,Declining,KPI03,Complaint Rate,LOWER,2.74,2.72,2.85,2.0,2025-08-31
Dubai,New Dubai,Mariam Al Mansoori,Leila Hassan,Reem Qureshi,BR017,Al Reem,Flagship,Declining,KPI03,Complaint Rate,LOWER,2.72,2.85,2.9,2.0,2025-09-30
Dubai,New Dubai,Mariam Al Mansoori,Leila Hassan,Reem Qureshi,BR017,Al Reem,Flagship,Declining,KPI03,Complaint Rate,LOWER,2.85,2.9,2.98,2.0,2025-10-31
Dubai,New Dubai,Mariam Al Mansoori,Leila Hassan,Reem Qureshi,BR017,Al Reem,Flagship,Declining,KPI03,Complaint Rate,LOWER,2.9,2.98,3.16,2.0,2025-11-30
Dubai,New Dubai,Mariam Al Mansoori,Leila Hassan,Reem Qureshi,BR017,Al Reem,Flagship,Declining,KPI03,Complaint Rate,LOWER,2.98,3.16,3.25,2.0,2025-12-31
Dubai,New Dubai,Mariam Al Mansoori,Leila Hassan,Reem Qureshi,BR017,Al Reem,Flagship,Declining,KPI03,Complaint Rate,LOWER,3.16,3.25,3.32,2.0,2026-01-31
Dubai,New Dubai,Mariam Al Mansoori,Leila Hassan,Reem Qureshi,BR017,Al Reem,Flagship,Declining,KPI03,Complaint Rate,LOWER,3.25,3.32,3.44,2.0,2026-02-28
Dubai,New Dubai,Mariam Al Mansoori,Leila Hassan,Reem Qureshi,BR017,Al Reem,Flagship,Declining,KPI03,Complaint Rate,LOWER,3.32,3.44,3.48,2.0,2026-03-31
Dubai,New Dubai,Mariam Al Mansoori,Leila Hassan,Reem Qureshi,BR017,Al Reem,Flagship,Declining,KPI03,Complaint Rate,LOWER,3.44,3.48,3.55,2.0,2026-04-30
Dubai,New Dubai,Mariam Al Mansoori,Leila Hassan,Reem Qureshi,BR017,Al Reem,Flagship,Declining,KPI03,Complaint Rate,LOWER,3.48,3.55,3.53,2.0,2026-05-31
Dubai,New Dubai,Mariam Al Mansoori,Leila Hassan,Reem Qureshi,BR017,Al Reem,Flagship,Declining,KPI03,Complaint Rate,LOWER,3.55,3.53,3.63,2.0,2026-06-30
Dubai,New Dubai,Mariam Al Mansoori,Leila Hassan,Reem Qureshi,BR017,Al Reem,Flagship,Declining,KPI04,Complaint Volume,LOWER,171.0,175.0,184.0,100,2025-07-31
Dubai,New Dubai,Mariam Al Mansoori,Leila Hassan,Reem Qureshi,BR017,Al Reem,Flagship,Declining,KPI04,Complaint Volume,LOWER,175.0,184.0,192.0,100,2025-08-31
Dubai,New Dubai,Mariam Al Mansoori,Leila Hassan,Reem Qureshi,BR017,Al Reem,Flagship,Declining,KPI04,Complaint Volume,LOWER,184.0,192.0,198.0,100,2025-09-30
Dubai,New Dubai,Mariam Al Mansoori,Leila Hassan,Reem Qureshi,BR017,Al Reem,Flagship,Declining,KPI04,Complaint Volume,LOWER,192.0,198.0,199.0,100,2025-10-31
Dubai,New Dubai,Mariam Al Mansoori,Leila Hassan,Reem Qureshi,BR017,Al Reem,Flagship,Declining,KPI04,Complaint Volume,LOWER,198.0,199.0,204.0,100,2025-11-30
Dubai,New Dubai,Mariam Al Mansoori,Leila Hassan,Reem Qureshi,BR017,Al Reem,Flagship,Declining,KPI04,Complaint Volume,LOWER,199.0,204.0,208.0,100,2025-12-31
Dubai,New Dubai,Mariam Al Mansoori,Leila Hassan,Reem Qureshi,BR017,Al Reem,Flagship,Declining,KPI04,Complaint Volume,LOWER,204.0,208.0,211.0,100,2026-01-31
Dubai,New Dubai,Mariam Al Mansoori,Leila Hassan,Reem Qureshi,BR017,Al Reem,Flagship,Declining,KPI04,Complaint Volume,LOWER,208.0,211.0,211.0,100,2026-02-28
Dubai,New Dubai,Mariam Al Mansoori,Leila Hassan,Reem Qureshi,BR017,Al Reem,Flagship,Declining,KPI04,Complaint Volume,LOWER,211.0,211.0,217.0,100,2026-03-31
Dubai,New Dubai,Mariam Al Mansoori,Leila Hassan,Reem Qureshi,BR017,Al Reem,Flagship,Declining,KPI04,Complaint Volume,LOWER,211.0,217.0,222.0,100,2026-04-30
Dubai,New Dubai,Mariam Al Mansoori,Leila Hassan,Reem Qureshi,BR017,Al Reem,Flagship,Declining,KPI04,Complaint Volume,LOWER,217.0,222.0,229.0,100,2026-05-31
Dubai,New Dubai,Mariam Al Mansoori,Leila Hassan,Reem Qureshi,BR017,Al Reem,Flagship,Declining,KPI04,Complaint Volume,LOWER,222.0,229.0,228.0,100,2026-06-30
Dubai,New Dubai,Mariam Al Mansoori,Leila Hassan,Reem Qureshi,BR017,Al Reem,Flagship,Declining,KPI05,Resolution Time,LOWER,3.28,3.37,3.39,3.0,2025-07-31
Dubai,New Dubai,Mariam Al Mansoori,Leila Hassan,Reem Qureshi,BR017,Al Reem,Flagship,Declining,KPI05,Resolution Time,LOWER,3.37,3.39,3.6,3.0,2025-08-31
Dubai,New Dubai,Mariam Al Mansoori,Leila Hassan,Reem Qureshi,BR017,Al Reem,Flagship,Declining,KPI05,Resolution Time,LOWER,3.39,3.6,3.47,3.0,2025-09-30
Dubai,New Dubai,Mariam Al Mansoori,Leila Hassan,Reem Qureshi,BR017,Al Reem,Flagship,Declining,KPI05,Resolution Time,LOWER,3.6,3.47,3.65,3.0,2025-10-31
Dubai,New Dubai,Mariam Al Mansoori,Leila Hassan,Reem Qureshi,BR017,Al Reem,Flagship,Declining,KPI05,Resolution Time,LOWER,3.47,3.65,3.76,3.0,2025-11-30
Dubai,New Dubai,Mariam Al Mansoori,Leila Hassan,Reem Qureshi,BR017,Al Reem,Flagship,Declining,KPI05,Resolution Time,LOWER,3.65,3.76,3.8,3.0,2025-12-31
Dubai,New Dubai,Mariam Al Mansoori,Leila Hassan,Reem Qureshi,BR017,Al Reem,Flagship,Declining,KPI05,Resolution Time,LOWER,3.76,3.8,3.93,3.0,2026-01-31
Dubai,New Dubai,Mariam Al Mansoori,Leila Hassan,Reem Qureshi,BR017,Al Reem,Flagship,Declining,KPI05,Resolution Time,LOWER,3.8,3.93,3.93,3.0,2026-02-28
Dubai,New Dubai,Mariam Al Mansoori,Leila Hassan,Reem Qureshi,BR017,Al Reem,Flagship,Declining,KPI05,Resolution Time,LOWER,3.93,3.93,3.95,3.0,2026-03-31
Dubai,New Dubai,Mariam Al Mansoori,Leila Hassan,Reem Qureshi,BR017,Al Reem,Flagship,Declining,KPI05,Resolution Time,LOWER,3.93,3.95,4.15,3.0,2026-04-30
Dubai,New Dubai,Mariam Al Mansoori,Leila Hassan,Reem Qureshi,BR017,Al Reem,Flagship,Declining,KPI05,Resolution Time,LOWER,3.95,4.15,4.21,3.0,2026-05-31
Dubai,New Dubai,Mariam Al Mansoori,Leila Hassan,Reem Qureshi,BR017,Al Reem,Flagship,Declining,KPI05,Resolution Time,LOWER,4.15,4.21,4.27,3.0,2026-06-30
Dubai,New Dubai,Mariam Al Mansoori,Leila Hassan,Reem Qureshi,BR017,Al Reem,Flagship,Declining,KPI06,SLA Compliance,HIGHER,81.4,81.2,81.0,95,2025-07-31
Dubai,New Dubai,Mariam Al Mansoori,Leila Hassan,Reem Qureshi,BR017,Al Reem,Flagship,Declining,KPI06,SLA Compliance,HIGHER,81.2,81.0,80.7,95,2025-08-31
Dubai,New Dubai,Mariam Al Mansoori,Leila Hassan,Reem Qureshi,BR017,Al Reem,Flagship,Declining,KPI06,SLA Compliance,HIGHER,81.0,80.7,80.2,95,2025-09-30
Dubai,New Dubai,Mariam Al Mansoori,Leila Hassan,Reem Qureshi,BR017,Al Reem,Flagship,Declining,KPI06,SLA Compliance,HIGHER,80.7,80.2,80.2,95,2025-10-31
Dubai,New Dubai,Mariam Al Mansoori,Leila Hassan,Reem Qureshi,BR017,Al Reem,Flagship,Declining,KPI06,SLA Compliance,HIGHER,80.2,80.2,79.5,95,2025-11-30
Dubai,New Dubai,Mariam Al Mansoori,Leila Hassan,Reem Qureshi,BR017,Al Reem,Flagship,Declining,KPI06,SLA Compliance,HIGHER,80.2,79.5,79.5,95,2025-12-31
Dubai,New Dubai,Mariam Al Mansoori,Leila Hassan,Reem Qureshi,BR017,Al Reem,Flagship,Declining,KPI06,SLA Compliance,HIGHER,79.5,79.5,79.0,95,2026-01-31
Dubai,New Dubai,Mariam Al Mansoori,Leila Hassan,Reem Qureshi,BR017,Al Reem,Flagship,Declining,KPI06,SLA Compliance,HIGHER,79.5,79.0,78.8,95,2026-02-28
Dubai,New Dubai,Mariam Al Mansoori,Leila Hassan,Reem Qureshi,BR017,Al Reem,Flagship,Declining,KPI06,SLA Compliance,HIGHER,79.0,78.8,79.0,95,2026-03-31
Dubai,New Dubai,Mariam Al Mansoori,Leila Hassan,Reem Qureshi,BR017,Al Reem,Flagship,Declining,KPI06,SLA Compliance,HIGHER,78.8,79.0,77.8,95,2026-04-30
Dubai,New Dubai,Mariam Al Mansoori,Leila Hassan,Reem Qureshi,BR017,Al Reem,Flagship,Declining,KPI06,SLA Compliance,HIGHER,79.0,77.8,77.2,95,2026-05-31
Dubai,New Dubai,Mariam Al Mansoori,Leila Hassan,Reem Qureshi,BR017,Al Reem,Flagship,Declining,KPI06,SLA Compliance,HIGHER,77.8,77.2,76.6,95,2026-06-30
Dubai,New Dubai,Mariam Al Mansoori,Leila Hassan,Reem Qureshi,BR017,Al Reem,Flagship,Declining,KPI07,First Contact Resolution,HIGHER,90.1,88.6,88.9,85,2025-07-31
Dubai,New Dubai,Mariam Al Mansoori,Leila Hassan,Reem Qureshi,BR017,Al Reem,Flagship,Declining,KPI07,First Contact Resolution,HIGHER,88.6,88.9,88.4,85,2025-08-31
Dubai,New Dubai,Mariam Al Mansoori,Leila Hassan,Reem Qureshi,BR017,Al Reem,Flagship,Declining,KPI07,First Contact Resolution,HIGHER,88.9,88.4,88.4,85,2025-09-30
Dubai,New Dubai,Mariam Al Mansoori,Leila Hassan,Reem Qureshi,BR017,Al Reem,Flagship,Declining,KPI07,First Contact Resolution,HIGHER,88.4,88.4,88.5,85,2025-10-31
Dubai,New Dubai,Mariam Al Mansoori,Leila Hassan,Reem Qureshi,BR017,Al Reem,Flagship,Declining,KPI07,First Contact Resolution,HIGHER,88.4,88.5,88.0,85,2025-11-30
Dubai,New Dubai,Mariam Al Mansoori,Leila Hassan,Reem Qureshi,BR017,Al Reem,Flagship,Declining,KPI07,First Contact Resolution,HIGHER,88.5,88.0,88.1,85,2025-12-31
Dubai,New Dubai,Mariam Al Mansoori,Leila Hassan,Reem Qureshi,BR017,Al Reem,Flagship,Declining,KPI07,First Contact Resolution,HIGHER,88.0,88.1,87.9,85,2026-01-31
Dubai,New Dubai,Mariam Al Mansoori,Leila Hassan,Reem Qureshi,BR017,Al Reem,Flagship,Declining,KPI07,First Contact Resolution,HIGHER,88.1,87.9,86.8,85,2026-02-28
Dubai,New Dubai,Mariam Al Mansoori,Leila Hassan,Reem Qureshi,BR017,Al Reem,Flagship,Declining,KPI07,First Contact Resolution,HIGHER,87.9,86.8,86.0,85,2026-03-31
Dubai,New Dubai,Mariam Al Mansoori,Leila Hassan,Reem Qureshi,BR017,Al Reem,Flagship,Declining,KPI07,First Contact Resolution,HIGHER,86.8,86.0,85.0,85,2026-04-30
Dubai,New Dubai,Mariam Al Mansoori,Leila Hassan,Reem Qureshi,BR017,Al Reem,Flagship,Declining,KPI07,First Contact Resolution,HIGHER,86.0,85.0,84.2,85,2026-05-31
Dubai,New Dubai,Mariam Al Mansoori,Leila Hassan,Reem Qureshi,BR017,Al Reem,Flagship,Declining,KPI07,First Contact Resolution,HIGHER,85.0,84.2,83.5,85,2026-06-30
Dubai,New Dubai,Mariam Al Mansoori,Leila Hassan,Reem Qureshi,BR017,Al Reem,Flagship,Declining,KPI08,Customer Effort Score,LOWER,3.17,3.25,3.33,3.0,2025-07-31
Dubai,New Dubai,Mariam Al Mansoori,Leila Hassan,Reem Qureshi,BR017,Al Reem,Flagship,Declining,KPI08,Customer Effort Score,LOWER,3.25,3.33,3.37,3.0,2025-08-31
Dubai,New Dubai,Mariam Al Mansoori,Leila Hassan,Reem Qureshi,BR017,Al Reem,Flagship,Declining,KPI08,Customer Effort Score,LOWER,3.33,3.37,3.39,3.0,2025-09-30
Dubai,New Dubai,Mariam Al Mansoori,Leila Hassan,Reem Qureshi,BR017,Al Reem,Flagship,Declining,KPI08,Customer Effort Score,LOWER,3.37,3.39,3.45,3.0,2025-10-31
Dubai,New Dubai,Mariam Al Mansoori,Leila Hassan,Reem Qureshi,BR017,Al Reem,Flagship,Declining,KPI08,Customer Effort Score,LOWER,3.39,3.45,3.55,3.0,2025-11-30
Dubai,New Dubai,Mariam Al Mansoori,Leila Hassan,Reem Qureshi,BR017,Al Reem,Flagship,Declining,KPI08,Customer Effort Score,LOWER,3.45,3.55,3.59,3.0,2025-12-31
Dubai,New Dubai,Mariam Al Mansoori,Leila Hassan,Reem Qureshi,BR017,Al Reem,Flagship,Declining,KPI08,Customer Effort Score,LOWER,3.55,3.59,3.69,3.0,2026-01-31
Dubai,New Dubai,Mariam Al Mansoori,Leila Hassan,Reem Qureshi,BR017,Al Reem,Flagship,Declining,KPI08,Customer Effort Score,LOWER,3.59,3.69,3.74,3.0,2026-02-28
Dubai,New Dubai,Mariam Al Mansoori,Leila Hassan,Reem Qureshi,BR017,Al Reem,Flagship,Declining,KPI08,Customer Effort Score,LOWER,3.69,3.74,3.88,3.0,2026-03-31
Dubai,New Dubai,Mariam Al Mansoori,Leila Hassan,Reem Qureshi,BR017,Al Reem,Flagship,Declining,KPI08,Customer Effort Score,LOWER,3.74,3.88,3.95,3.0,2026-04-30
Dubai,New Dubai,Mariam Al Mansoori,Leila Hassan,Reem Qureshi,BR017,Al Reem,Flagship,Declining,KPI08,Customer Effort Score,LOWER,3.88,3.95,4.0,3.0,2026-05-31
Dubai,New Dubai,Mariam Al Mansoori,Leila Hassan,Reem Qureshi,BR017,Al Reem,Flagship,Declining,KPI08,Customer Effort Score,LOWER,3.95,4.0,3.98,3.0,2026-06-30
Dubai,New Dubai,Mariam Al Mansoori,Leila Hassan,Reem Qureshi,BR017,Al Reem,Flagship,Declining,KPI09,Digital Adoption Rate,HIGHER,69.3,68.1,68.1,75,2025-07-31
Dubai,New Dubai,Mariam Al Mansoori,Leila Hassan,Reem Qureshi,BR017,Al Reem,Flagship,Declining,KPI09,Digital Adoption Rate,HIGHER,68.1,68.1,67.6,75,2025-08-31
Dubai,New Dubai,Mariam Al Mansoori,Leila Hassan,Reem Qureshi,BR017,Al Reem,Flagship,Declining,KPI09,Digital Adoption Rate,HIGHER,68.1,67.6,67.0,75,2025-09-30
Dubai,New Dubai,Mariam Al Mansoori,Leila Hassan,Reem Qureshi,BR017,Al Reem,Flagship,Declining,KPI09,Digital Adoption Rate,HIGHER,67.6,67.0,66.9,75,2025-10-31
Dubai,New Dubai,Mariam Al Mansoori,Leila Hassan,Reem Qureshi,BR017,Al Reem,Flagship,Declining,KPI09,Digital Adoption Rate,HIGHER,67.0,66.9,66.3,75,2025-11-30
Dubai,New Dubai,Mariam Al Mansoori,Leila Hassan,Reem Qureshi,BR017,Al Reem,Flagship,Declining,KPI09,Digital Adoption Rate,HIGHER,66.9,66.3,66.0,75,2025-12-31
Dubai,New Dubai,Mariam Al Mansoori,Leila Hassan,Reem Qureshi,BR017,Al Reem,Flagship,Declining,KPI09,Digital Adoption Rate,HIGHER,66.3,66.0,65.5,75,2026-01-31
Dubai,New Dubai,Mariam Al Mansoori,Leila Hassan,Reem Qureshi,BR017,Al Reem,Flagship,Declining,KPI09,Digital Adoption Rate,HIGHER,66.0,65.5,64.3,75,2026-02-28
Dubai,New Dubai,Mariam Al Mansoori,Leila Hassan,Reem Qureshi,BR017,Al Reem,Flagship,Declining,KPI09,Digital Adoption Rate,HIGHER,65.5,64.3,62.9,75,2026-03-31
Dubai,New Dubai,Mariam Al Mansoori,Leila Hassan,Reem Qureshi,BR017,Al Reem,Flagship,Declining,KPI09,Digital Adoption Rate,HIGHER,64.3,62.9,61.8,75,2026-04-30
Dubai,New Dubai,Mariam Al Mansoori,Leila Hassan,Reem Qureshi,BR017,Al Reem,Flagship,Declining,KPI09,Digital Adoption Rate,HIGHER,62.9,61.8,60.5,75,2026-05-31
Dubai,New Dubai,Mariam Al Mansoori,Leila Hassan,Reem Qureshi,BR017,Al Reem,Flagship,Declining,KPI09,Digital Adoption Rate,HIGHER,61.8,60.5,59.9,75,2026-06-30
Dubai,New Dubai,Mariam Al Mansoori,Leila Hassan,Reem Qureshi,BR017,Al Reem,Flagship,Declining,KPI10,Repeat Complaint Rate,LOWER,14.8,15.2,15.6,8,2025-07-31
Dubai,New Dubai,Mariam Al Mansoori,Leila Hassan,Reem Qureshi,BR017,Al Reem,Flagship,Declining,KPI10,Repeat Complaint Rate,LOWER,15.2,15.6,15.7,8,2025-08-31
Dubai,New Dubai,Mariam Al Mansoori,Leila Hassan,Reem Qureshi,BR017,Al Reem,Flagship,Declining,KPI10,Repeat Complaint Rate,LOWER,15.6,15.7,16.4,8,2025-09-30
Dubai,New Dubai,Mariam Al Mansoori,Leila Hassan,Reem Qureshi,BR017,Al Reem,Flagship,Declining,KPI10,Repeat Complaint Rate,LOWER,15.7,16.4,17.1,8,2025-10-31
Dubai,New Dubai,Mariam Al Mansoori,Leila Hassan,Reem Qureshi,BR017,Al Reem,Flagship,Declining,KPI10,Repeat Complaint Rate,LOWER,16.4,17.1,17.4,8,2025-11-30
Dubai,New Dubai,Mariam Al Mansoori,Leila Hassan,Reem Qureshi,BR017,Al Reem,Flagship,Declining,KPI10,Repeat Complaint Rate,LOWER,17.1,17.4,17.8,8,2025-12-31
Dubai,New Dubai,Mariam Al Mansoori,Leila Hassan,Reem Qureshi,BR017,Al Reem,Flagship,Declining,KPI10,Repeat Complaint Rate,LOWER,17.4,17.8,18.3,8,2026-01-31
Dubai,New Dubai,Mariam Al Mansoori,Leila Hassan,Reem Qureshi,BR017,Al Reem,Flagship,Declining,KPI10,Repeat Complaint Rate,LOWER,17.8,18.3,18.6,8,2026-02-28
Dubai,New Dubai,Mariam Al Mansoori,Leila Hassan,Reem Qureshi,BR017,Al Reem,Flagship,Declining,KPI10,Repeat Complaint Rate,LOWER,18.3,18.6,18.9,8,2026-03-31
Dubai,New Dubai,Mariam Al Mansoori,Leila Hassan,Reem Qureshi,BR017,Al Reem,Flagship,Declining,KPI10,Repeat Complaint Rate,LOWER,18.6,18.9,19.1,8,2026-04-30
Dubai,New Dubai,Mariam Al Mansoori,Leila Hassan,Reem Qureshi,BR017,Al Reem,Flagship,Declining,KPI10,Repeat Complaint Rate,LOWER,18.9,19.1,19.3,8,2026-05-31
Dubai,New Dubai,Mariam Al Mansoori,Leila Hassan,Reem Qureshi,BR017,Al Reem,Flagship,Declining,KPI10,Repeat Complaint Rate,LOWER,19.1,19.3,19.5,8,2026-06-30
Abu Dhabi,Al Ain,Saeed Al Mazrouei,Huda Salem,Fadi Mansour,BR018,Al Raha,Premium,Stable,KPI01,CSAT,HIGHER,88.7,89.2,89.2,85,2025-07-31
Abu Dhabi,Al Ain,Saeed Al Mazrouei,Huda Salem,Fadi Mansour,BR018,Al Raha,Premium,Stable,KPI01,CSAT,HIGHER,89.2,89.2,89.5,85,2025-08-31
Abu Dhabi,Al Ain,Saeed Al Mazrouei,Huda Salem,Fadi Mansour,BR018,Al Raha,Premium,Stable,KPI01,CSAT,HIGHER,89.2,89.5,89.7,85,2025-09-30
Abu Dhabi,Al Ain,Saeed Al Mazrouei,Huda Salem,Fadi Mansour,BR018,Al Raha,Premium,Stable,KPI01,CSAT,HIGHER,89.5,89.7,89.6,85,2025-10-31
Abu Dhabi,Al Ain,Saeed Al Mazrouei,Huda Salem,Fadi Mansour,BR018,Al Raha,Premium,Stable,KPI01,CSAT,HIGHER,89.7,89.6,89.4,85,2025-11-30
Abu Dhabi,Al Ain,Saeed Al Mazrouei,Huda Salem,Fadi Mansour,BR018,Al Raha,Premium,Stable,KPI01,CSAT,HIGHER,89.6,89.4,89.5,85,2025-12-31
Abu Dhabi,Al Ain,Saeed Al Mazrouei,Huda Salem,Fadi Mansour,BR018,Al Raha,Premium,Stable,KPI01,CSAT,HIGHER,89.4,89.5,89.5,85,2026-01-31
Abu Dhabi,Al Ain,Saeed Al Mazrouei,Huda Salem,Fadi Mansour,BR018,Al Raha,Premium,Stable,KPI01,CSAT,HIGHER,89.5,89.5,89.2,85,2026-02-28
Abu Dhabi,Al Ain,Saeed Al Mazrouei,Huda Salem,Fadi Mansour,BR018,Al Raha,Premium,Stable,KPI01,CSAT,HIGHER,89.5,89.2,88.9,85,2026-03-31
Abu Dhabi,Al Ain,Saeed Al Mazrouei,Huda Salem,Fadi Mansour,BR018,Al Raha,Premium,Stable,KPI01,CSAT,HIGHER,89.2,88.9,88.5,85,2026-04-30
Abu Dhabi,Al Ain,Saeed Al Mazrouei,Huda Salem,Fadi Mansour,BR018,Al Raha,Premium,Stable,KPI01,CSAT,HIGHER,88.9,88.5,88.9,85,2026-05-31
Abu Dhabi,Al Ain,Saeed Al Mazrouei,Huda Salem,Fadi Mansour,BR018,Al Raha,Premium,Stable,KPI01,CSAT,HIGHER,88.5,88.9,88.9,85,2026-06-30
Abu Dhabi,Al Ain,Saeed Al Mazrouei,Huda Salem,Fadi Mansour,BR018,Al Raha,Premium,Stable,KPI02,NPS,HIGHER,20.5,21.7,22.9,40,2025-07-31
Abu Dhabi,Al Ain,Saeed Al Mazrouei,Huda Salem,Fadi Mansour,BR018,Al Raha,Premium,Stable,KPI02,NPS,HIGHER,21.7,22.9,23.0,40,2025-08-31
Abu Dhabi,Al Ain,Saeed Al Mazrouei,Huda Salem,Fadi Mansour,BR018,Al Raha,Premium,Stable,KPI02,NPS,HIGHER,22.9,23.0,24.0,40,2025-09-30
Abu Dhabi,Al Ain,Saeed Al Mazrouei,Huda Salem,Fadi Mansour,BR018,Al Raha,Premium,Stable,KPI02,NPS,HIGHER,23.0,24.0,21.8,40,2025-10-31
Abu Dhabi,Al Ain,Saeed Al Mazrouei,Huda Salem,Fadi Mansour,BR018,Al Raha,Premium,Stable,KPI02,NPS,HIGHER,24.0,21.8,21.4,40,2025-11-30
Abu Dhabi,Al Ain,Saeed Al Mazrouei,Huda Salem,Fadi Mansour,BR018,Al Raha,Premium,Stable,KPI02,NPS,HIGHER,21.8,21.4,21.6,40,2025-12-31
Abu Dhabi,Al Ain,Saeed Al Mazrouei,Huda Salem,Fadi Mansour,BR018,Al Raha,Premium,Stable,KPI02,NPS,HIGHER,21.4,21.6,22.3,40,2026-01-31
Abu Dhabi,Al Ain,Saeed Al Mazrouei,Huda Salem,Fadi Mansour,BR018,Al Raha,Premium,Stable,KPI02,NPS,HIGHER,21.6,22.3,22.7,40,2026-02-28
Abu Dhabi,Al Ain,Saeed Al Mazrouei,Huda Salem,Fadi Mansour,BR018,Al Raha,Premium,Stable,KPI02,NPS,HIGHER,22.3,22.7,22.6,40,2026-03-31
Abu Dhabi,Al Ain,Saeed Al Mazrouei,Huda Salem,Fadi Mansour,BR018,Al Raha,Premium,Stable,KPI02,NPS,HIGHER,22.7,22.6,22.2,40,2026-04-30
Abu Dhabi,Al Ain,Saeed Al Mazrouei,Huda Salem,Fadi Mansour,BR018,Al Raha,Premium,Stable,KPI02,NPS,HIGHER,22.6,22.2,21.6,40,2026-05-31
Abu Dhabi,Al Ain,Saeed Al Mazrouei,Huda Salem,Fadi Mansour,BR018,Al Raha,Premium,Stable,KPI02,NPS,HIGHER,22.2,21.6,23.1,40,2026-06-30
Abu Dhabi,Al Ain,Saeed Al Mazrouei,Huda Salem,Fadi Mansour,BR018,Al Raha,Premium,Stable,KPI03,Complaint Rate,LOWER,1.67,1.57,1.7,2.0,2025-07-31
Abu Dhabi,Al Ain,Saeed Al Mazrouei,Huda Salem,Fadi Mansour,BR018,Al Raha,Premium,Stable,KPI03,Complaint Rate,LOWER,1.57,1.7,1.84,2.0,2025-08-31
Abu Dhabi,Al Ain,Saeed Al Mazrouei,Huda Salem,Fadi Mansour,BR018,Al Raha,Premium,Stable,KPI03,Complaint Rate,LOWER,1.7,1.84,1.88,2.0,2025-09-30
Abu Dhabi,Al Ain,Saeed Al Mazrouei,Huda Salem,Fadi Mansour,BR018,Al Raha,Premium,Stable,KPI03,Complaint Rate,LOWER,1.84,1.88,1.94,2.0,2025-10-31
Abu Dhabi,Al Ain,Saeed Al Mazrouei,Huda Salem,Fadi Mansour,BR018,Al Raha,Premium,Stable,KPI03,Complaint Rate,LOWER,1.88,1.94,2.03,2.0,2025-11-30
Abu Dhabi,Al Ain,Saeed Al Mazrouei,Huda Salem,Fadi Mansour,BR018,Al Raha,Premium,Stable,KPI03,Complaint Rate,LOWER,1.94,2.03,2.03,2.0,2025-12-31
Abu Dhabi,Al Ain,Saeed Al Mazrouei,Huda Salem,Fadi Mansour,BR018,Al Raha,Premium,Stable,KPI03,Complaint Rate,LOWER,2.03,2.03,1.94,2.0,2026-01-31
Abu Dhabi,Al Ain,Saeed Al Mazrouei,Huda Salem,Fadi Mansour,BR018,Al Raha,Premium,Stable,KPI03,Complaint Rate,LOWER,2.03,1.94,1.98,2.0,2026-02-28
Abu Dhabi,Al Ain,Saeed Al Mazrouei,Huda Salem,Fadi Mansour,BR018,Al Raha,Premium,Stable,KPI03,Complaint Rate,LOWER,1.94,1.98,1.96,2.0,2026-03-31
Abu Dhabi,Al Ain,Saeed Al Mazrouei,Huda Salem,Fadi Mansour,BR018,Al Raha,Premium,Stable,KPI03,Complaint Rate,LOWER,1.98,1.96,1.93,2.0,2026-04-30
Abu Dhabi,Al Ain,Saeed Al Mazrouei,Huda Salem,Fadi Mansour,BR018,Al Raha,Premium,Stable,KPI03,Complaint Rate,LOWER,1.96,1.93,1.85,2.0,2026-05-31
Abu Dhabi,Al Ain,Saeed Al Mazrouei,Huda Salem,Fadi Mansour,BR018,Al Raha,Premium,Stable,KPI03,Complaint Rate,LOWER,1.93,1.85,1.9,2.0,2026-06-30
Abu Dhabi,Al Ain,Saeed Al Mazrouei,Huda Salem,Fadi Mansour,BR018,Al Raha,Premium,Stable,KPI04,Complaint Volume,LOWER,197.0,198.0,198.0,100,2025-07-31
Abu Dhabi,Al Ain,Saeed Al Mazrouei,Huda Salem,Fadi Mansour,BR018,Al Raha,Premium,Stable,KPI04,Complaint Volume,LOWER,198.0,198.0,193.0,100,2025-08-31
Abu Dhabi,Al Ain,Saeed Al Mazrouei,Huda Salem,Fadi Mansour,BR018,Al Raha,Premium,Stable,KPI04,Complaint Volume,LOWER,198.0,193.0,186.0,100,2025-09-30
Abu Dhabi,Al Ain,Saeed Al Mazrouei,Huda Salem,Fadi Mansour,BR018,Al Raha,Premium,Stable,KPI04,Complaint Volume,LOWER,193.0,186.0,192.0,100,2025-10-31
Abu Dhabi,Al Ain,Saeed Al Mazrouei,Huda Salem,Fadi Mansour,BR018,Al Raha,Premium,Stable,KPI04,Complaint Volume,LOWER,186.0,192.0,192.0,100,2025-11-30
Abu Dhabi,Al Ain,Saeed Al Mazrouei,Huda Salem,Fadi Mansour,BR018,Al Raha,Premium,Stable,KPI04,Complaint Volume,LOWER,192.0,192.0,193.0,100,2025-12-31
Abu Dhabi,Al Ain,Saeed Al Mazrouei,Huda Salem,Fadi Mansour,BR018,Al Raha,Premium,Stable,KPI04,Complaint Volume,LOWER,192.0,193.0,193.0,100,2026-01-31
Abu Dhabi,Al Ain,Saeed Al Mazrouei,Huda Salem,Fadi Mansour,BR018,Al Raha,Premium,Stable,KPI04,Complaint Volume,LOWER,193.0,193.0,195.0,100,2026-02-28
Abu Dhabi,Al Ain,Saeed Al Mazrouei,Huda Salem,Fadi Mansour,BR018,Al Raha,Premium,Stable,KPI04,Complaint Volume,LOWER,193.0,195.0,190.0,100,2026-03-31
Abu Dhabi,Al Ain,Saeed Al Mazrouei,Huda Salem,Fadi Mansour,BR018,Al Raha,Premium,Stable,KPI04,Complaint Volume,LOWER,195.0,190.0,189.0,100,2026-04-30
Abu Dhabi,Al Ain,Saeed Al Mazrouei,Huda Salem,Fadi Mansour,BR018,Al Raha,Premium,Stable,KPI04,Complaint Volume,LOWER,190.0,189.0,184.0,100,2026-05-31
Abu Dhabi,Al Ain,Saeed Al Mazrouei,Huda Salem,Fadi Mansour,BR018,Al Raha,Premium,Stable,KPI04,Complaint Volume,LOWER,189.0,184.0,180.0,100,2026-06-30
Abu Dhabi,Al Ain,Saeed Al Mazrouei,Huda Salem,Fadi Mansour,BR018,Al Raha,Premium,Stable,KPI05,Resolution Time,LOWER,5.17,5.08,5.05,3.0,2025-07-31
Abu Dhabi,Al Ain,Saeed Al Mazrouei,Huda Salem,Fadi Mansour,BR018,Al Raha,Premium,Stable,KPI05,Resolution Time,LOWER,5.08,5.05,5.14,3.0,2025-08-31
Abu Dhabi,Al Ain,Saeed Al Mazrouei,Huda Salem,Fadi Mansour,BR018,Al Raha,Premium,Stable,KPI05,Resolution Time,LOWER,5.05,5.14,5.01,3.0,2025-09-30
Abu Dhabi,Al Ain,Saeed Al Mazrouei,Huda Salem,Fadi Mansour,BR018,Al Raha,Premium,Stable,KPI05,Resolution Time,LOWER,5.14,5.01,5.0,3.0,2025-10-31
Abu Dhabi,Al Ain,Saeed Al Mazrouei,Huda Salem,Fadi Mansour,BR018,Al Raha,Premium,Stable,KPI05,Resolution Time,LOWER,5.01,5.0,5.0,3.0,2025-11-30
Abu Dhabi,Al Ain,Saeed Al Mazrouei,Huda Salem,Fadi Mansour,BR018,Al Raha,Premium,Stable,KPI05,Resolution Time,LOWER,5.0,5.0,5.02,3.0,2025-12-31
Abu Dhabi,Al Ain,Saeed Al Mazrouei,Huda Salem,Fadi Mansour,BR018,Al Raha,Premium,Stable,KPI05,Resolution Time,LOWER,5.0,5.02,5.17,3.0,2026-01-31
Abu Dhabi,Al Ain,Saeed Al Mazrouei,Huda Salem,Fadi Mansour,BR018,Al Raha,Premium,Stable,KPI05,Resolution Time,LOWER,5.02,5.17,5.06,3.0,2026-02-28
Abu Dhabi,Al Ain,Saeed Al Mazrouei,Huda Salem,Fadi Mansour,BR018,Al Raha,Premium,Stable,KPI05,Resolution Time,LOWER,5.17,5.06,5.02,3.0,2026-03-31
Abu Dhabi,Al Ain,Saeed Al Mazrouei,Huda Salem,Fadi Mansour,BR018,Al Raha,Premium,Stable,KPI05,Resolution Time,LOWER,5.06,5.02,5.02,3.0,2026-04-30
Abu Dhabi,Al Ain,Saeed Al Mazrouei,Huda Salem,Fadi Mansour,BR018,Al Raha,Premium,Stable,KPI05,Resolution Time,LOWER,5.02,5.02,4.92,3.0,2026-05-31
Abu Dhabi,Al Ain,Saeed Al Mazrouei,Huda Salem,Fadi Mansour,BR018,Al Raha,Premium,Stable,KPI05,Resolution Time,LOWER,5.02,4.92,4.92,3.0,2026-06-30
Abu Dhabi,Al Ain,Saeed Al Mazrouei,Huda Salem,Fadi Mansour,BR018,Al Raha,Premium,Stable,KPI06,SLA Compliance,HIGHER,89.1,88.9,89.1,95,2025-07-31
Abu Dhabi,Al Ain,Saeed Al Mazrouei,Huda Salem,Fadi Mansour,BR018,Al Raha,Premium,Stable,KPI06,SLA Compliance,HIGHER,88.9,89.1,89.0,95,2025-08-31
Abu Dhabi,Al Ain,Saeed Al Mazrouei,Huda Salem,Fadi Mansour,BR018,Al Raha,Premium,Stable,KPI06,SLA Compliance,HIGHER,89.1,89.0,89.3,95,2025-09-30
Abu Dhabi,Al Ain,Saeed Al Mazrouei,Huda Salem,Fadi Mansour,BR018,Al Raha,Premium,Stable,KPI06,SLA Compliance,HIGHER,89.0,89.3,89.0,95,2025-10-31
Abu Dhabi,Al Ain,Saeed Al Mazrouei,Huda Salem,Fadi Mansour,BR018,Al Raha,Premium,Stable,KPI06,SLA Compliance,HIGHER,89.3,89.0,88.6,95,2025-11-30
Abu Dhabi,Al Ain,Saeed Al Mazrouei,Huda Salem,Fadi Mansour,BR018,Al Raha,Premium,Stable,KPI06,SLA Compliance,HIGHER,89.0,88.6,89.0,95,2025-12-31
Abu Dhabi,Al Ain,Saeed Al Mazrouei,Huda Salem,Fadi Mansour,BR018,Al Raha,Premium,Stable,KPI06,SLA Compliance,HIGHER,88.6,89.0,89.1,95,2026-01-31
Abu Dhabi,Al Ain,Saeed Al Mazrouei,Huda Salem,Fadi Mansour,BR018,Al Raha,Premium,Stable,KPI06,SLA Compliance,HIGHER,89.0,89.1,88.2,95,2026-02-28
Abu Dhabi,Al Ain,Saeed Al Mazrouei,Huda Salem,Fadi Mansour,BR018,Al Raha,Premium,Stable,KPI06,SLA Compliance,HIGHER,89.1,88.2,88.2,95,2026-03-31
Abu Dhabi,Al Ain,Saeed Al Mazrouei,Huda Salem,Fadi Mansour,BR018,Al Raha,Premium,Stable,KPI06,SLA Compliance,HIGHER,88.2,88.2,88.1,95,2026-04-30
Abu Dhabi,Al Ain,Saeed Al Mazrouei,Huda Salem,Fadi Mansour,BR018,Al Raha,Premium,Stable,KPI06,SLA Compliance,HIGHER,88.2,88.1,88.4,95,2026-05-31
Abu Dhabi,Al Ain,Saeed Al Mazrouei,Huda Salem,Fadi Mansour,BR018,Al Raha,Premium,Stable,KPI06,SLA Compliance,HIGHER,88.1,88.4,88.5,95,2026-06-30
Abu Dhabi,Al Ain,Saeed Al Mazrouei,Huda Salem,Fadi Mansour,BR018,Al Raha,Premium,Stable,KPI07,First Contact Resolution,HIGHER,66.7,67.0,66.4,85,2025-07-31
Abu Dhabi,Al Ain,Saeed Al Mazrouei,Huda Salem,Fadi Mansour,BR018,Al Raha,Premium,Stable,KPI07,First Contact Resolution,HIGHER,67.0,66.4,66.3,85,2025-08-31
Abu Dhabi,Al Ain,Saeed Al Mazrouei,Huda Salem,Fadi Mansour,BR018,Al Raha,Premium,Stable,KPI07,First Contact Resolution,HIGHER,66.4,66.3,65.9,85,2025-09-30
Abu Dhabi,Al Ain,Saeed Al Mazrouei,Huda Salem,Fadi Mansour,BR018,Al Raha,Premium,Stable,KPI07,First Contact Resolution,HIGHER,66.3,65.9,65.9,85,2025-10-31
Abu Dhabi,Al Ain,Saeed Al Mazrouei,Huda Salem,Fadi Mansour,BR018,Al Raha,Premium,Stable,KPI07,First Contact Resolution,HIGHER,65.9,65.9,65.9,85,2025-11-30
Abu Dhabi,Al Ain,Saeed Al Mazrouei,Huda Salem,Fadi Mansour,BR018,Al Raha,Premium,Stable,KPI07,First Contact Resolution,HIGHER,65.9,65.9,65.7,85,2025-12-31
Abu Dhabi,Al Ain,Saeed Al Mazrouei,Huda Salem,Fadi Mansour,BR018,Al Raha,Premium,Stable,KPI07,First Contact Resolution,HIGHER,65.9,65.7,65.1,85,2026-01-31
Abu Dhabi,Al Ain,Saeed Al Mazrouei,Huda Salem,Fadi Mansour,BR018,Al Raha,Premium,Stable,KPI07,First Contact Resolution,HIGHER,65.7,65.1,65.0,85,2026-02-28
Abu Dhabi,Al Ain,Saeed Al Mazrouei,Huda Salem,Fadi Mansour,BR018,Al Raha,Premium,Stable,KPI07,First Contact Resolution,HIGHER,65.1,65.0,64.9,85,2026-03-31
Abu Dhabi,Al Ain,Saeed Al Mazrouei,Huda Salem,Fadi Mansour,BR018,Al Raha,Premium,Stable,KPI07,First Contact Resolution,HIGHER,65.0,64.9,65.3,85,2026-04-30
Abu Dhabi,Al Ain,Saeed Al Mazrouei,Huda Salem,Fadi Mansour,BR018,Al Raha,Premium,Stable,KPI07,First Contact Resolution,HIGHER,64.9,65.3,65.0,85,2026-05-31
Abu Dhabi,Al Ain,Saeed Al Mazrouei,Huda Salem,Fadi Mansour,BR018,Al Raha,Premium,Stable,KPI07,First Contact Resolution,HIGHER,65.3,65.0,65.0,85,2026-06-30
Abu Dhabi,Al Ain,Saeed Al Mazrouei,Huda Salem,Fadi Mansour,BR018,Al Raha,Premium,Stable,KPI08,Customer Effort Score,LOWER,4.54,4.53,4.47,3.0,2025-07-31
Abu Dhabi,Al Ain,Saeed Al Mazrouei,Huda Salem,Fadi Mansour,BR018,Al Raha,Premium,Stable,KPI08,Customer Effort Score,LOWER,4.53,4.47,4.4,3.0,2025-08-31
Abu Dhabi,Al Ain,Saeed Al Mazrouei,Huda Salem,Fadi Mansour,BR018,Al Raha,Premium,Stable,KPI08,Customer Effort Score,LOWER,4.47,4.4,4.39,3.0,2025-09-30
Abu Dhabi,Al Ain,Saeed Al Mazrouei,Huda Salem,Fadi Mansour,BR018,Al Raha,Premium,Stable,KPI08,Customer Effort Score,LOWER,4.4,4.39,4.38,3.0,2025-10-31
Abu Dhabi,Al Ain,Saeed Al Mazrouei,Huda Salem,Fadi Mansour,BR018,Al Raha,Premium,Stable,KPI08,Customer Effort Score,LOWER,4.39,4.38,4.35,3.0,2025-11-30
Abu Dhabi,Al Ain,Saeed Al Mazrouei,Huda Salem,Fadi Mansour,BR018,Al Raha,Premium,Stable,KPI08,Customer Effort Score,LOWER,4.38,4.35,4.28,3.0,2025-12-31
Abu Dhabi,Al Ain,Saeed Al Mazrouei,Huda Salem,Fadi Mansour,BR018,Al Raha,Premium,Stable,KPI08,Customer Effort Score,LOWER,4.35,4.28,4.29,3.0,2026-01-31
Abu Dhabi,Al Ain,Saeed Al Mazrouei,Huda Salem,Fadi Mansour,BR018,Al Raha,Premium,Stable,KPI08,Customer Effort Score,LOWER,4.28,4.29,4.27,3.0,2026-02-28
Abu Dhabi,Al Ain,Saeed Al Mazrouei,Huda Salem,Fadi Mansour,BR018,Al Raha,Premium,Stable,KPI08,Customer Effort Score,LOWER,4.29,4.27,4.32,3.0,2026-03-31
Abu Dhabi,Al Ain,Saeed Al Mazrouei,Huda Salem,Fadi Mansour,BR018,Al Raha,Premium,Stable,KPI08,Customer Effort Score,LOWER,4.27,4.32,4.34,3.0,2026-04-30
Abu Dhabi,Al Ain,Saeed Al Mazrouei,Huda Salem,Fadi Mansour,BR018,Al Raha,Premium,Stable,KPI08,Customer Effort Score,LOWER,4.32,4.34,4.28,3.0,2026-05-31
Abu Dhabi,Al Ain,Saeed Al Mazrouei,Huda Salem,Fadi Mansour,BR018,Al Raha,Premium,Stable,KPI08,Customer Effort Score,LOWER,4.34,4.28,4.3,3.0,2026-06-30
Abu Dhabi,Al Ain,Saeed Al Mazrouei,Huda Salem,Fadi Mansour,BR018,Al Raha,Premium,Stable,KPI09,Digital Adoption Rate,HIGHER,63.1,62.1,62.8,75,2025-07-31
Abu Dhabi,Al Ain,Saeed Al Mazrouei,Huda Salem,Fadi Mansour,BR018,Al Raha,Premium,Stable,KPI09,Digital Adoption Rate,HIGHER,62.1,62.8,63.4,75,2025-08-31
Abu Dhabi,Al Ain,Saeed Al Mazrouei,Huda Salem,Fadi Mansour,BR018,Al Raha,Premium,Stable,KPI09,Digital Adoption Rate,HIGHER,62.8,63.4,63.3,75,2025-09-30
Abu Dhabi,Al Ain,Saeed Al Mazrouei,Huda Salem,Fadi Mansour,BR018,Al Raha,Premium,Stable,KPI09,Digital Adoption Rate,HIGHER,63.4,63.3,63.0,75,2025-10-31
Abu Dhabi,Al Ain,Saeed Al Mazrouei,Huda Salem,Fadi Mansour,BR018,Al Raha,Premium,Stable,KPI09,Digital Adoption Rate,HIGHER,63.3,63.0,63.7,75,2025-11-30
Abu Dhabi,Al Ain,Saeed Al Mazrouei,Huda Salem,Fadi Mansour,BR018,Al Raha,Premium,Stable,KPI09,Digital Adoption Rate,HIGHER,63.0,63.7,63.5,75,2025-12-31
Abu Dhabi,Al Ain,Saeed Al Mazrouei,Huda Salem,Fadi Mansour,BR018,Al Raha,Premium,Stable,KPI09,Digital Adoption Rate,HIGHER,63.7,63.5,63.6,75,2026-01-31
Abu Dhabi,Al Ain,Saeed Al Mazrouei,Huda Salem,Fadi Mansour,BR018,Al Raha,Premium,Stable,KPI09,Digital Adoption Rate,HIGHER,63.5,63.6,62.7,75,2026-02-28
Abu Dhabi,Al Ain,Saeed Al Mazrouei,Huda Salem,Fadi Mansour,BR018,Al Raha,Premium,Stable,KPI09,Digital Adoption Rate,HIGHER,63.6,62.7,62.9,75,2026-03-31
Abu Dhabi,Al Ain,Saeed Al Mazrouei,Huda Salem,Fadi Mansour,BR018,Al Raha,Premium,Stable,KPI09,Digital Adoption Rate,HIGHER,62.7,62.9,63.2,75,2026-04-30
Abu Dhabi,Al Ain,Saeed Al Mazrouei,Huda Salem,Fadi Mansour,BR018,Al Raha,Premium,Stable,KPI09,Digital Adoption Rate,HIGHER,62.9,63.2,63.2,75,2026-05-31
Abu Dhabi,Al Ain,Saeed Al Mazrouei,Huda Salem,Fadi Mansour,BR018,Al Raha,Premium,Stable,KPI09,Digital Adoption Rate,HIGHER,63.2,63.2,62.8,75,2026-06-30
Abu Dhabi,Al Ain,Saeed Al Mazrouei,Huda Salem,Fadi Mansour,BR018,Al Raha,Premium,Stable,KPI10,Repeat Complaint Rate,LOWER,18.3,18.2,18.3,8,2025-07-31
Abu Dhabi,Al Ain,Saeed Al Mazrouei,Huda Salem,Fadi Mansour,BR018,Al Raha,Premium,Stable,KPI10,Repeat Complaint Rate,LOWER,18.2,18.3,18.1,8,2025-08-31
Abu Dhabi,Al Ain,Saeed Al Mazrouei,Huda Salem,Fadi Mansour,BR018,Al Raha,Premium,Stable,KPI10,Repeat Complaint Rate,LOWER,18.3,18.1,18.5,8,2025-09-30
Abu Dhabi,Al Ain,Saeed Al Mazrouei,Huda Salem,Fadi Mansour,BR018,Al Raha,Premium,Stable,KPI10,Repeat Complaint Rate,LOWER,18.1,18.5,18.7,8,2025-10-31
Abu Dhabi,Al Ain,Saeed Al Mazrouei,Huda Salem,Fadi Mansour,BR018,Al Raha,Premium,Stable,KPI10,Repeat Complaint Rate,LOWER,18.5,18.7,18.6,8,2025-11-30
Abu Dhabi,Al Ain,Saeed Al Mazrouei,Huda Salem,Fadi Mansour,BR018,Al Raha,Premium,Stable,KPI10,Repeat Complaint Rate,LOWER,18.7,18.6,18.5,8,2025-12-31
Abu Dhabi,Al Ain,Saeed Al Mazrouei,Huda Salem,Fadi Mansour,BR018,Al Raha,Premium,Stable,KPI10,Repeat Complaint Rate,LOWER,18.6,18.5,18.3,8,2026-01-31
Abu Dhabi,Al Ain,Saeed Al Mazrouei,Huda Salem,Fadi Mansour,BR018,Al Raha,Premium,Stable,KPI10,Repeat Complaint Rate,LOWER,18.5,18.3,18.4,8,2026-02-28
Abu Dhabi,Al Ain,Saeed Al Mazrouei,Huda Salem,Fadi Mansour,BR018,Al Raha,Premium,Stable,KPI10,Repeat Complaint Rate,LOWER,18.3,18.4,18.0,8,2026-03-31
Abu Dhabi,Al Ain,Saeed Al Mazrouei,Huda Salem,Fadi Mansour,BR018,Al Raha,Premium,Stable,KPI10,Repeat Complaint Rate,LOWER,18.4,18.0,18.0,8,2026-04-30
Abu Dhabi,Al Ain,Saeed Al Mazrouei,Huda Salem,Fadi Mansour,BR018,Al Raha,Premium,Stable,KPI10,Repeat Complaint Rate,LOWER,18.0,18.0,17.9,8,2026-05-31
Abu Dhabi,Al Ain,Saeed Al Mazrouei,Huda Salem,Fadi Mansour,BR018,Al Raha,Premium,Stable,KPI10,Repeat Complaint Rate,LOWER,18.0,17.9,18.0,8,2026-06-30
Sharjah,Al Majaz,Aisha Al Qasimi,Rami Youssef,Hiba Saeed,BR019,Sharjah Main,Standard,Recovering,KPI01,CSAT,HIGHER,73.0,72.3,72.0,85,2025-07-31
Sharjah,Al Majaz,Aisha Al Qasimi,Rami Youssef,Hiba Saeed,BR019,Sharjah Main,Standard,Recovering,KPI01,CSAT,HIGHER,72.3,72.0,72.0,85,2025-08-31
Sharjah,Al Majaz,Aisha Al Qasimi,Rami Youssef,Hiba Saeed,BR019,Sharjah Main,Standard,Recovering,KPI01,CSAT,HIGHER,72.0,72.0,72.3,85,2025-09-30
Sharjah,Al Majaz,Aisha Al Qasimi,Rami Youssef,Hiba Saeed,BR019,Sharjah Main,Standard,Recovering,KPI01,CSAT,HIGHER,72.0,72.3,72.1,85,2025-10-31
Sharjah,Al Majaz,Aisha Al Qasimi,Rami Youssef,Hiba Saeed,BR019,Sharjah Main,Standard,Recovering,KPI01,CSAT,HIGHER,72.3,72.1,72.7,85,2025-11-30
Sharjah,Al Majaz,Aisha Al Qasimi,Rami Youssef,Hiba Saeed,BR019,Sharjah Main,Standard,Recovering,KPI01,CSAT,HIGHER,72.1,72.7,73.7,85,2025-12-31
Sharjah,Al Majaz,Aisha Al Qasimi,Rami Youssef,Hiba Saeed,BR019,Sharjah Main,Standard,Recovering,KPI01,CSAT,HIGHER,72.7,73.7,74.2,85,2026-01-31
Sharjah,Al Majaz,Aisha Al Qasimi,Rami Youssef,Hiba Saeed,BR019,Sharjah Main,Standard,Recovering,KPI01,CSAT,HIGHER,73.7,74.2,74.9,85,2026-02-28
Sharjah,Al Majaz,Aisha Al Qasimi,Rami Youssef,Hiba Saeed,BR019,Sharjah Main,Standard,Recovering,KPI01,CSAT,HIGHER,74.2,74.9,76.1,85,2026-03-31
Sharjah,Al Majaz,Aisha Al Qasimi,Rami Youssef,Hiba Saeed,BR019,Sharjah Main,Standard,Recovering,KPI01,CSAT,HIGHER,74.9,76.1,76.4,85,2026-04-30
Sharjah,Al Majaz,Aisha Al Qasimi,Rami Youssef,Hiba Saeed,BR019,Sharjah Main,Standard,Recovering,KPI01,CSAT,HIGHER,76.1,76.4,76.3,85,2026-05-31
Sharjah,Al Majaz,Aisha Al Qasimi,Rami Youssef,Hiba Saeed,BR019,Sharjah Main,Standard,Recovering,KPI01,CSAT,HIGHER,76.4,76.3,76.7,85,2026-06-30
Sharjah,Al Majaz,Aisha Al Qasimi,Rami Youssef,Hiba Saeed,BR019,Sharjah Main,Standard,Recovering,KPI02,NPS,HIGHER,43.1,42.6,40.5,40,2025-07-31
Sharjah,Al Majaz,Aisha Al Qasimi,Rami Youssef,Hiba Saeed,BR019,Sharjah Main,Standard,Recovering,KPI02,NPS,HIGHER,42.6,40.5,40.3,40,2025-08-31
Sharjah,Al Majaz,Aisha Al Qasimi,Rami Youssef,Hiba Saeed,BR019,Sharjah Main,Standard,Recovering,KPI02,NPS,HIGHER,40.5,40.3,39.3,40,2025-09-30
Sharjah,Al Majaz,Aisha Al Qasimi,Rami Youssef,Hiba Saeed,BR019,Sharjah Main,Standard,Recovering,KPI02,NPS,HIGHER,40.3,39.3,38.8,40,2025-10-31
Sharjah,Al Majaz,Aisha Al Qasimi,Rami Youssef,Hiba Saeed,BR019,Sharjah Main,Standard,Recovering,KPI02,NPS,HIGHER,39.3,38.8,39.5,40,2025-11-30
Sharjah,Al Majaz,Aisha Al Qasimi,Rami Youssef,Hiba Saeed,BR019,Sharjah Main,Standard,Recovering,KPI02,NPS,HIGHER,38.8,39.5,41.6,40,2025-12-31
Sharjah,Al Majaz,Aisha Al Qasimi,Rami Youssef,Hiba Saeed,BR019,Sharjah Main,Standard,Recovering,KPI02,NPS,HIGHER,39.5,41.6,43.4,40,2026-01-31
Sharjah,Al Majaz,Aisha Al Qasimi,Rami Youssef,Hiba Saeed,BR019,Sharjah Main,Standard,Recovering,KPI02,NPS,HIGHER,41.6,43.4,44.5,40,2026-02-28
Sharjah,Al Majaz,Aisha Al Qasimi,Rami Youssef,Hiba Saeed,BR019,Sharjah Main,Standard,Recovering,KPI02,NPS,HIGHER,43.4,44.5,46.7,40,2026-03-31
Sharjah,Al Majaz,Aisha Al Qasimi,Rami Youssef,Hiba Saeed,BR019,Sharjah Main,Standard,Recovering,KPI02,NPS,HIGHER,44.5,46.7,45.9,40,2026-04-30
Sharjah,Al Majaz,Aisha Al Qasimi,Rami Youssef,Hiba Saeed,BR019,Sharjah Main,Standard,Recovering,KPI02,NPS,HIGHER,46.7,45.9,47.6,40,2026-05-31
Sharjah,Al Majaz,Aisha Al Qasimi,Rami Youssef,Hiba Saeed,BR019,Sharjah Main,Standard,Recovering,KPI02,NPS,HIGHER,45.9,47.6,48.9,40,2026-06-30
Sharjah,Al Majaz,Aisha Al Qasimi,Rami Youssef,Hiba Saeed,BR019,Sharjah Main,Standard,Recovering,KPI03,Complaint Rate,LOWER,2.78,2.96,3.0,2.0,2025-07-31
Sharjah,Al Majaz,Aisha Al Qasimi,Rami Youssef,Hiba Saeed,BR019,Sharjah Main,Standard,Recovering,KPI03,Complaint Rate,LOWER,2.96,3.0,3.13,2.0,2025-08-31
Sharjah,Al Majaz,Aisha Al Qasimi,Rami Youssef,Hiba Saeed,BR019,Sharjah Main,Standard,Recovering,KPI03,Complaint Rate,LOWER,3.0,3.13,3.24,2.0,2025-09-30
Sharjah,Al Majaz,Aisha Al Qasimi,Rami Youssef,Hiba Saeed,BR019,Sharjah Main,Standard,Recovering,KPI03,Complaint Rate,LOWER,3.13,3.24,3.31,2.0,2025-10-31
Sharjah,Al Majaz,Aisha Al Qasimi,Rami Youssef,Hiba Saeed,BR019,Sharjah Main,Standard,Recovering,KPI03,Complaint Rate,LOWER,3.24,3.31,3.16,2.0,2025-11-30
Sharjah,Al Majaz,Aisha Al Qasimi,Rami Youssef,Hiba Saeed,BR019,Sharjah Main,Standard,Recovering,KPI03,Complaint Rate,LOWER,3.31,3.16,3.03,2.0,2025-12-31
Sharjah,Al Majaz,Aisha Al Qasimi,Rami Youssef,Hiba Saeed,BR019,Sharjah Main,Standard,Recovering,KPI03,Complaint Rate,LOWER,3.16,3.03,2.88,2.0,2026-01-31
Sharjah,Al Majaz,Aisha Al Qasimi,Rami Youssef,Hiba Saeed,BR019,Sharjah Main,Standard,Recovering,KPI03,Complaint Rate,LOWER,3.03,2.88,2.72,2.0,2026-02-28
Sharjah,Al Majaz,Aisha Al Qasimi,Rami Youssef,Hiba Saeed,BR019,Sharjah Main,Standard,Recovering,KPI03,Complaint Rate,LOWER,2.88,2.72,2.56,2.0,2026-03-31
Sharjah,Al Majaz,Aisha Al Qasimi,Rami Youssef,Hiba Saeed,BR019,Sharjah Main,Standard,Recovering,KPI03,Complaint Rate,LOWER,2.72,2.56,2.41,2.0,2026-04-30
Sharjah,Al Majaz,Aisha Al Qasimi,Rami Youssef,Hiba Saeed,BR019,Sharjah Main,Standard,Recovering,KPI03,Complaint Rate,LOWER,2.56,2.41,2.31,2.0,2026-05-31
Sharjah,Al Majaz,Aisha Al Qasimi,Rami Youssef,Hiba Saeed,BR019,Sharjah Main,Standard,Recovering,KPI03,Complaint Rate,LOWER,2.41,2.31,2.16,2.0,2026-06-30
Sharjah,Al Majaz,Aisha Al Qasimi,Rami Youssef,Hiba Saeed,BR019,Sharjah Main,Standard,Recovering,KPI04,Complaint Volume,LOWER,207.0,208.0,216.0,100,2025-07-31
Sharjah,Al Majaz,Aisha Al Qasimi,Rami Youssef,Hiba Saeed,BR019,Sharjah Main,Standard,Recovering,KPI04,Complaint Volume,LOWER,208.0,216.0,220.0,100,2025-08-31
Sharjah,Al Majaz,Aisha Al Qasimi,Rami Youssef,Hiba Saeed,BR019,Sharjah Main,Standard,Recovering,KPI04,Complaint Volume,LOWER,216.0,220.0,224.0,100,2025-09-30
Sharjah,Al Majaz,Aisha Al Qasimi,Rami Youssef,Hiba Saeed,BR019,Sharjah Main,Standard,Recovering,KPI04,Complaint Volume,LOWER,220.0,224.0,231.0,100,2025-10-31
Sharjah,Al Majaz,Aisha Al Qasimi,Rami Youssef,Hiba Saeed,BR019,Sharjah Main,Standard,Recovering,KPI04,Complaint Volume,LOWER,224.0,231.0,229.0,100,2025-11-30
Sharjah,Al Majaz,Aisha Al Qasimi,Rami Youssef,Hiba Saeed,BR019,Sharjah Main,Standard,Recovering,KPI04,Complaint Volume,LOWER,231.0,229.0,217.0,100,2025-12-31
Sharjah,Al Majaz,Aisha Al Qasimi,Rami Youssef,Hiba Saeed,BR019,Sharjah Main,Standard,Recovering,KPI04,Complaint Volume,LOWER,229.0,217.0,211.0,100,2026-01-31
Sharjah,Al Majaz,Aisha Al Qasimi,Rami Youssef,Hiba Saeed,BR019,Sharjah Main,Standard,Recovering,KPI04,Complaint Volume,LOWER,217.0,211.0,204.0,100,2026-02-28
Sharjah,Al Majaz,Aisha Al Qasimi,Rami Youssef,Hiba Saeed,BR019,Sharjah Main,Standard,Recovering,KPI04,Complaint Volume,LOWER,211.0,204.0,195.0,100,2026-03-31
Sharjah,Al Majaz,Aisha Al Qasimi,Rami Youssef,Hiba Saeed,BR019,Sharjah Main,Standard,Recovering,KPI04,Complaint Volume,LOWER,204.0,195.0,183.0,100,2026-04-30
Sharjah,Al Majaz,Aisha Al Qasimi,Rami Youssef,Hiba Saeed,BR019,Sharjah Main,Standard,Recovering,KPI04,Complaint Volume,LOWER,195.0,183.0,176.0,100,2026-05-31
Sharjah,Al Majaz,Aisha Al Qasimi,Rami Youssef,Hiba Saeed,BR019,Sharjah Main,Standard,Recovering,KPI04,Complaint Volume,LOWER,183.0,176.0,168.0,100,2026-06-30
Sharjah,Al Majaz,Aisha Al Qasimi,Rami Youssef,Hiba Saeed,BR019,Sharjah Main,Standard,Recovering,KPI05,Resolution Time,LOWER,4.48,4.65,4.98,3.0,2025-07-31
Sharjah,Al Majaz,Aisha Al Qasimi,Rami Youssef,Hiba Saeed,BR019,Sharjah Main,Standard,Recovering,KPI05,Resolution Time,LOWER,4.65,4.98,5.16,3.0,2025-08-31
Sharjah,Al Majaz,Aisha Al Qasimi,Rami Youssef,Hiba Saeed,BR019,Sharjah Main,Standard,Recovering,KPI05,Resolution Time,LOWER,4.98,5.16,5.23,3.0,2025-09-30
Sharjah,Al Majaz,Aisha Al Qasimi,Rami Youssef,Hiba Saeed,BR019,Sharjah Main,Standard,Recovering,KPI05,Resolution Time,LOWER,5.16,5.23,5.29,3.0,2025-10-31
Sharjah,Al Majaz,Aisha Al Qasimi,Rami Youssef,Hiba Saeed,BR019,Sharjah Main,Standard,Recovering,KPI05,Resolution Time,LOWER,5.23,5.29,5.3,3.0,2025-11-30
Sharjah,Al Majaz,Aisha Al Qasimi,Rami Youssef,Hiba Saeed,BR019,Sharjah Main,Standard,Recovering,KPI05,Resolution Time,LOWER,5.29,5.3,5.09,3.0,2025-12-31
Sharjah,Al Majaz,Aisha Al Qasimi,Rami Youssef,Hiba Saeed,BR019,Sharjah Main,Standard,Recovering,KPI05,Resolution Time,LOWER,5.3,5.09,4.84,3.0,2026-01-31
Sharjah,Al Majaz,Aisha Al Qasimi,Rami Youssef,Hiba Saeed,BR019,Sharjah Main,Standard,Recovering,KPI05,Resolution Time,LOWER,5.09,4.84,4.69,3.0,2026-02-28
Sharjah,Al Majaz,Aisha Al Qasimi,Rami Youssef,Hiba Saeed,BR019,Sharjah Main,Standard,Recovering,KPI05,Resolution Time,LOWER,4.84,4.69,4.41,3.0,2026-03-31
Sharjah,Al Majaz,Aisha Al Qasimi,Rami Youssef,Hiba Saeed,BR019,Sharjah Main,Standard,Recovering,KPI05,Resolution Time,LOWER,4.69,4.41,4.43,3.0,2026-04-30
Sharjah,Al Majaz,Aisha Al Qasimi,Rami Youssef,Hiba Saeed,BR019,Sharjah Main,Standard,Recovering,KPI05,Resolution Time,LOWER,4.41,4.43,4.32,3.0,2026-05-31
Sharjah,Al Majaz,Aisha Al Qasimi,Rami Youssef,Hiba Saeed,BR019,Sharjah Main,Standard,Recovering,KPI05,Resolution Time,LOWER,4.43,4.32,4.21,3.0,2026-06-30
Sharjah,Al Majaz,Aisha Al Qasimi,Rami Youssef,Hiba Saeed,BR019,Sharjah Main,Standard,Recovering,KPI06,SLA Compliance,HIGHER,80.2,79.7,78.9,95,2025-07-31
Sharjah,Al Majaz,Aisha Al Qasimi,Rami Youssef,Hiba Saeed,BR019,Sharjah Main,Standard,Recovering,KPI06,SLA Compliance,HIGHER,79.7,78.9,78.3,95,2025-08-31
Sharjah,Al Majaz,Aisha Al Qasimi,Rami Youssef,Hiba Saeed,BR019,Sharjah Main,Standard,Recovering,KPI06,SLA Compliance,HIGHER,78.9,78.3,78.2,95,2025-09-30
Sharjah,Al Majaz,Aisha Al Qasimi,Rami Youssef,Hiba Saeed,BR019,Sharjah Main,Standard,Recovering,KPI06,SLA Compliance,HIGHER,78.3,78.2,77.7,95,2025-10-31
Sharjah,Al Majaz,Aisha Al Qasimi,Rami Youssef,Hiba Saeed,BR019,Sharjah Main,Standard,Recovering,KPI06,SLA Compliance,HIGHER,78.2,77.7,78.3,95,2025-11-30
Sharjah,Al Majaz,Aisha Al Qasimi,Rami Youssef,Hiba Saeed,BR019,Sharjah Main,Standard,Recovering,KPI06,SLA Compliance,HIGHER,77.7,78.3,79.3,95,2025-12-31
Sharjah,Al Majaz,Aisha Al Qasimi,Rami Youssef,Hiba Saeed,BR019,Sharjah Main,Standard,Recovering,KPI06,SLA Compliance,HIGHER,78.3,79.3,80.1,95,2026-01-31
Sharjah,Al Majaz,Aisha Al Qasimi,Rami Youssef,Hiba Saeed,BR019,Sharjah Main,Standard,Recovering,KPI06,SLA Compliance,HIGHER,79.3,80.1,80.2,95,2026-02-28
Sharjah,Al Majaz,Aisha Al Qasimi,Rami Youssef,Hiba Saeed,BR019,Sharjah Main,Standard,Recovering,KPI06,SLA Compliance,HIGHER,80.1,80.2,80.8,95,2026-03-31
Sharjah,Al Majaz,Aisha Al Qasimi,Rami Youssef,Hiba Saeed,BR019,Sharjah Main,Standard,Recovering,KPI06,SLA Compliance,HIGHER,80.2,80.8,81.1,95,2026-04-30
Sharjah,Al Majaz,Aisha Al Qasimi,Rami Youssef,Hiba Saeed,BR019,Sharjah Main,Standard,Recovering,KPI06,SLA Compliance,HIGHER,80.8,81.1,81.7,95,2026-05-31
Sharjah,Al Majaz,Aisha Al Qasimi,Rami Youssef,Hiba Saeed,BR019,Sharjah Main,Standard,Recovering,KPI06,SLA Compliance,HIGHER,81.1,81.7,82.5,95,2026-06-30
Sharjah,Al Majaz,Aisha Al Qasimi,Rami Youssef,Hiba Saeed,BR019,Sharjah Main,Standard,Recovering,KPI07,First Contact Resolution,HIGHER,69.7,68.7,68.3,85,2025-07-31
Sharjah,Al Majaz,Aisha Al Qasimi,Rami Youssef,Hiba Saeed,BR019,Sharjah Main,Standard,Recovering,KPI07,First Contact Resolution,HIGHER,68.7,68.3,68.1,85,2025-08-31
Sharjah,Al Majaz,Aisha Al Qasimi,Rami Youssef,Hiba Saeed,BR019,Sharjah Main,Standard,Recovering,KPI07,First Contact Resolution,HIGHER,68.3,68.1,67.2,85,2025-09-30
Sharjah,Al Majaz,Aisha Al Qasimi,Rami Youssef,Hiba Saeed,BR019,Sharjah Main,Standard,Recovering,KPI07,First Contact Resolution,HIGHER,68.1,67.2,66.8,85,2025-10-31
Sharjah,Al Majaz,Aisha Al Qasimi,Rami Youssef,Hiba Saeed,BR019,Sharjah Main,Standard,Recovering,KPI07,First Contact Resolution,HIGHER,67.2,66.8,66.5,85,2025-11-30
Sharjah,Al Majaz,Aisha Al Qasimi,Rami Youssef,Hiba Saeed,BR019,Sharjah Main,Standard,Recovering,KPI07,First Contact Resolution,HIGHER,66.8,66.5,67.0,85,2025-12-31
Sharjah,Al Majaz,Aisha Al Qasimi,Rami Youssef,Hiba Saeed,BR019,Sharjah Main,Standard,Recovering,KPI07,First Contact Resolution,HIGHER,66.5,67.0,67.8,85,2026-01-31
Sharjah,Al Majaz,Aisha Al Qasimi,Rami Youssef,Hiba Saeed,BR019,Sharjah Main,Standard,Recovering,KPI07,First Contact Resolution,HIGHER,67.0,67.8,68.9,85,2026-02-28
Sharjah,Al Majaz,Aisha Al Qasimi,Rami Youssef,Hiba Saeed,BR019,Sharjah Main,Standard,Recovering,KPI07,First Contact Resolution,HIGHER,67.8,68.9,69.6,85,2026-03-31
Sharjah,Al Majaz,Aisha Al Qasimi,Rami Youssef,Hiba Saeed,BR019,Sharjah Main,Standard,Recovering,KPI07,First Contact Resolution,HIGHER,68.9,69.6,70.6,85,2026-04-30
Sharjah,Al Majaz,Aisha Al Qasimi,Rami Youssef,Hiba Saeed,BR019,Sharjah Main,Standard,Recovering,KPI07,First Contact Resolution,HIGHER,69.6,70.6,71.7,85,2026-05-31
Sharjah,Al Majaz,Aisha Al Qasimi,Rami Youssef,Hiba Saeed,BR019,Sharjah Main,Standard,Recovering,KPI07,First Contact Resolution,HIGHER,70.6,71.7,72.9,85,2026-06-30
Sharjah,Al Majaz,Aisha Al Qasimi,Rami Youssef,Hiba Saeed,BR019,Sharjah Main,Standard,Recovering,KPI08,Customer Effort Score,LOWER,4.69,4.73,4.81,3.0,2025-07-31
Sharjah,Al Majaz,Aisha Al Qasimi,Rami Youssef,Hiba Saeed,BR019,Sharjah Main,Standard,Recovering,KPI08,Customer Effort Score,LOWER,4.73,4.81,4.83,3.0,2025-08-31
Sharjah,Al Majaz,Aisha Al Qasimi,Rami Youssef,Hiba Saeed,BR019,Sharjah Main,Standard,Recovering,KPI08,Customer Effort Score,LOWER,4.81,4.83,4.91,3.0,2025-09-30
Sharjah,Al Majaz,Aisha Al Qasimi,Rami Youssef,Hiba Saeed,BR019,Sharjah Main,Standard,Recovering,KPI08,Customer Effort Score,LOWER,4.83,4.91,4.99,3.0,2025-10-31
Sharjah,Al Majaz,Aisha Al Qasimi,Rami Youssef,Hiba Saeed,BR019,Sharjah Main,Standard,Recovering,KPI08,Customer Effort Score,LOWER,4.91,4.99,4.87,3.0,2025-11-30
Sharjah,Al Majaz,Aisha Al Qasimi,Rami Youssef,Hiba Saeed,BR019,Sharjah Main,Standard,Recovering,KPI08,Customer Effort Score,LOWER,4.99,4.87,4.83,3.0,2025-12-31
Sharjah,Al Majaz,Aisha Al Qasimi,Rami Youssef,Hiba Saeed,BR019,Sharjah Main,Standard,Recovering,KPI08,Customer Effort Score,LOWER,4.87,4.83,4.73,3.0,2026-01-31
Sharjah,Al Majaz,Aisha Al Qasimi,Rami Youssef,Hiba Saeed,BR019,Sharjah Main,Standard,Recovering,KPI08,Customer Effort Score,LOWER,4.83,4.73,4.61,3.0,2026-02-28
Sharjah,Al Majaz,Aisha Al Qasimi,Rami Youssef,Hiba Saeed,BR019,Sharjah Main,Standard,Recovering,KPI08,Customer Effort Score,LOWER,4.73,4.61,4.54,3.0,2026-03-31
Sharjah,Al Majaz,Aisha Al Qasimi,Rami Youssef,Hiba Saeed,BR019,Sharjah Main,Standard,Recovering,KPI08,Customer Effort Score,LOWER,4.61,4.54,4.45,3.0,2026-04-30
Sharjah,Al Majaz,Aisha Al Qasimi,Rami Youssef,Hiba Saeed,BR019,Sharjah Main,Standard,Recovering,KPI08,Customer Effort Score,LOWER,4.54,4.45,4.33,3.0,2026-05-31
Sharjah,Al Majaz,Aisha Al Qasimi,Rami Youssef,Hiba Saeed,BR019,Sharjah Main,Standard,Recovering,KPI08,Customer Effort Score,LOWER,4.45,4.33,4.27,3.0,2026-06-30
Sharjah,Al Majaz,Aisha Al Qasimi,Rami Youssef,Hiba Saeed,BR019,Sharjah Main,Standard,Recovering,KPI09,Digital Adoption Rate,HIGHER,78.3,78.3,77.7,75,2025-07-31
Sharjah,Al Majaz,Aisha Al Qasimi,Rami Youssef,Hiba Saeed,BR019,Sharjah Main,Standard,Recovering,KPI09,Digital Adoption Rate,HIGHER,78.3,77.7,76.8,75,2025-08-31
Sharjah,Al Majaz,Aisha Al Qasimi,Rami Youssef,Hiba Saeed,BR019,Sharjah Main,Standard,Recovering,KPI09,Digital Adoption Rate,HIGHER,77.7,76.8,77.2,75,2025-09-30
Sharjah,Al Majaz,Aisha Al Qasimi,Rami Youssef,Hiba Saeed,BR019,Sharjah Main,Standard,Recovering,KPI09,Digital Adoption Rate,HIGHER,76.8,77.2,76.6,75,2025-10-31
Sharjah,Al Majaz,Aisha Al Qasimi,Rami Youssef,Hiba Saeed,BR019,Sharjah Main,Standard,Recovering,KPI09,Digital Adoption Rate,HIGHER,77.2,76.6,78.0,75,2025-11-30
Sharjah,Al Majaz,Aisha Al Qasimi,Rami Youssef,Hiba Saeed,BR019,Sharjah Main,Standard,Recovering,KPI09,Digital Adoption Rate,HIGHER,76.6,78.0,78.9,75,2025-12-31
Sharjah,Al Majaz,Aisha Al Qasimi,Rami Youssef,Hiba Saeed,BR019,Sharjah Main,Standard,Recovering,KPI09,Digital Adoption Rate,HIGHER,78.0,78.9,80.2,75,2026-01-31
Sharjah,Al Majaz,Aisha Al Qasimi,Rami Youssef,Hiba Saeed,BR019,Sharjah Main,Standard,Recovering,KPI09,Digital Adoption Rate,HIGHER,78.9,80.2,80.7,75,2026-02-28
Sharjah,Al Majaz,Aisha Al Qasimi,Rami Youssef,Hiba Saeed,BR019,Sharjah Main,Standard,Recovering,KPI09,Digital Adoption Rate,HIGHER,80.2,80.7,81.2,75,2026-03-31
Sharjah,Al Majaz,Aisha Al Qasimi,Rami Youssef,Hiba Saeed,BR019,Sharjah Main,Standard,Recovering,KPI09,Digital Adoption Rate,HIGHER,80.7,81.2,81.6,75,2026-04-30
Sharjah,Al Majaz,Aisha Al Qasimi,Rami Youssef,Hiba Saeed,BR019,Sharjah Main,Standard,Recovering,KPI09,Digital Adoption Rate,HIGHER,81.2,81.6,82.2,75,2026-05-31
Sharjah,Al Majaz,Aisha Al Qasimi,Rami Youssef,Hiba Saeed,BR019,Sharjah Main,Standard,Recovering,KPI09,Digital Adoption Rate,HIGHER,81.6,82.2,83.0,75,2026-06-30
Sharjah,Al Majaz,Aisha Al Qasimi,Rami Youssef,Hiba Saeed,BR019,Sharjah Main,Standard,Recovering,KPI10,Repeat Complaint Rate,LOWER,17.6,17.9,18.5,8,2025-07-31
Sharjah,Al Majaz,Aisha Al Qasimi,Rami Youssef,Hiba Saeed,BR019,Sharjah Main,Standard,Recovering,KPI10,Repeat Complaint Rate,LOWER,17.9,18.5,18.6,8,2025-08-31
Sharjah,Al Majaz,Aisha Al Qasimi,Rami Youssef,Hiba Saeed,BR019,Sharjah Main,Standard,Recovering,KPI10,Repeat Complaint Rate,LOWER,18.5,18.6,19.3,8,2025-09-30
Sharjah,Al Majaz,Aisha Al Qasimi,Rami Youssef,Hiba Saeed,BR019,Sharjah Main,Standard,Recovering,KPI10,Repeat Complaint Rate,LOWER,18.6,19.3,20.0,8,2025-10-31
Sharjah,Al Majaz,Aisha Al Qasimi,Rami Youssef,Hiba Saeed,BR019,Sharjah Main,Standard,Recovering,KPI10,Repeat Complaint Rate,LOWER,19.3,20.0,19.7,8,2025-11-30
Sharjah,Al Majaz,Aisha Al Qasimi,Rami Youssef,Hiba Saeed,BR019,Sharjah Main,Standard,Recovering,KPI10,Repeat Complaint Rate,LOWER,20.0,19.7,19.0,8,2025-12-31
Sharjah,Al Majaz,Aisha Al Qasimi,Rami Youssef,Hiba Saeed,BR019,Sharjah Main,Standard,Recovering,KPI10,Repeat Complaint Rate,LOWER,19.7,19.0,18.8,8,2026-01-31
Sharjah,Al Majaz,Aisha Al Qasimi,Rami Youssef,Hiba Saeed,BR019,Sharjah Main,Standard,Recovering,KPI10,Repeat Complaint Rate,LOWER,19.0,18.8,18.4,8,2026-02-28
Sharjah,Al Majaz,Aisha Al Qasimi,Rami Youssef,Hiba Saeed,BR019,Sharjah Main,Standard,Recovering,KPI10,Repeat Complaint Rate,LOWER,18.8,18.4,18.1,8,2026-03-31
Sharjah,Al Majaz,Aisha Al Qasimi,Rami Youssef,Hiba Saeed,BR019,Sharjah Main,Standard,Recovering,KPI10,Repeat Complaint Rate,LOWER,18.4,18.1,17.9,8,2026-04-30
Sharjah,Al Majaz,Aisha Al Qasimi,Rami Youssef,Hiba Saeed,BR019,Sharjah Main,Standard,Recovering,KPI10,Repeat Complaint Rate,LOWER,18.1,17.9,17.6,8,2026-05-31
Sharjah,Al Majaz,Aisha Al Qasimi,Rami Youssef,Hiba Saeed,BR019,Sharjah Main,Standard,Recovering,KPI10,Repeat Complaint Rate,LOWER,17.9,17.6,16.9,8,2026-06-30
Northern Emirates,Ras Al Khaimah,Noura Al Shamsi,Mona Farid,Naveed Akram,BR020,Al Majaz,Digital Hub,Volatile,KPI01,CSAT,HIGHER,72.4,72.9,73.2,85,2025-07-31
Northern Emirates,Ras Al Khaimah,Noura Al Shamsi,Mona Farid,Naveed Akram,BR020,Al Majaz,Digital Hub,Volatile,KPI01,CSAT,HIGHER,72.9,73.2,72.9,85,2025-08-31
Northern Emirates,Ras Al Khaimah,Noura Al Shamsi,Mona Farid,Naveed Akram,BR020,Al Majaz,Digital Hub,Volatile,KPI01,CSAT,HIGHER,73.2,72.9,72.3,85,2025-09-30
Northern Emirates,Ras Al Khaimah,Noura Al Shamsi,Mona Farid,Naveed Akram,BR020,Al Majaz,Digital Hub,Volatile,KPI01,CSAT,HIGHER,72.9,72.3,73.3,85,2025-10-31
Northern Emirates,Ras Al Khaimah,Noura Al Shamsi,Mona Farid,Naveed Akram,BR020,Al Majaz,Digital Hub,Volatile,KPI01,CSAT,HIGHER,72.3,73.3,74.4,85,2025-11-30
Northern Emirates,Ras Al Khaimah,Noura Al Shamsi,Mona Farid,Naveed Akram,BR020,Al Majaz,Digital Hub,Volatile,KPI01,CSAT,HIGHER,73.3,74.4,70.5,85,2025-12-31
Northern Emirates,Ras Al Khaimah,Noura Al Shamsi,Mona Farid,Naveed Akram,BR020,Al Majaz,Digital Hub,Volatile,KPI01,CSAT,HIGHER,74.4,70.5,69.8,85,2026-01-31
Northern Emirates,Ras Al Khaimah,Noura Al Shamsi,Mona Farid,Naveed Akram,BR020,Al Majaz,Digital Hub,Volatile,KPI01,CSAT,HIGHER,70.5,69.8,69.9,85,2026-02-28
Northern Emirates,Ras Al Khaimah,Noura Al Shamsi,Mona Farid,Naveed Akram,BR020,Al Majaz,Digital Hub,Volatile,KPI01,CSAT,HIGHER,69.8,69.9,70.0,85,2026-03-31
Northern Emirates,Ras Al Khaimah,Noura Al Shamsi,Mona Farid,Naveed Akram,BR020,Al Majaz,Digital Hub,Volatile,KPI01,CSAT,HIGHER,69.9,70.0,70.7,85,2026-04-30
Northern Emirates,Ras Al Khaimah,Noura Al Shamsi,Mona Farid,Naveed Akram,BR020,Al Majaz,Digital Hub,Volatile,KPI01,CSAT,HIGHER,70.0,70.7,70.7,85,2026-05-31
Northern Emirates,Ras Al Khaimah,Noura Al Shamsi,Mona Farid,Naveed Akram,BR020,Al Majaz,Digital Hub,Volatile,KPI01,CSAT,HIGHER,70.7,70.7,70.2,85,2026-06-30
Northern Emirates,Ras Al Khaimah,Noura Al Shamsi,Mona Farid,Naveed Akram,BR020,Al Majaz,Digital Hub,Volatile,KPI02,NPS,HIGHER,21.0,24.1,23.6,40,2025-07-31
Northern Emirates,Ras Al Khaimah,Noura Al Shamsi,Mona Farid,Naveed Akram,BR020,Al Majaz,Digital Hub,Volatile,KPI02,NPS,HIGHER,24.1,23.6,22.2,40,2025-08-31
Northern Emirates,Ras Al Khaimah,Noura Al Shamsi,Mona Farid,Naveed Akram,BR020,Al Majaz,Digital Hub,Volatile,KPI02,NPS,HIGHER,23.6,22.2,21.5,40,2025-09-30
Northern Emirates,Ras Al Khaimah,Noura Al Shamsi,Mona Farid,Naveed Akram,BR020,Al Majaz,Digital Hub,Volatile,KPI02,NPS,HIGHER,22.2,21.5,20.8,40,2025-10-31
Northern Emirates,Ras Al Khaimah,Noura Al Shamsi,Mona Farid,Naveed Akram,BR020,Al Majaz,Digital Hub,Volatile,KPI02,NPS,HIGHER,21.5,20.8,23.7,40,2025-11-30
Northern Emirates,Ras Al Khaimah,Noura Al Shamsi,Mona Farid,Naveed Akram,BR020,Al Majaz,Digital Hub,Volatile,KPI02,NPS,HIGHER,20.8,23.7,19.6,40,2025-12-31
Northern Emirates,Ras Al Khaimah,Noura Al Shamsi,Mona Farid,Naveed Akram,BR020,Al Majaz,Digital Hub,Volatile,KPI02,NPS,HIGHER,23.7,19.6,17.5,40,2026-01-31
Northern Emirates,Ras Al Khaimah,Noura Al Shamsi,Mona Farid,Naveed Akram,BR020,Al Majaz,Digital Hub,Volatile,KPI02,NPS,HIGHER,19.6,17.5,17.6,40,2026-02-28
Northern Emirates,Ras Al Khaimah,Noura Al Shamsi,Mona Farid,Naveed Akram,BR020,Al Majaz,Digital Hub,Volatile,KPI02,NPS,HIGHER,17.5,17.6,17.1,40,2026-03-31
Northern Emirates,Ras Al Khaimah,Noura Al Shamsi,Mona Farid,Naveed Akram,BR020,Al Majaz,Digital Hub,Volatile,KPI02,NPS,HIGHER,17.6,17.1,18.4,40,2026-04-30
Northern Emirates,Ras Al Khaimah,Noura Al Shamsi,Mona Farid,Naveed Akram,BR020,Al Majaz,Digital Hub,Volatile,KPI02,NPS,HIGHER,17.1,18.4,16.9,40,2026-05-31
Northern Emirates,Ras Al Khaimah,Noura Al Shamsi,Mona Farid,Naveed Akram,BR020,Al Majaz,Digital Hub,Volatile,KPI02,NPS,HIGHER,18.4,16.9,15.4,40,2026-06-30
Northern Emirates,Ras Al Khaimah,Noura Al Shamsi,Mona Farid,Naveed Akram,BR020,Al Majaz,Digital Hub,Volatile,KPI03,Complaint Rate,LOWER,1.78,1.7,1.74,2.0,2025-07-31
Northern Emirates,Ras Al Khaimah,Noura Al Shamsi,Mona Farid,Naveed Akram,BR020,Al Majaz,Digital Hub,Volatile,KPI03,Complaint Rate,LOWER,1.7,1.74,1.76,2.0,2025-08-31
Northern Emirates,Ras Al Khaimah,Noura Al Shamsi,Mona Farid,Naveed Akram,BR020,Al Majaz,Digital Hub,Volatile,KPI03,Complaint Rate,LOWER,1.74,1.76,2.03,2.0,2025-09-30
Northern Emirates,Ras Al Khaimah,Noura Al Shamsi,Mona Farid,Naveed Akram,BR020,Al Majaz,Digital Hub,Volatile,KPI03,Complaint Rate,LOWER,1.76,2.03,2.04,2.0,2025-10-31
Northern Emirates,Ras Al Khaimah,Noura Al Shamsi,Mona Farid,Naveed Akram,BR020,Al Majaz,Digital Hub,Volatile,KPI03,Complaint Rate,LOWER,2.03,2.04,1.83,2.0,2025-11-30
Northern Emirates,Ras Al Khaimah,Noura Al Shamsi,Mona Farid,Naveed Akram,BR020,Al Majaz,Digital Hub,Volatile,KPI03,Complaint Rate,LOWER,2.04,1.83,2.73,2.0,2025-12-31
Northern Emirates,Ras Al Khaimah,Noura Al Shamsi,Mona Farid,Naveed Akram,BR020,Al Majaz,Digital Hub,Volatile,KPI03,Complaint Rate,LOWER,1.83,2.73,3.0,2.0,2026-01-31
Northern Emirates,Ras Al Khaimah,Noura Al Shamsi,Mona Farid,Naveed Akram,BR020,Al Majaz,Digital Hub,Volatile,KPI03,Complaint Rate,LOWER,2.73,3.0,3.05,2.0,2026-02-28
Northern Emirates,Ras Al Khaimah,Noura Al Shamsi,Mona Farid,Naveed Akram,BR020,Al Majaz,Digital Hub,Volatile,KPI03,Complaint Rate,LOWER,3.0,3.05,3.03,2.0,2026-03-31
Northern Emirates,Ras Al Khaimah,Noura Al Shamsi,Mona Farid,Naveed Akram,BR020,Al Majaz,Digital Hub,Volatile,KPI03,Complaint Rate,LOWER,3.05,3.03,2.99,2.0,2026-04-30
Northern Emirates,Ras Al Khaimah,Noura Al Shamsi,Mona Farid,Naveed Akram,BR020,Al Majaz,Digital Hub,Volatile,KPI03,Complaint Rate,LOWER,3.03,2.99,3.04,2.0,2026-05-31
Northern Emirates,Ras Al Khaimah,Noura Al Shamsi,Mona Farid,Naveed Akram,BR020,Al Majaz,Digital Hub,Volatile,KPI03,Complaint Rate,LOWER,2.99,3.04,3.26,2.0,2026-06-30
Northern Emirates,Ras Al Khaimah,Noura Al Shamsi,Mona Farid,Naveed Akram,BR020,Al Majaz,Digital Hub,Volatile,KPI04,Complaint Volume,LOWER,217.0,214.0,213.0,100,2025-07-31
Northern Emirates,Ras Al Khaimah,Noura Al Shamsi,Mona Farid,Naveed Akram,BR020,Al Majaz,Digital Hub,Volatile,KPI04,Complaint Volume,LOWER,214.0,213.0,225.0,100,2025-08-31
Northern Emirates,Ras Al Khaimah,Noura Al Shamsi,Mona Farid,Naveed Akram,BR020,Al Majaz,Digital Hub,Volatile,KPI04,Complaint Volume,LOWER,213.0,225.0,231.0,100,2025-09-30
Northern Emirates,Ras Al Khaimah,Noura Al Shamsi,Mona Farid,Naveed Akram,BR020,Al Majaz,Digital Hub,Volatile,KPI04,Complaint Volume,LOWER,225.0,231.0,225.0,100,2025-10-31
Northern Emirates,Ras Al Khaimah,Noura Al Shamsi,Mona Farid,Naveed Akram,BR020,Al Majaz,Digital Hub,Volatile,KPI04,Complaint Volume,LOWER,231.0,225.0,222.0,100,2025-11-30
Northern Emirates,Ras Al Khaimah,Noura Al Shamsi,Mona Farid,Naveed Akram,BR020,Al Majaz,Digital Hub,Volatile,KPI04,Complaint Volume,LOWER,225.0,222.0,269.0,100,2025-12-31
Northern Emirates,Ras Al Khaimah,Noura Al Shamsi,Mona Farid,Naveed Akram,BR020,Al Majaz,Digital Hub,Volatile,KPI04,Complaint Volume,LOWER,222.0,269.0,278.0,100,2026-01-31
Northern Emirates,Ras Al Khaimah,Noura Al Shamsi,Mona Farid,Naveed Akram,BR020,Al Majaz,Digital Hub,Volatile,KPI04,Complaint Volume,LOWER,269.0,278.0,284.0,100,2026-02-28
Northern Emirates,Ras Al Khaimah,Noura Al Shamsi,Mona Farid,Naveed Akram,BR020,Al Majaz,Digital Hub,Volatile,KPI04,Complaint Volume,LOWER,278.0,284.0,281.0,100,2026-03-31
Northern Emirates,Ras Al Khaimah,Noura Al Shamsi,Mona Farid,Naveed Akram,BR020,Al Majaz,Digital Hub,Volatile,KPI04,Complaint Volume,LOWER,284.0,281.0,271.0,100,2026-04-30
Northern Emirates,Ras Al Khaimah,Noura Al Shamsi,Mona Farid,Naveed Akram,BR020,Al Majaz,Digital Hub,Volatile,KPI04,Complaint Volume,LOWER,281.0,271.0,275.0,100,2026-05-31
Northern Emirates,Ras Al Khaimah,Noura Al Shamsi,Mona Farid,Naveed Akram,BR020,Al Majaz,Digital Hub,Volatile,KPI04,Complaint Volume,LOWER,271.0,275.0,281.0,100,2026-06-30
Northern Emirates,Ras Al Khaimah,Noura Al Shamsi,Mona Farid,Naveed Akram,BR020,Al Majaz,Digital Hub,Volatile,KPI05,Resolution Time,LOWER,5.25,5.07,4.97,3.0,2025-07-31
Northern Emirates,Ras Al Khaimah,Noura Al Shamsi,Mona Farid,Naveed Akram,BR020,Al Majaz,Digital Hub,Volatile,KPI05,Resolution Time,LOWER,5.07,4.97,5.06,3.0,2025-08-31
Northern Emirates,Ras Al Khaimah,Noura Al Shamsi,Mona Farid,Naveed Akram,BR020,Al Majaz,Digital Hub,Volatile,KPI05,Resolution Time,LOWER,4.97,5.06,5.33,3.0,2025-09-30
Northern Emirates,Ras Al Khaimah,Noura Al Shamsi,Mona Farid,Naveed Akram,BR020,Al Majaz,Digital Hub,Volatile,KPI05,Resolution Time,LOWER,5.06,5.33,5.25,3.0,2025-10-31
Northern Emirates,Ras Al Khaimah,Noura Al Shamsi,Mona Farid,Naveed Akram,BR020,Al Majaz,Digital Hub,Volatile,KPI05,Resolution Time,LOWER,5.33,5.25,5.05,3.0,2025-11-30
Northern Emirates,Ras Al Khaimah,Noura Al Shamsi,Mona Farid,Naveed Akram,BR020,Al Majaz,Digital Hub,Volatile,KPI05,Resolution Time,LOWER,5.25,5.05,5.06,3.0,2025-12-31
Northern Emirates,Ras Al Khaimah,Noura Al Shamsi,Mona Farid,Naveed Akram,BR020,Al Majaz,Digital Hub,Volatile,KPI05,Resolution Time,LOWER,5.05,5.06,5.16,3.0,2026-01-31
Northern Emirates,Ras Al Khaimah,Noura Al Shamsi,Mona Farid,Naveed Akram,BR020,Al Majaz,Digital Hub,Volatile,KPI05,Resolution Time,LOWER,5.06,5.16,5.22,3.0,2026-02-28
Northern Emirates,Ras Al Khaimah,Noura Al Shamsi,Mona Farid,Naveed Akram,BR020,Al Majaz,Digital Hub,Volatile,KPI05,Resolution Time,LOWER,5.16,5.22,5.11,3.0,2026-03-31
Northern Emirates,Ras Al Khaimah,Noura Al Shamsi,Mona Farid,Naveed Akram,BR020,Al Majaz,Digital Hub,Volatile,KPI05,Resolution Time,LOWER,5.22,5.11,5.06,3.0,2026-04-30
Northern Emirates,Ras Al Khaimah,Noura Al Shamsi,Mona Farid,Naveed Akram,BR020,Al Majaz,Digital Hub,Volatile,KPI05,Resolution Time,LOWER,5.11,5.06,5.12,3.0,2026-05-31
Northern Emirates,Ras Al Khaimah,Noura Al Shamsi,Mona Farid,Naveed Akram,BR020,Al Majaz,Digital Hub,Volatile,KPI05,Resolution Time,LOWER,5.06,5.12,5.26,3.0,2026-06-30
Northern Emirates,Ras Al Khaimah,Noura Al Shamsi,Mona Farid,Naveed Akram,BR020,Al Majaz,Digital Hub,Volatile,KPI06,SLA Compliance,HIGHER,95.5,96.3,96.5,95,2025-07-31
Northern Emirates,Ras Al Khaimah,Noura Al Shamsi,Mona Farid,Naveed Akram,BR020,Al Majaz,Digital Hub,Volatile,KPI06,SLA Compliance,HIGHER,96.3,96.5,95.1,95,2025-08-31
Northern Emirates,Ras Al Khaimah,Noura Al Shamsi,Mona Farid,Naveed Akram,BR020,Al Majaz,Digital Hub,Volatile,KPI06,SLA Compliance,HIGHER,96.5,95.1,94.8,95,2025-09-30
Northern Emirates,Ras Al Khaimah,Noura Al Shamsi,Mona Farid,Naveed Akram,BR020,Al Majaz,Digital Hub,Volatile,KPI06,SLA Compliance,HIGHER,95.1,94.8,94.8,95,2025-10-31
Northern Emirates,Ras Al Khaimah,Noura Al Shamsi,Mona Farid,Naveed Akram,BR020,Al Majaz,Digital Hub,Volatile,KPI06,SLA Compliance,HIGHER,94.8,94.8,96.0,95,2025-11-30
Northern Emirates,Ras Al Khaimah,Noura Al Shamsi,Mona Farid,Naveed Akram,BR020,Al Majaz,Digital Hub,Volatile,KPI06,SLA Compliance,HIGHER,94.8,96.0,96.0,95,2025-12-31
Northern Emirates,Ras Al Khaimah,Noura Al Shamsi,Mona Farid,Naveed Akram,BR020,Al Majaz,Digital Hub,Volatile,KPI06,SLA Compliance,HIGHER,96.0,96.0,95.9,95,2026-01-31
Northern Emirates,Ras Al Khaimah,Noura Al Shamsi,Mona Farid,Naveed Akram,BR020,Al Majaz,Digital Hub,Volatile,KPI06,SLA Compliance,HIGHER,96.0,95.9,95.3,95,2026-02-28
Northern Emirates,Ras Al Khaimah,Noura Al Shamsi,Mona Farid,Naveed Akram,BR020,Al Majaz,Digital Hub,Volatile,KPI06,SLA Compliance,HIGHER,95.9,95.3,96.3,95,2026-03-31
Northern Emirates,Ras Al Khaimah,Noura Al Shamsi,Mona Farid,Naveed Akram,BR020,Al Majaz,Digital Hub,Volatile,KPI06,SLA Compliance,HIGHER,95.3,96.3,96.2,95,2026-04-30
Northern Emirates,Ras Al Khaimah,Noura Al Shamsi,Mona Farid,Naveed Akram,BR020,Al Majaz,Digital Hub,Volatile,KPI06,SLA Compliance,HIGHER,96.3,96.2,96.2,95,2026-05-31
Northern Emirates,Ras Al Khaimah,Noura Al Shamsi,Mona Farid,Naveed Akram,BR020,Al Majaz,Digital Hub,Volatile,KPI06,SLA Compliance,HIGHER,96.2,96.2,95.5,95,2026-06-30
Northern Emirates,Ras Al Khaimah,Noura Al Shamsi,Mona Farid,Naveed Akram,BR020,Al Majaz,Digital Hub,Volatile,KPI07,First Contact Resolution,HIGHER,88.4,89.3,89.6,85,2025-07-31
Northern Emirates,Ras Al Khaimah,Noura Al Shamsi,Mona Farid,Naveed Akram,BR020,Al Majaz,Digital Hub,Volatile,KPI07,First Contact Resolution,HIGHER,89.3,89.6,89.1,85,2025-08-31
Northern Emirates,Ras Al Khaimah,Noura Al Shamsi,Mona Farid,Naveed Akram,BR020,Al Majaz,Digital Hub,Volatile,KPI07,First Contact Resolution,HIGHER,89.6,89.1,89.1,85,2025-09-30
Northern Emirates,Ras Al Khaimah,Noura Al Shamsi,Mona Farid,Naveed Akram,BR020,Al Majaz,Digital Hub,Volatile,KPI07,First Contact Resolution,HIGHER,89.1,89.1,90.3,85,2025-10-31
Northern Emirates,Ras Al Khaimah,Noura Al Shamsi,Mona Farid,Naveed Akram,BR020,Al Majaz,Digital Hub,Volatile,KPI07,First Contact Resolution,HIGHER,89.1,90.3,91.4,85,2025-11-30
Northern Emirates,Ras Al Khaimah,Noura Al Shamsi,Mona Farid,Naveed Akram,BR020,Al Majaz,Digital Hub,Volatile,KPI07,First Contact Resolution,HIGHER,90.3,91.4,90.3,85,2025-12-31
Northern Emirates,Ras Al Khaimah,Noura Al Shamsi,Mona Farid,Naveed Akram,BR020,Al Majaz,Digital Hub,Volatile,KPI07,First Contact Resolution,HIGHER,91.4,90.3,89.4,85,2026-01-31
Northern Emirates,Ras Al Khaimah,Noura Al Shamsi,Mona Farid,Naveed Akram,BR020,Al Majaz,Digital Hub,Volatile,KPI07,First Contact Resolution,HIGHER,90.3,89.4,88.8,85,2026-02-28
Northern Emirates,Ras Al Khaimah,Noura Al Shamsi,Mona Farid,Naveed Akram,BR020,Al Majaz,Digital Hub,Volatile,KPI07,First Contact Resolution,HIGHER,89.4,88.8,90.1,85,2026-03-31
Northern Emirates,Ras Al Khaimah,Noura Al Shamsi,Mona Farid,Naveed Akram,BR020,Al Majaz,Digital Hub,Volatile,KPI07,First Contact Resolution,HIGHER,88.8,90.1,90.6,85,2026-04-30
Northern Emirates,Ras Al Khaimah,Noura Al Shamsi,Mona Farid,Naveed Akram,BR020,Al Majaz,Digital Hub,Volatile,KPI07,First Contact Resolution,HIGHER,90.1,90.6,90.9,85,2026-05-31
Northern Emirates,Ras Al Khaimah,Noura Al Shamsi,Mona Farid,Naveed Akram,BR020,Al Majaz,Digital Hub,Volatile,KPI07,First Contact Resolution,HIGHER,90.6,90.9,89.8,85,2026-06-30
Northern Emirates,Ras Al Khaimah,Noura Al Shamsi,Mona Farid,Naveed Akram,BR020,Al Majaz,Digital Hub,Volatile,KPI08,Customer Effort Score,LOWER,2.69,2.59,2.52,3.0,2025-07-31
Northern Emirates,Ras Al Khaimah,Noura Al Shamsi,Mona Farid,Naveed Akram,BR020,Al Majaz,Digital Hub,Volatile,KPI08,Customer Effort Score,LOWER,2.59,2.52,2.66,3.0,2025-08-31
Northern Emirates,Ras Al Khaimah,Noura Al Shamsi,Mona Farid,Naveed Akram,BR020,Al Majaz,Digital Hub,Volatile,KPI08,Customer Effort Score,LOWER,2.52,2.66,2.78,3.0,2025-09-30
Northern Emirates,Ras Al Khaimah,Noura Al Shamsi,Mona Farid,Naveed Akram,BR020,Al Majaz,Digital Hub,Volatile,KPI08,Customer Effort Score,LOWER,2.66,2.78,2.8,3.0,2025-10-31
Northern Emirates,Ras Al Khaimah,Noura Al Shamsi,Mona Farid,Naveed Akram,BR020,Al Majaz,Digital Hub,Volatile,KPI08,Customer Effort Score,LOWER,2.78,2.8,2.82,3.0,2025-11-30
Northern Emirates,Ras Al Khaimah,Noura Al Shamsi,Mona Farid,Naveed Akram,BR020,Al Majaz,Digital Hub,Volatile,KPI08,Customer Effort Score,LOWER,2.8,2.82,2.79,3.0,2025-12-31
Northern Emirates,Ras Al Khaimah,Noura Al Shamsi,Mona Farid,Naveed Akram,BR020,Al Majaz,Digital Hub,Volatile,KPI08,Customer Effort Score,LOWER,2.82,2.79,2.76,3.0,2026-01-31
Northern Emirates,Ras Al Khaimah,Noura Al Shamsi,Mona Farid,Naveed Akram,BR020,Al Majaz,Digital Hub,Volatile,KPI08,Customer Effort Score,LOWER,2.79,2.76,2.89,3.0,2026-02-28
Northern Emirates,Ras Al Khaimah,Noura Al Shamsi,Mona Farid,Naveed Akram,BR020,Al Majaz,Digital Hub,Volatile,KPI08,Customer Effort Score,LOWER,2.76,2.89,2.83,3.0,2026-03-31
Northern Emirates,Ras Al Khaimah,Noura Al Shamsi,Mona Farid,Naveed Akram,BR020,Al Majaz,Digital Hub,Volatile,KPI08,Customer Effort Score,LOWER,2.89,2.83,2.76,3.0,2026-04-30
Northern Emirates,Ras Al Khaimah,Noura Al Shamsi,Mona Farid,Naveed Akram,BR020,Al Majaz,Digital Hub,Volatile,KPI08,Customer Effort Score,LOWER,2.83,2.76,2.72,3.0,2026-05-31
Northern Emirates,Ras Al Khaimah,Noura Al Shamsi,Mona Farid,Naveed Akram,BR020,Al Majaz,Digital Hub,Volatile,KPI08,Customer Effort Score,LOWER,2.76,2.72,2.74,3.0,2026-06-30
Northern Emirates,Ras Al Khaimah,Noura Al Shamsi,Mona Farid,Naveed Akram,BR020,Al Majaz,Digital Hub,Volatile,KPI09,Digital Adoption Rate,HIGHER,95.0,96.8,97.5,75,2025-07-31
Northern Emirates,Ras Al Khaimah,Noura Al Shamsi,Mona Farid,Naveed Akram,BR020,Al Majaz,Digital Hub,Volatile,KPI09,Digital Adoption Rate,HIGHER,96.8,97.5,96.6,75,2025-08-31
Northern Emirates,Ras Al Khaimah,Noura Al Shamsi,Mona Farid,Naveed Akram,BR020,Al Majaz,Digital Hub,Volatile,KPI09,Digital Adoption Rate,HIGHER,97.5,96.6,95.7,75,2025-09-30
Northern Emirates,Ras Al Khaimah,Noura Al Shamsi,Mona Farid,Naveed Akram,BR020,Al Majaz,Digital Hub,Volatile,KPI09,Digital Adoption Rate,HIGHER,96.6,95.7,95.8,75,2025-10-31
Northern Emirates,Ras Al Khaimah,Noura Al Shamsi,Mona Farid,Naveed Akram,BR020,Al Majaz,Digital Hub,Volatile,KPI09,Digital Adoption Rate,HIGHER,95.7,95.8,97.2,75,2025-11-30
Northern Emirates,Ras Al Khaimah,Noura Al Shamsi,Mona Farid,Naveed Akram,BR020,Al Majaz,Digital Hub,Volatile,KPI09,Digital Adoption Rate,HIGHER,95.8,97.2,97.1,75,2025-12-31
Northern Emirates,Ras Al Khaimah,Noura Al Shamsi,Mona Farid,Naveed Akram,BR020,Al Majaz,Digital Hub,Volatile,KPI09,Digital Adoption Rate,HIGHER,97.2,97.1,96.2,75,2026-01-31
Northern Emirates,Ras Al Khaimah,Noura Al Shamsi,Mona Farid,Naveed Akram,BR020,Al Majaz,Digital Hub,Volatile,KPI09,Digital Adoption Rate,HIGHER,97.1,96.2,95.6,75,2026-02-28
Northern Emirates,Ras Al Khaimah,Noura Al Shamsi,Mona Farid,Naveed Akram,BR020,Al Majaz,Digital Hub,Volatile,KPI09,Digital Adoption Rate,HIGHER,96.2,95.6,96.3,75,2026-03-31
Northern Emirates,Ras Al Khaimah,Noura Al Shamsi,Mona Farid,Naveed Akram,BR020,Al Majaz,Digital Hub,Volatile,KPI09,Digital Adoption Rate,HIGHER,95.6,96.3,96.3,75,2026-04-30
Northern Emirates,Ras Al Khaimah,Noura Al Shamsi,Mona Farid,Naveed Akram,BR020,Al Majaz,Digital Hub,Volatile,KPI09,Digital Adoption Rate,HIGHER,96.3,96.3,96.3,75,2026-05-31
Northern Emirates,Ras Al Khaimah,Noura Al Shamsi,Mona Farid,Naveed Akram,BR020,Al Majaz,Digital Hub,Volatile,KPI09,Digital Adoption Rate,HIGHER,96.3,96.3,94.8,75,2026-06-30
Northern Emirates,Ras Al Khaimah,Noura Al Shamsi,Mona Farid,Naveed Akram,BR020,Al Majaz,Digital Hub,Volatile,KPI10,Repeat Complaint Rate,LOWER,9.0,8.6,8.4,8,2025-07-31
Northern Emirates,Ras Al Khaimah,Noura Al Shamsi,Mona Farid,Naveed Akram,BR020,Al Majaz,Digital Hub,Volatile,KPI10,Repeat Complaint Rate,LOWER,8.6,8.4,8.9,8,2025-08-31
Northern Emirates,Ras Al Khaimah,Noura Al Shamsi,Mona Farid,Naveed Akram,BR020,Al Majaz,Digital Hub,Volatile,KPI10,Repeat Complaint Rate,LOWER,8.4,8.9,9.6,8,2025-09-30
Northern Emirates,Ras Al Khaimah,Noura Al Shamsi,Mona Farid,Naveed Akram,BR020,Al Majaz,Digital Hub,Volatile,KPI10,Repeat Complaint Rate,LOWER,8.9,9.6,9.3,8,2025-10-31
Northern Emirates,Ras Al Khaimah,Noura Al Shamsi,Mona Farid,Naveed Akram,BR020,Al Majaz,Digital Hub,Volatile,KPI10,Repeat Complaint Rate,LOWER,9.6,9.3,8.8,8,2025-11-30
Northern Emirates,Ras Al Khaimah,Noura Al Shamsi,Mona Farid,Naveed Akram,BR020,Al Majaz,Digital Hub,Volatile,KPI10,Repeat Complaint Rate,LOWER,9.3,8.8,8.1,8,2025-12-31
Northern Emirates,Ras Al Khaimah,Noura Al Shamsi,Mona Farid,Naveed Akram,BR020,Al Majaz,Digital Hub,Volatile,KPI10,Repeat Complaint Rate,LOWER,8.8,8.1,8.8,8,2026-01-31
Northern Emirates,Ras Al Khaimah,Noura Al Shamsi,Mona Farid,Naveed Akram,BR020,Al Majaz,Digital Hub,Volatile,KPI10,Repeat Complaint Rate,LOWER,8.1,8.8,8.8,8,2026-02-28
Northern Emirates,Ras Al Khaimah,Noura Al Shamsi,Mona Farid,Naveed Akram,BR020,Al Majaz,Digital Hub,Volatile,KPI10,Repeat Complaint Rate,LOWER,8.8,8.8,8.1,8,2026-03-31
Northern Emirates,Ras Al Khaimah,Noura Al Shamsi,Mona Farid,Naveed Akram,BR020,Al Majaz,Digital Hub,Volatile,KPI10,Repeat Complaint Rate,LOWER,8.8,8.1,8.0,8,2026-04-30
Northern Emirates,Ras Al Khaimah,Noura Al Shamsi,Mona Farid,Naveed Akram,BR020,Al Majaz,Digital Hub,Volatile,KPI10,Repeat Complaint Rate,LOWER,8.1,8.0,8.5,8,2026-05-31
Northern Emirates,Ras Al Khaimah,Noura Al Shamsi,Mona Farid,Naveed Akram,BR020,Al Majaz,Digital Hub,Volatile,KPI10,Repeat Complaint Rate,LOWER,8.0,8.5,9.1,8,2026-06-30
Dubai,Deira,Mariam Al Mansoori,Khalid Nasser,Salma Tariq,BR021,Al Nahda,Flagship,Improving,KPI01,CSAT,HIGHER,88.8,88.8,89.3,85,2025-07-31
Dubai,Deira,Mariam Al Mansoori,Khalid Nasser,Salma Tariq,BR021,Al Nahda,Flagship,Improving,KPI01,CSAT,HIGHER,88.8,89.3,89.8,85,2025-08-31
Dubai,Deira,Mariam Al Mansoori,Khalid Nasser,Salma Tariq,BR021,Al Nahda,Flagship,Improving,KPI01,CSAT,HIGHER,89.3,89.8,90.4,85,2025-09-30
Dubai,Deira,Mariam Al Mansoori,Khalid Nasser,Salma Tariq,BR021,Al Nahda,Flagship,Improving,KPI01,CSAT,HIGHER,89.8,90.4,90.6,85,2025-10-31
Dubai,Deira,Mariam Al Mansoori,Khalid Nasser,Salma Tariq,BR021,Al Nahda,Flagship,Improving,KPI01,CSAT,HIGHER,90.4,90.6,90.7,85,2025-11-30
Dubai,Deira,Mariam Al Mansoori,Khalid Nasser,Salma Tariq,BR021,Al Nahda,Flagship,Improving,KPI01,CSAT,HIGHER,90.6,90.7,91.9,85,2025-12-31
Dubai,Deira,Mariam Al Mansoori,Khalid Nasser,Salma Tariq,BR021,Al Nahda,Flagship,Improving,KPI01,CSAT,HIGHER,90.7,91.9,92.5,85,2026-01-31
Dubai,Deira,Mariam Al Mansoori,Khalid Nasser,Salma Tariq,BR021,Al Nahda,Flagship,Improving,KPI01,CSAT,HIGHER,91.9,92.5,93.0,85,2026-02-28
Dubai,Deira,Mariam Al Mansoori,Khalid Nasser,Salma Tariq,BR021,Al Nahda,Flagship,Improving,KPI01,CSAT,HIGHER,92.5,93.0,93.0,85,2026-03-31
Dubai,Deira,Mariam Al Mansoori,Khalid Nasser,Salma Tariq,BR021,Al Nahda,Flagship,Improving,KPI01,CSAT,HIGHER,93.0,93.0,93.9,85,2026-04-30
Dubai,Deira,Mariam Al Mansoori,Khalid Nasser,Salma Tariq,BR021,Al Nahda,Flagship,Improving,KPI01,CSAT,HIGHER,93.0,93.9,93.6,85,2026-05-31
Dubai,Deira,Mariam Al Mansoori,Khalid Nasser,Salma Tariq,BR021,Al Nahda,Flagship,Improving,KPI01,CSAT,HIGHER,93.9,93.6,93.8,85,2026-06-30
Dubai,Deira,Mariam Al Mansoori,Khalid Nasser,Salma Tariq,BR021,Al Nahda,Flagship,Improving,KPI02,NPS,HIGHER,21.3,21.7,22.5,40,2025-07-31
Dubai,Deira,Mariam Al Mansoori,Khalid Nasser,Salma Tariq,BR021,Al Nahda,Flagship,Improving,KPI02,NPS,HIGHER,21.7,22.5,23.5,40,2025-08-31
Dubai,Deira,Mariam Al Mansoori,Khalid Nasser,Salma Tariq,BR021,Al Nahda,Flagship,Improving,KPI02,NPS,HIGHER,22.5,23.5,25.0,40,2025-09-30
Dubai,Deira,Mariam Al Mansoori,Khalid Nasser,Salma Tariq,BR021,Al Nahda,Flagship,Improving,KPI02,NPS,HIGHER,23.5,25.0,25.8,40,2025-10-31
Dubai,Deira,Mariam Al Mansoori,Khalid Nasser,Salma Tariq,BR021,Al Nahda,Flagship,Improving,KPI02,NPS,HIGHER,25.0,25.8,27.2,40,2025-11-30
Dubai,Deira,Mariam Al Mansoori,Khalid Nasser,Salma Tariq,BR021,Al Nahda,Flagship,Improving,KPI02,NPS,HIGHER,25.8,27.2,27.9,40,2025-12-31
Dubai,Deira,Mariam Al Mansoori,Khalid Nasser,Salma Tariq,BR021,Al Nahda,Flagship,Improving,KPI02,NPS,HIGHER,27.2,27.9,29.3,40,2026-01-31
Dubai,Deira,Mariam Al Mansoori,Khalid Nasser,Salma Tariq,BR021,Al Nahda,Flagship,Improving,KPI02,NPS,HIGHER,27.9,29.3,30.6,40,2026-02-28
Dubai,Deira,Mariam Al Mansoori,Khalid Nasser,Salma Tariq,BR021,Al Nahda,Flagship,Improving,KPI02,NPS,HIGHER,29.3,30.6,32.1,40,2026-03-31
Dubai,Deira,Mariam Al Mansoori,Khalid Nasser,Salma Tariq,BR021,Al Nahda,Flagship,Improving,KPI02,NPS,HIGHER,30.6,32.1,34.2,40,2026-04-30
Dubai,Deira,Mariam Al Mansoori,Khalid Nasser,Salma Tariq,BR021,Al Nahda,Flagship,Improving,KPI02,NPS,HIGHER,32.1,34.2,35.0,40,2026-05-31
Dubai,Deira,Mariam Al Mansoori,Khalid Nasser,Salma Tariq,BR021,Al Nahda,Flagship,Improving,KPI02,NPS,HIGHER,34.2,35.0,34.7,40,2026-06-30
Dubai,Deira,Mariam Al Mansoori,Khalid Nasser,Salma Tariq,BR021,Al Nahda,Flagship,Improving,KPI03,Complaint Rate,LOWER,1.8,1.77,1.77,2.0,2025-07-31
Dubai,Deira,Mariam Al Mansoori,Khalid Nasser,Salma Tariq,BR021,Al Nahda,Flagship,Improving,KPI03,Complaint Rate,LOWER,1.77,1.77,1.72,2.0,2025-08-31
Dubai,Deira,Mariam Al Mansoori,Khalid Nasser,Salma Tariq,BR021,Al Nahda,Flagship,Improving,KPI03,Complaint Rate,LOWER,1.77,1.72,1.66,2.0,2025-09-30
Dubai,Deira,Mariam Al Mansoori,Khalid Nasser,Salma Tariq,BR021,Al Nahda,Flagship,Improving,KPI03,Complaint Rate,LOWER,1.72,1.66,1.55,2.0,2025-10-31
Dubai,Deira,Mariam Al Mansoori,Khalid Nasser,Salma Tariq,BR021,Al Nahda,Flagship,Improving,KPI03,Complaint Rate,LOWER,1.66,1.55,1.44,2.0,2025-11-30
Dubai,Deira,Mariam Al Mansoori,Khalid Nasser,Salma Tariq,BR021,Al Nahda,Flagship,Improving,KPI03,Complaint Rate,LOWER,1.55,1.44,1.41,2.0,2025-12-31
Dubai,Deira,Mariam Al Mansoori,Khalid Nasser,Salma Tariq,BR021,Al Nahda,Flagship,Improving,KPI03,Complaint Rate,LOWER,1.44,1.41,1.31,2.0,2026-01-31
Dubai,Deira,Mariam Al Mansoori,Khalid Nasser,Salma Tariq,BR021,Al Nahda,Flagship,Improving,KPI03,Complaint Rate,LOWER,1.41,1.31,1.32,2.0,2026-02-28
Dubai,Deira,Mariam Al Mansoori,Khalid Nasser,Salma Tariq,BR021,Al Nahda,Flagship,Improving,KPI03,Complaint Rate,LOWER,1.31,1.32,1.21,2.0,2026-03-31
Dubai,Deira,Mariam Al Mansoori,Khalid Nasser,Salma Tariq,BR021,Al Nahda,Flagship,Improving,KPI03,Complaint Rate,LOWER,1.32,1.21,1.11,2.0,2026-04-30
Dubai,Deira,Mariam Al Mansoori,Khalid Nasser,Salma Tariq,BR021,Al Nahda,Flagship,Improving,KPI03,Complaint Rate,LOWER,1.21,1.11,1.07,2.0,2026-05-31
Dubai,Deira,Mariam Al Mansoori,Khalid Nasser,Salma Tariq,BR021,Al Nahda,Flagship,Improving,KPI03,Complaint Rate,LOWER,1.11,1.07,1.0,2.0,2026-06-30
Dubai,Deira,Mariam Al Mansoori,Khalid Nasser,Salma Tariq,BR021,Al Nahda,Flagship,Improving,KPI04,Complaint Volume,LOWER,87.0,86.0,80.0,100,2025-07-31
Dubai,Deira,Mariam Al Mansoori,Khalid Nasser,Salma Tariq,BR021,Al Nahda,Flagship,Improving,KPI04,Complaint Volume,LOWER,86.0,80.0,79.0,100,2025-08-31
Dubai,Deira,Mariam Al Mansoori,Khalid Nasser,Salma Tariq,BR021,Al Nahda,Flagship,Improving,KPI04,Complaint Volume,LOWER,80.0,79.0,69.0,100,2025-09-30
Dubai,Deira,Mariam Al Mansoori,Khalid Nasser,Salma Tariq,BR021,Al Nahda,Flagship,Improving,KPI04,Complaint Volume,LOWER,79.0,69.0,65.0,100,2025-10-31
Dubai,Deira,Mariam Al Mansoori,Khalid Nasser,Salma Tariq,BR021,Al Nahda,Flagship,Improving,KPI04,Complaint Volume,LOWER,69.0,65.0,64.0,100,2025-11-30
Dubai,Deira,Mariam Al Mansoori,Khalid Nasser,Salma Tariq,BR021,Al Nahda,Flagship,Improving,KPI04,Complaint Volume,LOWER,65.0,64.0,62.0,100,2025-12-31
Dubai,Deira,Mariam Al Mansoori,Khalid Nasser,Salma Tariq,BR021,Al Nahda,Flagship,Improving,KPI04,Complaint Volume,LOWER,64.0,62.0,61.0,100,2026-01-31
Dubai,Deira,Mariam Al Mansoori,Khalid Nasser,Salma Tariq,BR021,Al Nahda,Flagship,Improving,KPI04,Complaint Volume,LOWER,62.0,61.0,63.0,100,2026-02-28
Dubai,Deira,Mariam Al Mansoori,Khalid Nasser,Salma Tariq,BR021,Al Nahda,Flagship,Improving,KPI04,Complaint Volume,LOWER,61.0,63.0,56.0,100,2026-03-31
Dubai,Deira,Mariam Al Mansoori,Khalid Nasser,Salma Tariq,BR021,Al Nahda,Flagship,Improving,KPI04,Complaint Volume,LOWER,63.0,56.0,55.0,100,2026-04-30
Dubai,Deira,Mariam Al Mansoori,Khalid Nasser,Salma Tariq,BR021,Al Nahda,Flagship,Improving,KPI04,Complaint Volume,LOWER,56.0,55.0,50.0,100,2026-05-31
Dubai,Deira,Mariam Al Mansoori,Khalid Nasser,Salma Tariq,BR021,Al Nahda,Flagship,Improving,KPI04,Complaint Volume,LOWER,55.0,50.0,49.0,100,2026-06-30
Dubai,Deira,Mariam Al Mansoori,Khalid Nasser,Salma Tariq,BR021,Al Nahda,Flagship,Improving,KPI05,Resolution Time,LOWER,2.68,2.61,2.52,3.0,2025-07-31
Dubai,Deira,Mariam Al Mansoori,Khalid Nasser,Salma Tariq,BR021,Al Nahda,Flagship,Improving,KPI05,Resolution Time,LOWER,2.61,2.52,2.31,3.0,2025-08-31
Dubai,Deira,Mariam Al Mansoori,Khalid Nasser,Salma Tariq,BR021,Al Nahda,Flagship,Improving,KPI05,Resolution Time,LOWER,2.52,2.31,2.28,3.0,2025-09-30
Dubai,Deira,Mariam Al Mansoori,Khalid Nasser,Salma Tariq,BR021,Al Nahda,Flagship,Improving,KPI05,Resolution Time,LOWER,2.31,2.28,2.22,3.0,2025-10-31
Dubai,Deira,Mariam Al Mansoori,Khalid Nasser,Salma Tariq,BR021,Al Nahda,Flagship,Improving,KPI05,Resolution Time,LOWER,2.28,2.22,1.93,3.0,2025-11-30
Dubai,Deira,Mariam Al Mansoori,Khalid Nasser,Salma Tariq,BR021,Al Nahda,Flagship,Improving,KPI05,Resolution Time,LOWER,2.22,1.93,1.78,3.0,2025-12-31
Dubai,Deira,Mariam Al Mansoori,Khalid Nasser,Salma Tariq,BR021,Al Nahda,Flagship,Improving,KPI05,Resolution Time,LOWER,1.93,1.78,1.61,3.0,2026-01-31
Dubai,Deira,Mariam Al Mansoori,Khalid Nasser,Salma Tariq,BR021,Al Nahda,Flagship,Improving,KPI05,Resolution Time,LOWER,1.78,1.61,1.46,3.0,2026-02-28
Dubai,Deira,Mariam Al Mansoori,Khalid Nasser,Salma Tariq,BR021,Al Nahda,Flagship,Improving,KPI05,Resolution Time,LOWER,1.61,1.46,1.44,3.0,2026-03-31
Dubai,Deira,Mariam Al Mansoori,Khalid Nasser,Salma Tariq,BR021,Al Nahda,Flagship,Improving,KPI05,Resolution Time,LOWER,1.46,1.44,1.23,3.0,2026-04-30
Dubai,Deira,Mariam Al Mansoori,Khalid Nasser,Salma Tariq,BR021,Al Nahda,Flagship,Improving,KPI05,Resolution Time,LOWER,1.44,1.23,1.05,3.0,2026-05-31
Dubai,Deira,Mariam Al Mansoori,Khalid Nasser,Salma Tariq,BR021,Al Nahda,Flagship,Improving,KPI05,Resolution Time,LOWER,1.23,1.05,1.0,3.0,2026-06-30
Dubai,Deira,Mariam Al Mansoori,Khalid Nasser,Salma Tariq,BR021,Al Nahda,Flagship,Improving,KPI06,SLA Compliance,HIGHER,95.3,95.9,96.2,95,2025-07-31
Dubai,Deira,Mariam Al Mansoori,Khalid Nasser,Salma Tariq,BR021,Al Nahda,Flagship,Improving,KPI06,SLA Compliance,HIGHER,95.9,96.2,96.7,95,2025-08-31
Dubai,Deira,Mariam Al Mansoori,Khalid Nasser,Salma Tariq,BR021,Al Nahda,Flagship,Improving,KPI06,SLA Compliance,HIGHER,96.2,96.7,97.6,95,2025-09-30
Dubai,Deira,Mariam Al Mansoori,Khalid Nasser,Salma Tariq,BR021,Al Nahda,Flagship,Improving,KPI06,SLA Compliance,HIGHER,96.7,97.6,97.7,95,2025-10-31
Dubai,Deira,Mariam Al Mansoori,Khalid Nasser,Salma Tariq,BR021,Al Nahda,Flagship,Improving,KPI06,SLA Compliance,HIGHER,97.6,97.7,97.4,95,2025-11-30
Dubai,Deira,Mariam Al Mansoori,Khalid Nasser,Salma Tariq,BR021,Al Nahda,Flagship,Improving,KPI06,SLA Compliance,HIGHER,97.7,97.4,97.8,95,2025-12-31
Dubai,Deira,Mariam Al Mansoori,Khalid Nasser,Salma Tariq,BR021,Al Nahda,Flagship,Improving,KPI06,SLA Compliance,HIGHER,97.4,97.8,98.4,95,2026-01-31
Dubai,Deira,Mariam Al Mansoori,Khalid Nasser,Salma Tariq,BR021,Al Nahda,Flagship,Improving,KPI06,SLA Compliance,HIGHER,97.8,98.4,98.4,95,2026-02-28
Dubai,Deira,Mariam Al Mansoori,Khalid Nasser,Salma Tariq,BR021,Al Nahda,Flagship,Improving,KPI06,SLA Compliance,HIGHER,98.4,98.4,98.7,95,2026-03-31
Dubai,Deira,Mariam Al Mansoori,Khalid Nasser,Salma Tariq,BR021,Al Nahda,Flagship,Improving,KPI06,SLA Compliance,HIGHER,98.4,98.7,99.0,95,2026-04-30
Dubai,Deira,Mariam Al Mansoori,Khalid Nasser,Salma Tariq,BR021,Al Nahda,Flagship,Improving,KPI06,SLA Compliance,HIGHER,98.7,99.0,99.5,95,2026-05-31
Dubai,Deira,Mariam Al Mansoori,Khalid Nasser,Salma Tariq,BR021,Al Nahda,Flagship,Improving,KPI06,SLA Compliance,HIGHER,99.0,99.5,99.7,95,2026-06-30
Dubai,Deira,Mariam Al Mansoori,Khalid Nasser,Salma Tariq,BR021,Al Nahda,Flagship,Improving,KPI07,First Contact Resolution,HIGHER,92.2,92.6,93.5,85,2025-07-31
Dubai,Deira,Mariam Al Mansoori,Khalid Nasser,Salma Tariq,BR021,Al Nahda,Flagship,Improving,KPI07,First Contact Resolution,HIGHER,92.6,93.5,94.3,85,2025-08-31
Dubai,Deira,Mariam Al Mansoori,Khalid Nasser,Salma Tariq,BR021,Al Nahda,Flagship,Improving,KPI07,First Contact Resolution,HIGHER,93.5,94.3,95.3,85,2025-09-30
Dubai,Deira,Mariam Al Mansoori,Khalid Nasser,Salma Tariq,BR021,Al Nahda,Flagship,Improving,KPI07,First Contact Resolution,HIGHER,94.3,95.3,95.8,85,2025-10-31
Dubai,Deira,Mariam Al Mansoori,Khalid Nasser,Salma Tariq,BR021,Al Nahda,Flagship,Improving,KPI07,First Contact Resolution,HIGHER,95.3,95.8,96.9,85,2025-11-30
Dubai,Deira,Mariam Al Mansoori,Khalid Nasser,Salma Tariq,BR021,Al Nahda,Flagship,Improving,KPI07,First Contact Resolution,HIGHER,95.8,96.9,97.4,85,2025-12-31
Dubai,Deira,Mariam Al Mansoori,Khalid Nasser,Salma Tariq,BR021,Al Nahda,Flagship,Improving,KPI07,First Contact Resolution,HIGHER,96.9,97.4,98,85,2026-01-31
Dubai,Deira,Mariam Al Mansoori,Khalid Nasser,Salma Tariq,BR021,Al Nahda,Flagship,Improving,KPI07,First Contact Resolution,HIGHER,97.4,98,98,85,2026-02-28
Dubai,Deira,Mariam Al Mansoori,Khalid Nasser,Salma Tariq,BR021,Al Nahda,Flagship,Improving,KPI07,First Contact Resolution,HIGHER,98,98,98,85,2026-03-31
Dubai,Deira,Mariam Al Mansoori,Khalid Nasser,Salma Tariq,BR021,Al Nahda,Flagship,Improving,KPI07,First Contact Resolution,HIGHER,98,98,98,85,2026-04-30
Dubai,Deira,Mariam Al Mansoori,Khalid Nasser,Salma Tariq,BR021,Al Nahda,Flagship,Improving,KPI07,First Contact Resolution,HIGHER,98,98,98,85,2026-05-31
Dubai,Deira,Mariam Al Mansoori,Khalid Nasser,Salma Tariq,BR021,Al Nahda,Flagship,Improving,KPI07,First Contact Resolution,HIGHER,98,98,98,85,2026-06-30
Dubai,Deira,Mariam Al Mansoori,Khalid Nasser,Salma Tariq,BR021,Al Nahda,Flagship,Improving,KPI08,Customer Effort Score,LOWER,3.04,3.02,2.86,3.0,2025-07-31
Dubai,Deira,Mariam Al Mansoori,Khalid Nasser,Salma Tariq,BR021,Al Nahda,Flagship,Improving,KPI08,Customer Effort Score,LOWER,3.02,2.86,2.83,3.0,2025-08-31
Dubai,Deira,Mariam Al Mansoori,Khalid Nasser,Salma Tariq,BR021,Al Nahda,Flagship,Improving,KPI08,Customer Effort Score,LOWER,2.86,2.83,2.78,3.0,2025-09-30
Dubai,Deira,Mariam Al Mansoori,Khalid Nasser,Salma Tariq,BR021,Al Nahda,Flagship,Improving,KPI08,Customer Effort Score,LOWER,2.83,2.78,2.66,3.0,2025-10-31
Dubai,Deira,Mariam Al Mansoori,Khalid Nasser,Salma Tariq,BR021,Al Nahda,Flagship,Improving,KPI08,Customer Effort Score,LOWER,2.78,2.66,2.55,3.0,2025-11-30
Dubai,Deira,Mariam Al Mansoori,Khalid Nasser,Salma Tariq,BR021,Al Nahda,Flagship,Improving,KPI08,Customer Effort Score,LOWER,2.66,2.55,2.48,3.0,2025-12-31
Dubai,Deira,Mariam Al Mansoori,Khalid Nasser,Salma Tariq,BR021,Al Nahda,Flagship,Improving,KPI08,Customer Effort Score,LOWER,2.55,2.48,2.4,3.0,2026-01-31
Dubai,Deira,Mariam Al Mansoori,Khalid Nasser,Salma Tariq,BR021,Al Nahda,Flagship,Improving,KPI08,Customer Effort Score,LOWER,2.48,2.4,2.35,3.0,2026-02-28
Dubai,Deira,Mariam Al Mansoori,Khalid Nasser,Salma Tariq,BR021,Al Nahda,Flagship,Improving,KPI08,Customer Effort Score,LOWER,2.4,2.35,2.22,3.0,2026-03-31
Dubai,Deira,Mariam Al Mansoori,Khalid Nasser,Salma Tariq,BR021,Al Nahda,Flagship,Improving,KPI08,Customer Effort Score,LOWER,2.35,2.22,2.12,3.0,2026-04-30
Dubai,Deira,Mariam Al Mansoori,Khalid Nasser,Salma Tariq,BR021,Al Nahda,Flagship,Improving,KPI08,Customer Effort Score,LOWER,2.22,2.12,2.16,3.0,2026-05-31
Dubai,Deira,Mariam Al Mansoori,Khalid Nasser,Salma Tariq,BR021,Al Nahda,Flagship,Improving,KPI08,Customer Effort Score,LOWER,2.12,2.16,2.06,3.0,2026-06-30
Dubai,Deira,Mariam Al Mansoori,Khalid Nasser,Salma Tariq,BR021,Al Nahda,Flagship,Improving,KPI09,Digital Adoption Rate,HIGHER,75.2,76.2,76.4,75,2025-07-31
Dubai,Deira,Mariam Al Mansoori,Khalid Nasser,Salma Tariq,BR021,Al Nahda,Flagship,Improving,KPI09,Digital Adoption Rate,HIGHER,76.2,76.4,77.0,75,2025-08-31
Dubai,Deira,Mariam Al Mansoori,Khalid Nasser,Salma Tariq,BR021,Al Nahda,Flagship,Improving,KPI09,Digital Adoption Rate,HIGHER,76.4,77.0,77.3,75,2025-09-30
Dubai,Deira,Mariam Al Mansoori,Khalid Nasser,Salma Tariq,BR021,Al Nahda,Flagship,Improving,KPI09,Digital Adoption Rate,HIGHER,77.0,77.3,78.3,75,2025-10-31
Dubai,Deira,Mariam Al Mansoori,Khalid Nasser,Salma Tariq,BR021,Al Nahda,Flagship,Improving,KPI09,Digital Adoption Rate,HIGHER,77.3,78.3,78.2,75,2025-11-30
Dubai,Deira,Mariam Al Mansoori,Khalid Nasser,Salma Tariq,BR021,Al Nahda,Flagship,Improving,KPI09,Digital Adoption Rate,HIGHER,78.3,78.2,79.0,75,2025-12-31
Dubai,Deira,Mariam Al Mansoori,Khalid Nasser,Salma Tariq,BR021,Al Nahda,Flagship,Improving,KPI09,Digital Adoption Rate,HIGHER,78.2,79.0,80.2,75,2026-01-31
Dubai,Deira,Mariam Al Mansoori,Khalid Nasser,Salma Tariq,BR021,Al Nahda,Flagship,Improving,KPI09,Digital Adoption Rate,HIGHER,79.0,80.2,81.1,75,2026-02-28
Dubai,Deira,Mariam Al Mansoori,Khalid Nasser,Salma Tariq,BR021,Al Nahda,Flagship,Improving,KPI09,Digital Adoption Rate,HIGHER,80.2,81.1,82.3,75,2026-03-31
Dubai,Deira,Mariam Al Mansoori,Khalid Nasser,Salma Tariq,BR021,Al Nahda,Flagship,Improving,KPI09,Digital Adoption Rate,HIGHER,81.1,82.3,83.7,75,2026-04-30
Dubai,Deira,Mariam Al Mansoori,Khalid Nasser,Salma Tariq,BR021,Al Nahda,Flagship,Improving,KPI09,Digital Adoption Rate,HIGHER,82.3,83.7,84.3,75,2026-05-31
Dubai,Deira,Mariam Al Mansoori,Khalid Nasser,Salma Tariq,BR021,Al Nahda,Flagship,Improving,KPI09,Digital Adoption Rate,HIGHER,83.7,84.3,84.9,75,2026-06-30
Dubai,Deira,Mariam Al Mansoori,Khalid Nasser,Salma Tariq,BR021,Al Nahda,Flagship,Improving,KPI10,Repeat Complaint Rate,LOWER,17.1,16.9,16.5,8,2025-07-31
Dubai,Deira,Mariam Al Mansoori,Khalid Nasser,Salma Tariq,BR021,Al Nahda,Flagship,Improving,KPI10,Repeat Complaint Rate,LOWER,16.9,16.5,15.6,8,2025-08-31
Dubai,Deira,Mariam Al Mansoori,Khalid Nasser,Salma Tariq,BR021,Al Nahda,Flagship,Improving,KPI10,Repeat Complaint Rate,LOWER,16.5,15.6,15.3,8,2025-09-30
Dubai,Deira,Mariam Al Mansoori,Khalid Nasser,Salma Tariq,BR021,Al Nahda,Flagship,Improving,KPI10,Repeat Complaint Rate,LOWER,15.6,15.3,14.9,8,2025-10-31
Dubai,Deira,Mariam Al Mansoori,Khalid Nasser,Salma Tariq,BR021,Al Nahda,Flagship,Improving,KPI10,Repeat Complaint Rate,LOWER,15.3,14.9,14.7,8,2025-11-30
Dubai,Deira,Mariam Al Mansoori,Khalid Nasser,Salma Tariq,BR021,Al Nahda,Flagship,Improving,KPI10,Repeat Complaint Rate,LOWER,14.9,14.7,14.1,8,2025-12-31
Dubai,Deira,Mariam Al Mansoori,Khalid Nasser,Salma Tariq,BR021,Al Nahda,Flagship,Improving,KPI10,Repeat Complaint Rate,LOWER,14.7,14.1,13.7,8,2026-01-31
Dubai,Deira,Mariam Al Mansoori,Khalid Nasser,Salma Tariq,BR021,Al Nahda,Flagship,Improving,KPI10,Repeat Complaint Rate,LOWER,14.1,13.7,13.7,8,2026-02-28
Dubai,Deira,Mariam Al Mansoori,Khalid Nasser,Salma Tariq,BR021,Al Nahda,Flagship,Improving,KPI10,Repeat Complaint Rate,LOWER,13.7,13.7,13.3,8,2026-03-31
Dubai,Deira,Mariam Al Mansoori,Khalid Nasser,Salma Tariq,BR021,Al Nahda,Flagship,Improving,KPI10,Repeat Complaint Rate,LOWER,13.7,13.3,12.8,8,2026-04-30
Dubai,Deira,Mariam Al Mansoori,Khalid Nasser,Salma Tariq,BR021,Al Nahda,Flagship,Improving,KPI10,Repeat Complaint Rate,LOWER,13.3,12.8,12.6,8,2026-05-31
Dubai,Deira,Mariam Al Mansoori,Khalid Nasser,Salma Tariq,BR021,Al Nahda,Flagship,Improving,KPI10,Repeat Complaint Rate,LOWER,12.8,12.6,12.2,8,2026-06-30
Abu Dhabi,Abu Dhabi City,Saeed Al Mazrouei,Noor Al Suwaidi,Yusuf Rahman,BR022,Muwaileh,Premium,Declining,KPI01,CSAT,HIGHER,88.5,88.3,87.8,85,2025-07-31
Abu Dhabi,Abu Dhabi City,Saeed Al Mazrouei,Noor Al Suwaidi,Yusuf Rahman,BR022,Muwaileh,Premium,Declining,KPI01,CSAT,HIGHER,88.3,87.8,87.7,85,2025-08-31
Abu Dhabi,Abu Dhabi City,Saeed Al Mazrouei,Noor Al Suwaidi,Yusuf Rahman,BR022,Muwaileh,Premium,Declining,KPI01,CSAT,HIGHER,87.8,87.7,87.2,85,2025-09-30
Abu Dhabi,Abu Dhabi City,Saeed Al Mazrouei,Noor Al Suwaidi,Yusuf Rahman,BR022,Muwaileh,Premium,Declining,KPI01,CSAT,HIGHER,87.7,87.2,86.6,85,2025-10-31
Abu Dhabi,Abu Dhabi City,Saeed Al Mazrouei,Noor Al Suwaidi,Yusuf Rahman,BR022,Muwaileh,Premium,Declining,KPI01,CSAT,HIGHER,87.2,86.6,86.3,85,2025-11-30
Abu Dhabi,Abu Dhabi City,Saeed Al Mazrouei,Noor Al Suwaidi,Yusuf Rahman,BR022,Muwaileh,Premium,Declining,KPI01,CSAT,HIGHER,86.6,86.3,86.5,85,2025-12-31
Abu Dhabi,Abu Dhabi City,Saeed Al Mazrouei,Noor Al Suwaidi,Yusuf Rahman,BR022,Muwaileh,Premium,Declining,KPI01,CSAT,HIGHER,86.3,86.5,86.0,85,2026-01-31
Abu Dhabi,Abu Dhabi City,Saeed Al Mazrouei,Noor Al Suwaidi,Yusuf Rahman,BR022,Muwaileh,Premium,Declining,KPI01,CSAT,HIGHER,86.5,86.0,85.0,85,2026-02-28
Abu Dhabi,Abu Dhabi City,Saeed Al Mazrouei,Noor Al Suwaidi,Yusuf Rahman,BR022,Muwaileh,Premium,Declining,KPI01,CSAT,HIGHER,86.0,85.0,85.0,85,2026-03-31
Abu Dhabi,Abu Dhabi City,Saeed Al Mazrouei,Noor Al Suwaidi,Yusuf Rahman,BR022,Muwaileh,Premium,Declining,KPI01,CSAT,HIGHER,85.0,85.0,84.1,85,2026-04-30
Abu Dhabi,Abu Dhabi City,Saeed Al Mazrouei,Noor Al Suwaidi,Yusuf Rahman,BR022,Muwaileh,Premium,Declining,KPI01,CSAT,HIGHER,85.0,84.1,83.5,85,2026-05-31
Abu Dhabi,Abu Dhabi City,Saeed Al Mazrouei,Noor Al Suwaidi,Yusuf Rahman,BR022,Muwaileh,Premium,Declining,KPI01,CSAT,HIGHER,84.1,83.5,83.0,85,2026-06-30
Abu Dhabi,Abu Dhabi City,Saeed Al Mazrouei,Noor Al Suwaidi,Yusuf Rahman,BR022,Muwaileh,Premium,Declining,KPI02,NPS,HIGHER,26.0,25.0,25.0,40,2025-07-31
Abu Dhabi,Abu Dhabi City,Saeed Al Mazrouei,Noor Al Suwaidi,Yusuf Rahman,BR022,Muwaileh,Premium,Declining,KPI02,NPS,HIGHER,25.0,25.0,22.6,40,2025-08-31
Abu Dhabi,Abu Dhabi City,Saeed Al Mazrouei,Noor Al Suwaidi,Yusuf Rahman,BR022,Muwaileh,Premium,Declining,KPI02,NPS,HIGHER,25.0,22.6,22.2,40,2025-09-30
Abu Dhabi,Abu Dhabi City,Saeed Al Mazrouei,Noor Al Suwaidi,Yusuf Rahman,BR022,Muwaileh,Premium,Declining,KPI02,NPS,HIGHER,22.6,22.2,21.3,40,2025-10-31
Abu Dhabi,Abu Dhabi City,Saeed Al Mazrouei,Noor Al Suwaidi,Yusuf Rahman,BR022,Muwaileh,Premium,Declining,KPI02,NPS,HIGHER,22.2,21.3,21.0,40,2025-11-30
Abu Dhabi,Abu Dhabi City,Saeed Al Mazrouei,Noor Al Suwaidi,Yusuf Rahman,BR022,Muwaileh,Premium,Declining,KPI02,NPS,HIGHER,21.3,21.0,18.7,40,2025-12-31
Abu Dhabi,Abu Dhabi City,Saeed Al Mazrouei,Noor Al Suwaidi,Yusuf Rahman,BR022,Muwaileh,Premium,Declining,KPI02,NPS,HIGHER,21.0,18.7,17.7,40,2026-01-31
Abu Dhabi,Abu Dhabi City,Saeed Al Mazrouei,Noor Al Suwaidi,Yusuf Rahman,BR022,Muwaileh,Premium,Declining,KPI02,NPS,HIGHER,18.7,17.7,17.6,40,2026-02-28
Abu Dhabi,Abu Dhabi City,Saeed Al Mazrouei,Noor Al Suwaidi,Yusuf Rahman,BR022,Muwaileh,Premium,Declining,KPI02,NPS,HIGHER,17.7,17.6,17.7,40,2026-03-31
Abu Dhabi,Abu Dhabi City,Saeed Al Mazrouei,Noor Al Suwaidi,Yusuf Rahman,BR022,Muwaileh,Premium,Declining,KPI02,NPS,HIGHER,17.6,17.7,16.1,40,2026-04-30
Abu Dhabi,Abu Dhabi City,Saeed Al Mazrouei,Noor Al Suwaidi,Yusuf Rahman,BR022,Muwaileh,Premium,Declining,KPI02,NPS,HIGHER,17.7,16.1,14.8,40,2026-05-31
Abu Dhabi,Abu Dhabi City,Saeed Al Mazrouei,Noor Al Suwaidi,Yusuf Rahman,BR022,Muwaileh,Premium,Declining,KPI02,NPS,HIGHER,16.1,14.8,15.3,40,2026-06-30
Abu Dhabi,Abu Dhabi City,Saeed Al Mazrouei,Noor Al Suwaidi,Yusuf Rahman,BR022,Muwaileh,Premium,Declining,KPI03,Complaint Rate,LOWER,2.92,2.97,3.11,2.0,2025-07-31
Abu Dhabi,Abu Dhabi City,Saeed Al Mazrouei,Noor Al Suwaidi,Yusuf Rahman,BR022,Muwaileh,Premium,Declining,KPI03,Complaint Rate,LOWER,2.97,3.11,3.2,2.0,2025-08-31
Abu Dhabi,Abu Dhabi City,Saeed Al Mazrouei,Noor Al Suwaidi,Yusuf Rahman,BR022,Muwaileh,Premium,Declining,KPI03,Complaint Rate,LOWER,3.11,3.2,3.24,2.0,2025-09-30
Abu Dhabi,Abu Dhabi City,Saeed Al Mazrouei,Noor Al Suwaidi,Yusuf Rahman,BR022,Muwaileh,Premium,Declining,KPI03,Complaint Rate,LOWER,3.2,3.24,3.29,2.0,2025-10-31
Abu Dhabi,Abu Dhabi City,Saeed Al Mazrouei,Noor Al Suwaidi,Yusuf Rahman,BR022,Muwaileh,Premium,Declining,KPI03,Complaint Rate,LOWER,3.24,3.29,3.43,2.0,2025-11-30
Abu Dhabi,Abu Dhabi City,Saeed Al Mazrouei,Noor Al Suwaidi,Yusuf Rahman,BR022,Muwaileh,Premium,Declining,KPI03,Complaint Rate,LOWER,3.29,3.43,3.44,2.0,2025-12-31
Abu Dhabi,Abu Dhabi City,Saeed Al Mazrouei,Noor Al Suwaidi,Yusuf Rahman,BR022,Muwaileh,Premium,Declining,KPI03,Complaint Rate,LOWER,3.43,3.44,3.5,2.0,2026-01-31
Abu Dhabi,Abu Dhabi City,Saeed Al Mazrouei,Noor Al Suwaidi,Yusuf Rahman,BR022,Muwaileh,Premium,Declining,KPI03,Complaint Rate,LOWER,3.44,3.5,3.6,2.0,2026-02-28
Abu Dhabi,Abu Dhabi City,Saeed Al Mazrouei,Noor Al Suwaidi,Yusuf Rahman,BR022,Muwaileh,Premium,Declining,KPI03,Complaint Rate,LOWER,3.5,3.6,3.76,2.0,2026-03-31
Abu Dhabi,Abu Dhabi City,Saeed Al Mazrouei,Noor Al Suwaidi,Yusuf Rahman,BR022,Muwaileh,Premium,Declining,KPI03,Complaint Rate,LOWER,3.6,3.76,3.77,2.0,2026-04-30
Abu Dhabi,Abu Dhabi City,Saeed Al Mazrouei,Noor Al Suwaidi,Yusuf Rahman,BR022,Muwaileh,Premium,Declining,KPI03,Complaint Rate,LOWER,3.76,3.77,3.83,2.0,2026-05-31
Abu Dhabi,Abu Dhabi City,Saeed Al Mazrouei,Noor Al Suwaidi,Yusuf Rahman,BR022,Muwaileh,Premium,Declining,KPI03,Complaint Rate,LOWER,3.77,3.83,3.86,2.0,2026-06-30
Abu Dhabi,Abu Dhabi City,Saeed Al Mazrouei,Noor Al Suwaidi,Yusuf Rahman,BR022,Muwaileh,Premium,Declining,KPI04,Complaint Volume,LOWER,119.0,128.0,139.0,100,2025-07-31
Abu Dhabi,Abu Dhabi City,Saeed Al Mazrouei,Noor Al Suwaidi,Yusuf Rahman,BR022,Muwaileh,Premium,Declining,KPI04,Complaint Volume,LOWER,128.0,139.0,142.0,100,2025-08-31
Abu Dhabi,Abu Dhabi City,Saeed Al Mazrouei,Noor Al Suwaidi,Yusuf Rahman,BR022,Muwaileh,Premium,Declining,KPI04,Complaint Volume,LOWER,139.0,142.0,143.0,100,2025-09-30
Abu Dhabi,Abu Dhabi City,Saeed Al Mazrouei,Noor Al Suwaidi,Yusuf Rahman,BR022,Muwaileh,Premium,Declining,KPI04,Complaint Volume,LOWER,142.0,143.0,143.0,100,2025-10-31
Abu Dhabi,Abu Dhabi City,Saeed Al Mazrouei,Noor Al Suwaidi,Yusuf Rahman,BR022,Muwaileh,Premium,Declining,KPI04,Complaint Volume,LOWER,143.0,143.0,147.0,100,2025-11-30
Abu Dhabi,Abu Dhabi City,Saeed Al Mazrouei,Noor Al Suwaidi,Yusuf Rahman,BR022,Muwaileh,Premium,Declining,KPI04,Complaint Volume,LOWER,143.0,147.0,155.0,100,2025-12-31
Abu Dhabi,Abu Dhabi City,Saeed Al Mazrouei,Noor Al Suwaidi,Yusuf Rahman,BR022,Muwaileh,Premium,Declining,KPI04,Complaint Volume,LOWER,147.0,155.0,166.0,100,2026-01-31
Abu Dhabi,Abu Dhabi City,Saeed Al Mazrouei,Noor Al Suwaidi,Yusuf Rahman,BR022,Muwaileh,Premium,Declining,KPI04,Complaint Volume,LOWER,155.0,166.0,171.0,100,2026-02-28
Abu Dhabi,Abu Dhabi City,Saeed Al Mazrouei,Noor Al Suwaidi,Yusuf Rahman,BR022,Muwaileh,Premium,Declining,KPI04,Complaint Volume,LOWER,166.0,171.0,175.0,100,2026-03-31
Abu Dhabi,Abu Dhabi City,Saeed Al Mazrouei,Noor Al Suwaidi,Yusuf Rahman,BR022,Muwaileh,Premium,Declining,KPI04,Complaint Volume,LOWER,171.0,175.0,179.0,100,2026-04-30
Abu Dhabi,Abu Dhabi City,Saeed Al Mazrouei,Noor Al Suwaidi,Yusuf Rahman,BR022,Muwaileh,Premium,Declining,KPI04,Complaint Volume,LOWER,175.0,179.0,188.0,100,2026-05-31
Abu Dhabi,Abu Dhabi City,Saeed Al Mazrouei,Noor Al Suwaidi,Yusuf Rahman,BR022,Muwaileh,Premium,Declining,KPI04,Complaint Volume,LOWER,179.0,188.0,190.0,100,2026-06-30
Abu Dhabi,Abu Dhabi City,Saeed Al Mazrouei,Noor Al Suwaidi,Yusuf Rahman,BR022,Muwaileh,Premium,Declining,KPI05,Resolution Time,LOWER,4.86,4.96,5.07,3.0,2025-07-31
Abu Dhabi,Abu Dhabi City,Saeed Al Mazrouei,Noor Al Suwaidi,Yusuf Rahman,BR022,Muwaileh,Premium,Declining,KPI05,Resolution Time,LOWER,4.96,5.07,5.11,3.0,2025-08-31
Abu Dhabi,Abu Dhabi City,Saeed Al Mazrouei,Noor Al Suwaidi,Yusuf Rahman,BR022,Muwaileh,Premium,Declining,KPI05,Resolution Time,LOWER,5.07,5.11,5.31,3.0,2025-09-30
Abu Dhabi,Abu Dhabi City,Saeed Al Mazrouei,Noor Al Suwaidi,Yusuf Rahman,BR022,Muwaileh,Premium,Declining,KPI05,Resolution Time,LOWER,5.11,5.31,5.38,3.0,2025-10-31
Abu Dhabi,Abu Dhabi City,Saeed Al Mazrouei,Noor Al Suwaidi,Yusuf Rahman,BR022,Muwaileh,Premium,Declining,KPI05,Resolution Time,LOWER,5.31,5.38,5.41,3.0,2025-11-30
Abu Dhabi,Abu Dhabi City,Saeed Al Mazrouei,Noor Al Suwaidi,Yusuf Rahman,BR022,Muwaileh,Premium,Declining,KPI05,Resolution Time,LOWER,5.38,5.41,5.54,3.0,2025-12-31
Abu Dhabi,Abu Dhabi City,Saeed Al Mazrouei,Noor Al Suwaidi,Yusuf Rahman,BR022,Muwaileh,Premium,Declining,KPI05,Resolution Time,LOWER,5.41,5.54,5.6,3.0,2026-01-31
Abu Dhabi,Abu Dhabi City,Saeed Al Mazrouei,Noor Al Suwaidi,Yusuf Rahman,BR022,Muwaileh,Premium,Declining,KPI05,Resolution Time,LOWER,5.54,5.6,5.74,3.0,2026-02-28
Abu Dhabi,Abu Dhabi City,Saeed Al Mazrouei,Noor Al Suwaidi,Yusuf Rahman,BR022,Muwaileh,Premium,Declining,KPI05,Resolution Time,LOWER,5.6,5.74,5.73,3.0,2026-03-31
Abu Dhabi,Abu Dhabi City,Saeed Al Mazrouei,Noor Al Suwaidi,Yusuf Rahman,BR022,Muwaileh,Premium,Declining,KPI05,Resolution Time,LOWER,5.74,5.73,5.85,3.0,2026-04-30
Abu Dhabi,Abu Dhabi City,Saeed Al Mazrouei,Noor Al Suwaidi,Yusuf Rahman,BR022,Muwaileh,Premium,Declining,KPI05,Resolution Time,LOWER,5.73,5.85,5.97,3.0,2026-05-31
Abu Dhabi,Abu Dhabi City,Saeed Al Mazrouei,Noor Al Suwaidi,Yusuf Rahman,BR022,Muwaileh,Premium,Declining,KPI05,Resolution Time,LOWER,5.85,5.97,6.0,3.0,2026-06-30
Abu Dhabi,Abu Dhabi City,Saeed Al Mazrouei,Noor Al Suwaidi,Yusuf Rahman,BR022,Muwaileh,Premium,Declining,KPI06,SLA Compliance,HIGHER,79.0,78.5,78.2,95,2025-07-31
Abu Dhabi,Abu Dhabi City,Saeed Al Mazrouei,Noor Al Suwaidi,Yusuf Rahman,BR022,Muwaileh,Premium,Declining,KPI06,SLA Compliance,HIGHER,78.5,78.2,77.5,95,2025-08-31
Abu Dhabi,Abu Dhabi City,Saeed Al Mazrouei,Noor Al Suwaidi,Yusuf Rahman,BR022,Muwaileh,Premium,Declining,KPI06,SLA Compliance,HIGHER,78.2,77.5,76.7,95,2025-09-30
Abu Dhabi,Abu Dhabi City,Saeed Al Mazrouei,Noor Al Suwaidi,Yusuf Rahman,BR022,Muwaileh,Premium,Declining,KPI06,SLA Compliance,HIGHER,77.5,76.7,75.9,95,2025-10-31
Abu Dhabi,Abu Dhabi City,Saeed Al Mazrouei,Noor Al Suwaidi,Yusuf Rahman,BR022,Muwaileh,Premium,Declining,KPI06,SLA Compliance,HIGHER,76.7,75.9,75.4,95,2025-11-30
Abu Dhabi,Abu Dhabi City,Saeed Al Mazrouei,Noor Al Suwaidi,Yusuf Rahman,BR022,Muwaileh,Premium,Declining,KPI06,SLA Compliance,HIGHER,75.9,75.4,75.1,95,2025-12-31
Abu Dhabi,Abu Dhabi City,Saeed Al Mazrouei,Noor Al Suwaidi,Yusuf Rahman,BR022,Muwaileh,Premium,Declining,KPI06,SLA Compliance,HIGHER,75.4,75.1,75.6,95,2026-01-31
Abu Dhabi,Abu Dhabi City,Saeed Al Mazrouei,Noor Al Suwaidi,Yusuf Rahman,BR022,Muwaileh,Premium,Declining,KPI06,SLA Compliance,HIGHER,75.1,75.6,75.6,95,2026-02-28
Abu Dhabi,Abu Dhabi City,Saeed Al Mazrouei,Noor Al Suwaidi,Yusuf Rahman,BR022,Muwaileh,Premium,Declining,KPI06,SLA Compliance,HIGHER,75.6,75.6,74.7,95,2026-03-31
Abu Dhabi,Abu Dhabi City,Saeed Al Mazrouei,Noor Al Suwaidi,Yusuf Rahman,BR022,Muwaileh,Premium,Declining,KPI06,SLA Compliance,HIGHER,75.6,74.7,73.7,95,2026-04-30
Abu Dhabi,Abu Dhabi City,Saeed Al Mazrouei,Noor Al Suwaidi,Yusuf Rahman,BR022,Muwaileh,Premium,Declining,KPI06,SLA Compliance,HIGHER,74.7,73.7,73.2,95,2026-05-31
Abu Dhabi,Abu Dhabi City,Saeed Al Mazrouei,Noor Al Suwaidi,Yusuf Rahman,BR022,Muwaileh,Premium,Declining,KPI06,SLA Compliance,HIGHER,73.7,73.2,73.3,95,2026-06-30
Abu Dhabi,Abu Dhabi City,Saeed Al Mazrouei,Noor Al Suwaidi,Yusuf Rahman,BR022,Muwaileh,Premium,Declining,KPI07,First Contact Resolution,HIGHER,86.7,86.4,86.0,85,2025-07-31
Abu Dhabi,Abu Dhabi City,Saeed Al Mazrouei,Noor Al Suwaidi,Yusuf Rahman,BR022,Muwaileh,Premium,Declining,KPI07,First Contact Resolution,HIGHER,86.4,86.0,84.5,85,2025-08-31
Abu Dhabi,Abu Dhabi City,Saeed Al Mazrouei,Noor Al Suwaidi,Yusuf Rahman,BR022,Muwaileh,Premium,Declining,KPI07,First Contact Resolution,HIGHER,86.0,84.5,84.3,85,2025-09-30
Abu Dhabi,Abu Dhabi City,Saeed Al Mazrouei,Noor Al Suwaidi,Yusuf Rahman,BR022,Muwaileh,Premium,Declining,KPI07,First Contact Resolution,HIGHER,84.5,84.3,83.0,85,2025-10-31
Abu Dhabi,Abu Dhabi City,Saeed Al Mazrouei,Noor Al Suwaidi,Yusuf Rahman,BR022,Muwaileh,Premium,Declining,KPI07,First Contact Resolution,HIGHER,84.3,83.0,82.0,85,2025-11-30
Abu Dhabi,Abu Dhabi City,Saeed Al Mazrouei,Noor Al Suwaidi,Yusuf Rahman,BR022,Muwaileh,Premium,Declining,KPI07,First Contact Resolution,HIGHER,83.0,82.0,81.1,85,2025-12-31
Abu Dhabi,Abu Dhabi City,Saeed Al Mazrouei,Noor Al Suwaidi,Yusuf Rahman,BR022,Muwaileh,Premium,Declining,KPI07,First Contact Resolution,HIGHER,82.0,81.1,80.3,85,2026-01-31
Abu Dhabi,Abu Dhabi City,Saeed Al Mazrouei,Noor Al Suwaidi,Yusuf Rahman,BR022,Muwaileh,Premium,Declining,KPI07,First Contact Resolution,HIGHER,81.1,80.3,79.1,85,2026-02-28
Abu Dhabi,Abu Dhabi City,Saeed Al Mazrouei,Noor Al Suwaidi,Yusuf Rahman,BR022,Muwaileh,Premium,Declining,KPI07,First Contact Resolution,HIGHER,80.3,79.1,77.8,85,2026-03-31
Abu Dhabi,Abu Dhabi City,Saeed Al Mazrouei,Noor Al Suwaidi,Yusuf Rahman,BR022,Muwaileh,Premium,Declining,KPI07,First Contact Resolution,HIGHER,79.1,77.8,76.0,85,2026-04-30
Abu Dhabi,Abu Dhabi City,Saeed Al Mazrouei,Noor Al Suwaidi,Yusuf Rahman,BR022,Muwaileh,Premium,Declining,KPI07,First Contact Resolution,HIGHER,77.8,76.0,75.5,85,2026-05-31
Abu Dhabi,Abu Dhabi City,Saeed Al Mazrouei,Noor Al Suwaidi,Yusuf Rahman,BR022,Muwaileh,Premium,Declining,KPI07,First Contact Resolution,HIGHER,76.0,75.5,75.4,85,2026-06-30
Abu Dhabi,Abu Dhabi City,Saeed Al Mazrouei,Noor Al Suwaidi,Yusuf Rahman,BR022,Muwaileh,Premium,Declining,KPI08,Customer Effort Score,LOWER,3.38,3.45,3.48,3.0,2025-07-31
Abu Dhabi,Abu Dhabi City,Saeed Al Mazrouei,Noor Al Suwaidi,Yusuf Rahman,BR022,Muwaileh,Premium,Declining,KPI08,Customer Effort Score,LOWER,3.45,3.48,3.53,3.0,2025-08-31
Abu Dhabi,Abu Dhabi City,Saeed Al Mazrouei,Noor Al Suwaidi,Yusuf Rahman,BR022,Muwaileh,Premium,Declining,KPI08,Customer Effort Score,LOWER,3.48,3.53,3.59,3.0,2025-09-30
Abu Dhabi,Abu Dhabi City,Saeed Al Mazrouei,Noor Al Suwaidi,Yusuf Rahman,BR022,Muwaileh,Premium,Declining,KPI08,Customer Effort Score,LOWER,3.53,3.59,3.61,3.0,2025-10-31
Abu Dhabi,Abu Dhabi City,Saeed Al Mazrouei,Noor Al Suwaidi,Yusuf Rahman,BR022,Muwaileh,Premium,Declining,KPI08,Customer Effort Score,LOWER,3.59,3.61,3.59,3.0,2025-11-30
Abu Dhabi,Abu Dhabi City,Saeed Al Mazrouei,Noor Al Suwaidi,Yusuf Rahman,BR022,Muwaileh,Premium,Declining,KPI08,Customer Effort Score,LOWER,3.61,3.59,3.63,3.0,2025-12-31
Abu Dhabi,Abu Dhabi City,Saeed Al Mazrouei,Noor Al Suwaidi,Yusuf Rahman,BR022,Muwaileh,Premium,Declining,KPI08,Customer Effort Score,LOWER,3.59,3.63,3.75,3.0,2026-01-31
Abu Dhabi,Abu Dhabi City,Saeed Al Mazrouei,Noor Al Suwaidi,Yusuf Rahman,BR022,Muwaileh,Premium,Declining,KPI08,Customer Effort Score,LOWER,3.63,3.75,3.77,3.0,2026-02-28
Abu Dhabi,Abu Dhabi City,Saeed Al Mazrouei,Noor Al Suwaidi,Yusuf Rahman,BR022,Muwaileh,Premium,Declining,KPI08,Customer Effort Score,LOWER,3.75,3.77,3.74,3.0,2026-03-31
Abu Dhabi,Abu Dhabi City,Saeed Al Mazrouei,Noor Al Suwaidi,Yusuf Rahman,BR022,Muwaileh,Premium,Declining,KPI08,Customer Effort Score,LOWER,3.77,3.74,3.79,3.0,2026-04-30
Abu Dhabi,Abu Dhabi City,Saeed Al Mazrouei,Noor Al Suwaidi,Yusuf Rahman,BR022,Muwaileh,Premium,Declining,KPI08,Customer Effort Score,LOWER,3.74,3.79,3.91,3.0,2026-05-31
Abu Dhabi,Abu Dhabi City,Saeed Al Mazrouei,Noor Al Suwaidi,Yusuf Rahman,BR022,Muwaileh,Premium,Declining,KPI08,Customer Effort Score,LOWER,3.79,3.91,3.89,3.0,2026-06-30
Abu Dhabi,Abu Dhabi City,Saeed Al Mazrouei,Noor Al Suwaidi,Yusuf Rahman,BR022,Muwaileh,Premium,Declining,KPI09,Digital Adoption Rate,HIGHER,58.0,57.5,56.7,75,2025-07-31
Abu Dhabi,Abu Dhabi City,Saeed Al Mazrouei,Noor Al Suwaidi,Yusuf Rahman,BR022,Muwaileh,Premium,Declining,KPI09,Digital Adoption Rate,HIGHER,57.5,56.7,57.0,75,2025-08-31
Abu Dhabi,Abu Dhabi City,Saeed Al Mazrouei,Noor Al Suwaidi,Yusuf Rahman,BR022,Muwaileh,Premium,Declining,KPI09,Digital Adoption Rate,HIGHER,56.7,57.0,56.3,75,2025-09-30
Abu Dhabi,Abu Dhabi City,Saeed Al Mazrouei,Noor Al Suwaidi,Yusuf Rahman,BR022,Muwaileh,Premium,Declining,KPI09,Digital Adoption Rate,HIGHER,57.0,56.3,55.2,75,2025-10-31
Abu Dhabi,Abu Dhabi City,Saeed Al Mazrouei,Noor Al Suwaidi,Yusuf Rahman,BR022,Muwaileh,Premium,Declining,KPI09,Digital Adoption Rate,HIGHER,56.3,55.2,54.3,75,2025-11-30
Abu Dhabi,Abu Dhabi City,Saeed Al Mazrouei,Noor Al Suwaidi,Yusuf Rahman,BR022,Muwaileh,Premium,Declining,KPI09,Digital Adoption Rate,HIGHER,55.2,54.3,53.1,75,2025-12-31
Abu Dhabi,Abu Dhabi City,Saeed Al Mazrouei,Noor Al Suwaidi,Yusuf Rahman,BR022,Muwaileh,Premium,Declining,KPI09,Digital Adoption Rate,HIGHER,54.3,53.1,52.8,75,2026-01-31
Abu Dhabi,Abu Dhabi City,Saeed Al Mazrouei,Noor Al Suwaidi,Yusuf Rahman,BR022,Muwaileh,Premium,Declining,KPI09,Digital Adoption Rate,HIGHER,53.1,52.8,52.4,75,2026-02-28
Abu Dhabi,Abu Dhabi City,Saeed Al Mazrouei,Noor Al Suwaidi,Yusuf Rahman,BR022,Muwaileh,Premium,Declining,KPI09,Digital Adoption Rate,HIGHER,52.8,52.4,51.6,75,2026-03-31
Abu Dhabi,Abu Dhabi City,Saeed Al Mazrouei,Noor Al Suwaidi,Yusuf Rahman,BR022,Muwaileh,Premium,Declining,KPI09,Digital Adoption Rate,HIGHER,52.4,51.6,50.4,75,2026-04-30
Abu Dhabi,Abu Dhabi City,Saeed Al Mazrouei,Noor Al Suwaidi,Yusuf Rahman,BR022,Muwaileh,Premium,Declining,KPI09,Digital Adoption Rate,HIGHER,51.6,50.4,49.8,75,2026-05-31
Abu Dhabi,Abu Dhabi City,Saeed Al Mazrouei,Noor Al Suwaidi,Yusuf Rahman,BR022,Muwaileh,Premium,Declining,KPI09,Digital Adoption Rate,HIGHER,50.4,49.8,48.5,75,2026-06-30
Abu Dhabi,Abu Dhabi City,Saeed Al Mazrouei,Noor Al Suwaidi,Yusuf Rahman,BR022,Muwaileh,Premium,Declining,KPI10,Repeat Complaint Rate,LOWER,9.1,10.0,9.8,8,2025-07-31
Abu Dhabi,Abu Dhabi City,Saeed Al Mazrouei,Noor Al Suwaidi,Yusuf Rahman,BR022,Muwaileh,Premium,Declining,KPI10,Repeat Complaint Rate,LOWER,10.0,9.8,10.2,8,2025-08-31
Abu Dhabi,Abu Dhabi City,Saeed Al Mazrouei,Noor Al Suwaidi,Yusuf Rahman,BR022,Muwaileh,Premium,Declining,KPI10,Repeat Complaint Rate,LOWER,9.8,10.2,10.0,8,2025-09-30
Abu Dhabi,Abu Dhabi City,Saeed Al Mazrouei,Noor Al Suwaidi,Yusuf Rahman,BR022,Muwaileh,Premium,Declining,KPI10,Repeat Complaint Rate,LOWER,10.2,10.0,10.0,8,2025-10-31
Abu Dhabi,Abu Dhabi City,Saeed Al Mazrouei,Noor Al Suwaidi,Yusuf Rahman,BR022,Muwaileh,Premium,Declining,KPI10,Repeat Complaint Rate,LOWER,10.0,10.0,10.8,8,2025-11-30
Abu Dhabi,Abu Dhabi City,Saeed Al Mazrouei,Noor Al Suwaidi,Yusuf Rahman,BR022,Muwaileh,Premium,Declining,KPI10,Repeat Complaint Rate,LOWER,10.0,10.8,11.4,8,2025-12-31
Abu Dhabi,Abu Dhabi City,Saeed Al Mazrouei,Noor Al Suwaidi,Yusuf Rahman,BR022,Muwaileh,Premium,Declining,KPI10,Repeat Complaint Rate,LOWER,10.8,11.4,11.2,8,2026-01-31
Abu Dhabi,Abu Dhabi City,Saeed Al Mazrouei,Noor Al Suwaidi,Yusuf Rahman,BR022,Muwaileh,Premium,Declining,KPI10,Repeat Complaint Rate,LOWER,11.4,11.2,11.6,8,2026-02-28
Abu Dhabi,Abu Dhabi City,Saeed Al Mazrouei,Noor Al Suwaidi,Yusuf Rahman,BR022,Muwaileh,Premium,Declining,KPI10,Repeat Complaint Rate,LOWER,11.2,11.6,11.7,8,2026-03-31
Abu Dhabi,Abu Dhabi City,Saeed Al Mazrouei,Noor Al Suwaidi,Yusuf Rahman,BR022,Muwaileh,Premium,Declining,KPI10,Repeat Complaint Rate,LOWER,11.6,11.7,12.2,8,2026-04-30
Abu Dhabi,Abu Dhabi City,Saeed Al Mazrouei,Noor Al Suwaidi,Yusuf Rahman,BR022,Muwaileh,Premium,Declining,KPI10,Repeat Complaint Rate,LOWER,11.7,12.2,13.1,8,2026-05-31
Abu Dhabi,Abu Dhabi City,Saeed Al Mazrouei,Noor Al Suwaidi,Yusuf Rahman,BR022,Muwaileh,Premium,Declining,KPI10,Repeat Complaint Rate,LOWER,12.2,13.1,13.6,8,2026-06-30
Sharjah,Al Nahda,Aisha Al Qasimi,Sara Mahmoud,Mariam Khan,BR023,University City,Standard,Stable,KPI01,CSAT,HIGHER,74.6,74.9,74.2,85,2025-07-31
Sharjah,Al Nahda,Aisha Al Qasimi,Sara Mahmoud,Mariam Khan,BR023,University City,Standard,Stable,KPI01,CSAT,HIGHER,74.9,74.2,73.9,85,2025-08-31
Sharjah,Al Nahda,Aisha Al Qasimi,Sara Mahmoud,Mariam Khan,BR023,University City,Standard,Stable,KPI01,CSAT,HIGHER,74.2,73.9,73.6,85,2025-09-30
Sharjah,Al Nahda,Aisha Al Qasimi,Sara Mahmoud,Mariam Khan,BR023,University City,Standard,Stable,KPI01,CSAT,HIGHER,73.9,73.6,73.7,85,2025-10-31
Sharjah,Al Nahda,Aisha Al Qasimi,Sara Mahmoud,Mariam Khan,BR023,University City,Standard,Stable,KPI01,CSAT,HIGHER,73.6,73.7,73.6,85,2025-11-30
Sharjah,Al Nahda,Aisha Al Qasimi,Sara Mahmoud,Mariam Khan,BR023,University City,Standard,Stable,KPI01,CSAT,HIGHER,73.7,73.6,73.0,85,2025-12-31
Sharjah,Al Nahda,Aisha Al Qasimi,Sara Mahmoud,Mariam Khan,BR023,University City,Standard,Stable,KPI01,CSAT,HIGHER,73.6,73.0,72.5,85,2026-01-31
Sharjah,Al Nahda,Aisha Al Qasimi,Sara Mahmoud,Mariam Khan,BR023,University City,Standard,Stable,KPI01,CSAT,HIGHER,73.0,72.5,72.6,85,2026-02-28
Sharjah,Al Nahda,Aisha Al Qasimi,Sara Mahmoud,Mariam Khan,BR023,University City,Standard,Stable,KPI01,CSAT,HIGHER,72.5,72.6,72.8,85,2026-03-31
Sharjah,Al Nahda,Aisha Al Qasimi,Sara Mahmoud,Mariam Khan,BR023,University City,Standard,Stable,KPI01,CSAT,HIGHER,72.6,72.8,73.2,85,2026-04-30
Sharjah,Al Nahda,Aisha Al Qasimi,Sara Mahmoud,Mariam Khan,BR023,University City,Standard,Stable,KPI01,CSAT,HIGHER,72.8,73.2,73.5,85,2026-05-31
Sharjah,Al Nahda,Aisha Al Qasimi,Sara Mahmoud,Mariam Khan,BR023,University City,Standard,Stable,KPI01,CSAT,HIGHER,73.2,73.5,73.5,85,2026-06-30
Sharjah,Al Nahda,Aisha Al Qasimi,Sara Mahmoud,Mariam Khan,BR023,University City,Standard,Stable,KPI02,NPS,HIGHER,46.1,47.3,45.9,40,2025-07-31
Sharjah,Al Nahda,Aisha Al Qasimi,Sara Mahmoud,Mariam Khan,BR023,University City,Standard,Stable,KPI02,NPS,HIGHER,47.3,45.9,46.0,40,2025-08-31
Sharjah,Al Nahda,Aisha Al Qasimi,Sara Mahmoud,Mariam Khan,BR023,University City,Standard,Stable,KPI02,NPS,HIGHER,45.9,46.0,47.0,40,2025-09-30
Sharjah,Al Nahda,Aisha Al Qasimi,Sara Mahmoud,Mariam Khan,BR023,University City,Standard,Stable,KPI02,NPS,HIGHER,46.0,47.0,47.6,40,2025-10-31
Sharjah,Al Nahda,Aisha Al Qasimi,Sara Mahmoud,Mariam Khan,BR023,University City,Standard,Stable,KPI02,NPS,HIGHER,47.0,47.6,47.0,40,2025-11-30
Sharjah,Al Nahda,Aisha Al Qasimi,Sara Mahmoud,Mariam Khan,BR023,University City,Standard,Stable,KPI02,NPS,HIGHER,47.6,47.0,46.4,40,2025-12-31
Sharjah,Al Nahda,Aisha Al Qasimi,Sara Mahmoud,Mariam Khan,BR023,University City,Standard,Stable,KPI02,NPS,HIGHER,47.0,46.4,47.2,40,2026-01-31
Sharjah,Al Nahda,Aisha Al Qasimi,Sara Mahmoud,Mariam Khan,BR023,University City,Standard,Stable,KPI02,NPS,HIGHER,46.4,47.2,47.0,40,2026-02-28
Sharjah,Al Nahda,Aisha Al Qasimi,Sara Mahmoud,Mariam Khan,BR023,University City,Standard,Stable,KPI02,NPS,HIGHER,47.2,47.0,47.5,40,2026-03-31
Sharjah,Al Nahda,Aisha Al Qasimi,Sara Mahmoud,Mariam Khan,BR023,University City,Standard,Stable,KPI02,NPS,HIGHER,47.0,47.5,47.6,40,2026-04-30
Sharjah,Al Nahda,Aisha Al Qasimi,Sara Mahmoud,Mariam Khan,BR023,University City,Standard,Stable,KPI02,NPS,HIGHER,47.5,47.6,47.6,40,2026-05-31
Sharjah,Al Nahda,Aisha Al Qasimi,Sara Mahmoud,Mariam Khan,BR023,University City,Standard,Stable,KPI02,NPS,HIGHER,47.6,47.6,47.6,40,2026-06-30
Sharjah,Al Nahda,Aisha Al Qasimi,Sara Mahmoud,Mariam Khan,BR023,University City,Standard,Stable,KPI03,Complaint Rate,LOWER,2.28,2.25,2.21,2.0,2025-07-31
Sharjah,Al Nahda,Aisha Al Qasimi,Sara Mahmoud,Mariam Khan,BR023,University City,Standard,Stable,KPI03,Complaint Rate,LOWER,2.25,2.21,2.13,2.0,2025-08-31
Sharjah,Al Nahda,Aisha Al Qasimi,Sara Mahmoud,Mariam Khan,BR023,University City,Standard,Stable,KPI03,Complaint Rate,LOWER,2.21,2.13,2.14,2.0,2025-09-30
Sharjah,Al Nahda,Aisha Al Qasimi,Sara Mahmoud,Mariam Khan,BR023,University City,Standard,Stable,KPI03,Complaint Rate,LOWER,2.13,2.14,2.23,2.0,2025-10-31
Sharjah,Al Nahda,Aisha Al Qasimi,Sara Mahmoud,Mariam Khan,BR023,University City,Standard,Stable,KPI03,Complaint Rate,LOWER,2.14,2.23,2.21,2.0,2025-11-30
Sharjah,Al Nahda,Aisha Al Qasimi,Sara Mahmoud,Mariam Khan,BR023,University City,Standard,Stable,KPI03,Complaint Rate,LOWER,2.23,2.21,2.24,2.0,2025-12-31
Sharjah,Al Nahda,Aisha Al Qasimi,Sara Mahmoud,Mariam Khan,BR023,University City,Standard,Stable,KPI03,Complaint Rate,LOWER,2.21,2.24,2.18,2.0,2026-01-31
Sharjah,Al Nahda,Aisha Al Qasimi,Sara Mahmoud,Mariam Khan,BR023,University City,Standard,Stable,KPI03,Complaint Rate,LOWER,2.24,2.18,2.23,2.0,2026-02-28
Sharjah,Al Nahda,Aisha Al Qasimi,Sara Mahmoud,Mariam Khan,BR023,University City,Standard,Stable,KPI03,Complaint Rate,LOWER,2.18,2.23,2.29,2.0,2026-03-31
Sharjah,Al Nahda,Aisha Al Qasimi,Sara Mahmoud,Mariam Khan,BR023,University City,Standard,Stable,KPI03,Complaint Rate,LOWER,2.23,2.29,2.39,2.0,2026-04-30
Sharjah,Al Nahda,Aisha Al Qasimi,Sara Mahmoud,Mariam Khan,BR023,University City,Standard,Stable,KPI03,Complaint Rate,LOWER,2.29,2.39,2.37,2.0,2026-05-31
Sharjah,Al Nahda,Aisha Al Qasimi,Sara Mahmoud,Mariam Khan,BR023,University City,Standard,Stable,KPI03,Complaint Rate,LOWER,2.39,2.37,2.42,2.0,2026-06-30
Sharjah,Al Nahda,Aisha Al Qasimi,Sara Mahmoud,Mariam Khan,BR023,University City,Standard,Stable,KPI04,Complaint Volume,LOWER,170.0,168.0,177.0,100,2025-07-31
Sharjah,Al Nahda,Aisha Al Qasimi,Sara Mahmoud,Mariam Khan,BR023,University City,Standard,Stable,KPI04,Complaint Volume,LOWER,168.0,177.0,169.0,100,2025-08-31
Sharjah,Al Nahda,Aisha Al Qasimi,Sara Mahmoud,Mariam Khan,BR023,University City,Standard,Stable,KPI04,Complaint Volume,LOWER,177.0,169.0,165.0,100,2025-09-30
Sharjah,Al Nahda,Aisha Al Qasimi,Sara Mahmoud,Mariam Khan,BR023,University City,Standard,Stable,KPI04,Complaint Volume,LOWER,169.0,165.0,171.0,100,2025-10-31
Sharjah,Al Nahda,Aisha Al Qasimi,Sara Mahmoud,Mariam Khan,BR023,University City,Standard,Stable,KPI04,Complaint Volume,LOWER,165.0,171.0,170.0,100,2025-11-30
Sharjah,Al Nahda,Aisha Al Qasimi,Sara Mahmoud,Mariam Khan,BR023,University City,Standard,Stable,KPI04,Complaint Volume,LOWER,171.0,170.0,172.0,100,2025-12-31
Sharjah,Al Nahda,Aisha Al Qasimi,Sara Mahmoud,Mariam Khan,BR023,University City,Standard,Stable,KPI04,Complaint Volume,LOWER,170.0,172.0,179.0,100,2026-01-31
Sharjah,Al Nahda,Aisha Al Qasimi,Sara Mahmoud,Mariam Khan,BR023,University City,Standard,Stable,KPI04,Complaint Volume,LOWER,172.0,179.0,177.0,100,2026-02-28
Sharjah,Al Nahda,Aisha Al Qasimi,Sara Mahmoud,Mariam Khan,BR023,University City,Standard,Stable,KPI04,Complaint Volume,LOWER,179.0,177.0,175.0,100,2026-03-31
Sharjah,Al Nahda,Aisha Al Qasimi,Sara Mahmoud,Mariam Khan,BR023,University City,Standard,Stable,KPI04,Complaint Volume,LOWER,177.0,175.0,176.0,100,2026-04-30
Sharjah,Al Nahda,Aisha Al Qasimi,Sara Mahmoud,Mariam Khan,BR023,University City,Standard,Stable,KPI04,Complaint Volume,LOWER,175.0,176.0,176.0,100,2026-05-31
Sharjah,Al Nahda,Aisha Al Qasimi,Sara Mahmoud,Mariam Khan,BR023,University City,Standard,Stable,KPI04,Complaint Volume,LOWER,176.0,176.0,174.0,100,2026-06-30
Sharjah,Al Nahda,Aisha Al Qasimi,Sara Mahmoud,Mariam Khan,BR023,University City,Standard,Stable,KPI05,Resolution Time,LOWER,5.26,5.24,5.17,3.0,2025-07-31
Sharjah,Al Nahda,Aisha Al Qasimi,Sara Mahmoud,Mariam Khan,BR023,University City,Standard,Stable,KPI05,Resolution Time,LOWER,5.24,5.17,5.25,3.0,2025-08-31
Sharjah,Al Nahda,Aisha Al Qasimi,Sara Mahmoud,Mariam Khan,BR023,University City,Standard,Stable,KPI05,Resolution Time,LOWER,5.17,5.25,5.4,3.0,2025-09-30
Sharjah,Al Nahda,Aisha Al Qasimi,Sara Mahmoud,Mariam Khan,BR023,University City,Standard,Stable,KPI05,Resolution Time,LOWER,5.25,5.4,5.44,3.0,2025-10-31
Sharjah,Al Nahda,Aisha Al Qasimi,Sara Mahmoud,Mariam Khan,BR023,University City,Standard,Stable,KPI05,Resolution Time,LOWER,5.4,5.44,5.43,3.0,2025-11-30
Sharjah,Al Nahda,Aisha Al Qasimi,Sara Mahmoud,Mariam Khan,BR023,University City,Standard,Stable,KPI05,Resolution Time,LOWER,5.44,5.43,5.53,3.0,2025-12-31
Sharjah,Al Nahda,Aisha Al Qasimi,Sara Mahmoud,Mariam Khan,BR023,University City,Standard,Stable,KPI05,Resolution Time,LOWER,5.43,5.53,5.76,3.0,2026-01-31
Sharjah,Al Nahda,Aisha Al Qasimi,Sara Mahmoud,Mariam Khan,BR023,University City,Standard,Stable,KPI05,Resolution Time,LOWER,5.53,5.76,5.83,3.0,2026-02-28
Sharjah,Al Nahda,Aisha Al Qasimi,Sara Mahmoud,Mariam Khan,BR023,University City,Standard,Stable,KPI05,Resolution Time,LOWER,5.76,5.83,5.78,3.0,2026-03-31
Sharjah,Al Nahda,Aisha Al Qasimi,Sara Mahmoud,Mariam Khan,BR023,University City,Standard,Stable,KPI05,Resolution Time,LOWER,5.83,5.78,5.68,3.0,2026-04-30
Sharjah,Al Nahda,Aisha Al Qasimi,Sara Mahmoud,Mariam Khan,BR023,University City,Standard,Stable,KPI05,Resolution Time,LOWER,5.78,5.68,5.8,3.0,2026-05-31
Sharjah,Al Nahda,Aisha Al Qasimi,Sara Mahmoud,Mariam Khan,BR023,University City,Standard,Stable,KPI05,Resolution Time,LOWER,5.68,5.8,5.81,3.0,2026-06-30
Sharjah,Al Nahda,Aisha Al Qasimi,Sara Mahmoud,Mariam Khan,BR023,University City,Standard,Stable,KPI06,SLA Compliance,HIGHER,85.6,85.9,85.7,95,2025-07-31
Sharjah,Al Nahda,Aisha Al Qasimi,Sara Mahmoud,Mariam Khan,BR023,University City,Standard,Stable,KPI06,SLA Compliance,HIGHER,85.9,85.7,85.7,95,2025-08-31
Sharjah,Al Nahda,Aisha Al Qasimi,Sara Mahmoud,Mariam Khan,BR023,University City,Standard,Stable,KPI06,SLA Compliance,HIGHER,85.7,85.7,85.6,95,2025-09-30
Sharjah,Al Nahda,Aisha Al Qasimi,Sara Mahmoud,Mariam Khan,BR023,University City,Standard,Stable,KPI06,SLA Compliance,HIGHER,85.7,85.6,85.1,95,2025-10-31
Sharjah,Al Nahda,Aisha Al Qasimi,Sara Mahmoud,Mariam Khan,BR023,University City,Standard,Stable,KPI06,SLA Compliance,HIGHER,85.6,85.1,84.9,95,2025-11-30
Sharjah,Al Nahda,Aisha Al Qasimi,Sara Mahmoud,Mariam Khan,BR023,University City,Standard,Stable,KPI06,SLA Compliance,HIGHER,85.1,84.9,85.4,95,2025-12-31
Sharjah,Al Nahda,Aisha Al Qasimi,Sara Mahmoud,Mariam Khan,BR023,University City,Standard,Stable,KPI06,SLA Compliance,HIGHER,84.9,85.4,85.3,95,2026-01-31
Sharjah,Al Nahda,Aisha Al Qasimi,Sara Mahmoud,Mariam Khan,BR023,University City,Standard,Stable,KPI06,SLA Compliance,HIGHER,85.4,85.3,85.0,95,2026-02-28
Sharjah,Al Nahda,Aisha Al Qasimi,Sara Mahmoud,Mariam Khan,BR023,University City,Standard,Stable,KPI06,SLA Compliance,HIGHER,85.3,85.0,84.9,95,2026-03-31
Sharjah,Al Nahda,Aisha Al Qasimi,Sara Mahmoud,Mariam Khan,BR023,University City,Standard,Stable,KPI06,SLA Compliance,HIGHER,85.0,84.9,84.7,95,2026-04-30
Sharjah,Al Nahda,Aisha Al Qasimi,Sara Mahmoud,Mariam Khan,BR023,University City,Standard,Stable,KPI06,SLA Compliance,HIGHER,84.9,84.7,84.8,95,2026-05-31
Sharjah,Al Nahda,Aisha Al Qasimi,Sara Mahmoud,Mariam Khan,BR023,University City,Standard,Stable,KPI06,SLA Compliance,HIGHER,84.7,84.8,84.7,95,2026-06-30
Sharjah,Al Nahda,Aisha Al Qasimi,Sara Mahmoud,Mariam Khan,BR023,University City,Standard,Stable,KPI07,First Contact Resolution,HIGHER,83.1,83.3,83.5,85,2025-07-31
Sharjah,Al Nahda,Aisha Al Qasimi,Sara Mahmoud,Mariam Khan,BR023,University City,Standard,Stable,KPI07,First Contact Resolution,HIGHER,83.3,83.5,83.7,85,2025-08-31
Sharjah,Al Nahda,Aisha Al Qasimi,Sara Mahmoud,Mariam Khan,BR023,University City,Standard,Stable,KPI07,First Contact Resolution,HIGHER,83.5,83.7,83.8,85,2025-09-30
Sharjah,Al Nahda,Aisha Al Qasimi,Sara Mahmoud,Mariam Khan,BR023,University City,Standard,Stable,KPI07,First Contact Resolution,HIGHER,83.7,83.8,84.1,85,2025-10-31
Sharjah,Al Nahda,Aisha Al Qasimi,Sara Mahmoud,Mariam Khan,BR023,University City,Standard,Stable,KPI07,First Contact Resolution,HIGHER,83.8,84.1,83.8,85,2025-11-30
Sharjah,Al Nahda,Aisha Al Qasimi,Sara Mahmoud,Mariam Khan,BR023,University City,Standard,Stable,KPI07,First Contact Resolution,HIGHER,84.1,83.8,83.8,85,2025-12-31
Sharjah,Al Nahda,Aisha Al Qasimi,Sara Mahmoud,Mariam Khan,BR023,University City,Standard,Stable,KPI07,First Contact Resolution,HIGHER,83.8,83.8,83.7,85,2026-01-31
Sharjah,Al Nahda,Aisha Al Qasimi,Sara Mahmoud,Mariam Khan,BR023,University City,Standard,Stable,KPI07,First Contact Resolution,HIGHER,83.8,83.7,83.3,85,2026-02-28
Sharjah,Al Nahda,Aisha Al Qasimi,Sara Mahmoud,Mariam Khan,BR023,University City,Standard,Stable,KPI07,First Contact Resolution,HIGHER,83.7,83.3,83.8,85,2026-03-31
Sharjah,Al Nahda,Aisha Al Qasimi,Sara Mahmoud,Mariam Khan,BR023,University City,Standard,Stable,KPI07,First Contact Resolution,HIGHER,83.3,83.8,83.9,85,2026-04-30
Sharjah,Al Nahda,Aisha Al Qasimi,Sara Mahmoud,Mariam Khan,BR023,University City,Standard,Stable,KPI07,First Contact Resolution,HIGHER,83.8,83.9,84.2,85,2026-05-31
Sharjah,Al Nahda,Aisha Al Qasimi,Sara Mahmoud,Mariam Khan,BR023,University City,Standard,Stable,KPI07,First Contact Resolution,HIGHER,83.9,84.2,85.1,85,2026-06-30
Sharjah,Al Nahda,Aisha Al Qasimi,Sara Mahmoud,Mariam Khan,BR023,University City,Standard,Stable,KPI08,Customer Effort Score,LOWER,3.13,3.13,3.21,3.0,2025-07-31
Sharjah,Al Nahda,Aisha Al Qasimi,Sara Mahmoud,Mariam Khan,BR023,University City,Standard,Stable,KPI08,Customer Effort Score,LOWER,3.13,3.21,3.16,3.0,2025-08-31
Sharjah,Al Nahda,Aisha Al Qasimi,Sara Mahmoud,Mariam Khan,BR023,University City,Standard,Stable,KPI08,Customer Effort Score,LOWER,3.21,3.16,3.14,3.0,2025-09-30
Sharjah,Al Nahda,Aisha Al Qasimi,Sara Mahmoud,Mariam Khan,BR023,University City,Standard,Stable,KPI08,Customer Effort Score,LOWER,3.16,3.14,3.12,3.0,2025-10-31
Sharjah,Al Nahda,Aisha Al Qasimi,Sara Mahmoud,Mariam Khan,BR023,University City,Standard,Stable,KPI08,Customer Effort Score,LOWER,3.14,3.12,3.17,3.0,2025-11-30
Sharjah,Al Nahda,Aisha Al Qasimi,Sara Mahmoud,Mariam Khan,BR023,University City,Standard,Stable,KPI08,Customer Effort Score,LOWER,3.12,3.17,3.2,3.0,2025-12-31
Sharjah,Al Nahda,Aisha Al Qasimi,Sara Mahmoud,Mariam Khan,BR023,University City,Standard,Stable,KPI08,Customer Effort Score,LOWER,3.17,3.2,3.19,3.0,2026-01-31
Sharjah,Al Nahda,Aisha Al Qasimi,Sara Mahmoud,Mariam Khan,BR023,University City,Standard,Stable,KPI08,Customer Effort Score,LOWER,3.2,3.19,3.17,3.0,2026-02-28
Sharjah,Al Nahda,Aisha Al Qasimi,Sara Mahmoud,Mariam Khan,BR023,University City,Standard,Stable,KPI08,Customer Effort Score,LOWER,3.19,3.17,3.17,3.0,2026-03-31
Sharjah,Al Nahda,Aisha Al Qasimi,Sara Mahmoud,Mariam Khan,BR023,University City,Standard,Stable,KPI08,Customer Effort Score,LOWER,3.17,3.17,3.21,3.0,2026-04-30
Sharjah,Al Nahda,Aisha Al Qasimi,Sara Mahmoud,Mariam Khan,BR023,University City,Standard,Stable,KPI08,Customer Effort Score,LOWER,3.17,3.21,3.25,3.0,2026-05-31
Sharjah,Al Nahda,Aisha Al Qasimi,Sara Mahmoud,Mariam Khan,BR023,University City,Standard,Stable,KPI08,Customer Effort Score,LOWER,3.21,3.25,3.24,3.0,2026-06-30
Sharjah,Al Nahda,Aisha Al Qasimi,Sara Mahmoud,Mariam Khan,BR023,University City,Standard,Stable,KPI09,Digital Adoption Rate,HIGHER,69.0,69.2,69.7,75,2025-07-31
Sharjah,Al Nahda,Aisha Al Qasimi,Sara Mahmoud,Mariam Khan,BR023,University City,Standard,Stable,KPI09,Digital Adoption Rate,HIGHER,69.2,69.7,69.8,75,2025-08-31
Sharjah,Al Nahda,Aisha Al Qasimi,Sara Mahmoud,Mariam Khan,BR023,University City,Standard,Stable,KPI09,Digital Adoption Rate,HIGHER,69.7,69.8,70.0,75,2025-09-30
Sharjah,Al Nahda,Aisha Al Qasimi,Sara Mahmoud,Mariam Khan,BR023,University City,Standard,Stable,KPI09,Digital Adoption Rate,HIGHER,69.8,70.0,69.5,75,2025-10-31
Sharjah,Al Nahda,Aisha Al Qasimi,Sara Mahmoud,Mariam Khan,BR023,University City,Standard,Stable,KPI09,Digital Adoption Rate,HIGHER,70.0,69.5,69.5,75,2025-11-30
Sharjah,Al Nahda,Aisha Al Qasimi,Sara Mahmoud,Mariam Khan,BR023,University City,Standard,Stable,KPI09,Digital Adoption Rate,HIGHER,69.5,69.5,69.2,75,2025-12-31
Sharjah,Al Nahda,Aisha Al Qasimi,Sara Mahmoud,Mariam Khan,BR023,University City,Standard,Stable,KPI09,Digital Adoption Rate,HIGHER,69.5,69.2,69.2,75,2026-01-31
Sharjah,Al Nahda,Aisha Al Qasimi,Sara Mahmoud,Mariam Khan,BR023,University City,Standard,Stable,KPI09,Digital Adoption Rate,HIGHER,69.2,69.2,69.0,75,2026-02-28
Sharjah,Al Nahda,Aisha Al Qasimi,Sara Mahmoud,Mariam Khan,BR023,University City,Standard,Stable,KPI09,Digital Adoption Rate,HIGHER,69.2,69.0,69.6,75,2026-03-31
Sharjah,Al Nahda,Aisha Al Qasimi,Sara Mahmoud,Mariam Khan,BR023,University City,Standard,Stable,KPI09,Digital Adoption Rate,HIGHER,69.0,69.6,68.9,75,2026-04-30
Sharjah,Al Nahda,Aisha Al Qasimi,Sara Mahmoud,Mariam Khan,BR023,University City,Standard,Stable,KPI09,Digital Adoption Rate,HIGHER,69.6,68.9,69.1,75,2026-05-31
Sharjah,Al Nahda,Aisha Al Qasimi,Sara Mahmoud,Mariam Khan,BR023,University City,Standard,Stable,KPI09,Digital Adoption Rate,HIGHER,68.9,69.1,69.6,75,2026-06-30
Sharjah,Al Nahda,Aisha Al Qasimi,Sara Mahmoud,Mariam Khan,BR023,University City,Standard,Stable,KPI10,Repeat Complaint Rate,LOWER,11.2,10.8,11.2,8,2025-07-31
Sharjah,Al Nahda,Aisha Al Qasimi,Sara Mahmoud,Mariam Khan,BR023,University City,Standard,Stable,KPI10,Repeat Complaint Rate,LOWER,10.8,11.2,11.5,8,2025-08-31
Sharjah,Al Nahda,Aisha Al Qasimi,Sara Mahmoud,Mariam Khan,BR023,University City,Standard,Stable,KPI10,Repeat Complaint Rate,LOWER,11.2,11.5,11.6,8,2025-09-30
Sharjah,Al Nahda,Aisha Al Qasimi,Sara Mahmoud,Mariam Khan,BR023,University City,Standard,Stable,KPI10,Repeat Complaint Rate,LOWER,11.5,11.6,11.8,8,2025-10-31
Sharjah,Al Nahda,Aisha Al Qasimi,Sara Mahmoud,Mariam Khan,BR023,University City,Standard,Stable,KPI10,Repeat Complaint Rate,LOWER,11.6,11.8,12.0,8,2025-11-30
Sharjah,Al Nahda,Aisha Al Qasimi,Sara Mahmoud,Mariam Khan,BR023,University City,Standard,Stable,KPI10,Repeat Complaint Rate,LOWER,11.8,12.0,12.0,8,2025-12-31
Sharjah,Al Nahda,Aisha Al Qasimi,Sara Mahmoud,Mariam Khan,BR023,University City,Standard,Stable,KPI10,Repeat Complaint Rate,LOWER,12.0,12.0,11.6,8,2026-01-31
Sharjah,Al Nahda,Aisha Al Qasimi,Sara Mahmoud,Mariam Khan,BR023,University City,Standard,Stable,KPI10,Repeat Complaint Rate,LOWER,12.0,11.6,11.9,8,2026-02-28
Sharjah,Al Nahda,Aisha Al Qasimi,Sara Mahmoud,Mariam Khan,BR023,University City,Standard,Stable,KPI10,Repeat Complaint Rate,LOWER,11.6,11.9,12.1,8,2026-03-31
Sharjah,Al Nahda,Aisha Al Qasimi,Sara Mahmoud,Mariam Khan,BR023,University City,Standard,Stable,KPI10,Repeat Complaint Rate,LOWER,11.9,12.1,11.7,8,2026-04-30
Sharjah,Al Nahda,Aisha Al Qasimi,Sara Mahmoud,Mariam Khan,BR023,University City,Standard,Stable,KPI10,Repeat Complaint Rate,LOWER,12.1,11.7,11.7,8,2026-05-31
Sharjah,Al Nahda,Aisha Al Qasimi,Sara Mahmoud,Mariam Khan,BR023,University City,Standard,Stable,KPI10,Repeat Complaint Rate,LOWER,11.7,11.7,11.6,8,2026-06-30
Northern Emirates,Fujairah,Noura Al Shamsi,Adel Ibrahim,Adnan Shah,BR024,Ajman Main,Digital Hub,Recovering,KPI01,CSAT,HIGHER,84.9,84.8,84.6,85,2025-07-31
Northern Emirates,Fujairah,Noura Al Shamsi,Adel Ibrahim,Adnan Shah,BR024,Ajman Main,Digital Hub,Recovering,KPI01,CSAT,HIGHER,84.8,84.6,84.5,85,2025-08-31
Northern Emirates,Fujairah,Noura Al Shamsi,Adel Ibrahim,Adnan Shah,BR024,Ajman Main,Digital Hub,Recovering,KPI01,CSAT,HIGHER,84.6,84.5,83.6,85,2025-09-30
Northern Emirates,Fujairah,Noura Al Shamsi,Adel Ibrahim,Adnan Shah,BR024,Ajman Main,Digital Hub,Recovering,KPI01,CSAT,HIGHER,84.5,83.6,82.9,85,2025-10-31
Northern Emirates,Fujairah,Noura Al Shamsi,Adel Ibrahim,Adnan Shah,BR024,Ajman Main,Digital Hub,Recovering,KPI01,CSAT,HIGHER,83.6,82.9,83.4,85,2025-11-30
Northern Emirates,Fujairah,Noura Al Shamsi,Adel Ibrahim,Adnan Shah,BR024,Ajman Main,Digital Hub,Recovering,KPI01,CSAT,HIGHER,82.9,83.4,79.8,85,2025-12-31
Northern Emirates,Fujairah,Noura Al Shamsi,Adel Ibrahim,Adnan Shah,BR024,Ajman Main,Digital Hub,Recovering,KPI01,CSAT,HIGHER,83.4,79.8,80.2,85,2026-01-31
Northern Emirates,Fujairah,Noura Al Shamsi,Adel Ibrahim,Adnan Shah,BR024,Ajman Main,Digital Hub,Recovering,KPI01,CSAT,HIGHER,79.8,80.2,81.0,85,2026-02-28
Northern Emirates,Fujairah,Noura Al Shamsi,Adel Ibrahim,Adnan Shah,BR024,Ajman Main,Digital Hub,Recovering,KPI01,CSAT,HIGHER,80.2,81.0,82.1,85,2026-03-31
Northern Emirates,Fujairah,Noura Al Shamsi,Adel Ibrahim,Adnan Shah,BR024,Ajman Main,Digital Hub,Recovering,KPI01,CSAT,HIGHER,81.0,82.1,82.8,85,2026-04-30
Northern Emirates,Fujairah,Noura Al Shamsi,Adel Ibrahim,Adnan Shah,BR024,Ajman Main,Digital Hub,Recovering,KPI01,CSAT,HIGHER,82.1,82.8,83.9,85,2026-05-31
Northern Emirates,Fujairah,Noura Al Shamsi,Adel Ibrahim,Adnan Shah,BR024,Ajman Main,Digital Hub,Recovering,KPI01,CSAT,HIGHER,82.8,83.9,83.7,85,2026-06-30
Northern Emirates,Fujairah,Noura Al Shamsi,Adel Ibrahim,Adnan Shah,BR024,Ajman Main,Digital Hub,Recovering,KPI02,NPS,HIGHER,19.7,18.6,17.5,40,2025-07-31
Northern Emirates,Fujairah,Noura Al Shamsi,Adel Ibrahim,Adnan Shah,BR024,Ajman Main,Digital Hub,Recovering,KPI02,NPS,HIGHER,18.6,17.5,16.7,40,2025-08-31
Northern Emirates,Fujairah,Noura Al Shamsi,Adel Ibrahim,Adnan Shah,BR024,Ajman Main,Digital Hub,Recovering,KPI02,NPS,HIGHER,17.5,16.7,15.8,40,2025-09-30
Northern Emirates,Fujairah,Noura Al Shamsi,Adel Ibrahim,Adnan Shah,BR024,Ajman Main,Digital Hub,Recovering,KPI02,NPS,HIGHER,16.7,15.8,15.5,40,2025-10-31
Northern Emirates,Fujairah,Noura Al Shamsi,Adel Ibrahim,Adnan Shah,BR024,Ajman Main,Digital Hub,Recovering,KPI02,NPS,HIGHER,15.8,15.5,16.6,40,2025-11-30
Northern Emirates,Fujairah,Noura Al Shamsi,Adel Ibrahim,Adnan Shah,BR024,Ajman Main,Digital Hub,Recovering,KPI02,NPS,HIGHER,15.5,16.6,12.9,40,2025-12-31
Northern Emirates,Fujairah,Noura Al Shamsi,Adel Ibrahim,Adnan Shah,BR024,Ajman Main,Digital Hub,Recovering,KPI02,NPS,HIGHER,16.6,12.9,14.4,40,2026-01-31
Northern Emirates,Fujairah,Noura Al Shamsi,Adel Ibrahim,Adnan Shah,BR024,Ajman Main,Digital Hub,Recovering,KPI02,NPS,HIGHER,12.9,14.4,14.7,40,2026-02-28
Northern Emirates,Fujairah,Noura Al Shamsi,Adel Ibrahim,Adnan Shah,BR024,Ajman Main,Digital Hub,Recovering,KPI02,NPS,HIGHER,14.4,14.7,14.1,40,2026-03-31
Northern Emirates,Fujairah,Noura Al Shamsi,Adel Ibrahim,Adnan Shah,BR024,Ajman Main,Digital Hub,Recovering,KPI02,NPS,HIGHER,14.7,14.1,14.6,40,2026-04-30
Northern Emirates,Fujairah,Noura Al Shamsi,Adel Ibrahim,Adnan Shah,BR024,Ajman Main,Digital Hub,Recovering,KPI02,NPS,HIGHER,14.1,14.6,15.7,40,2026-05-31
Northern Emirates,Fujairah,Noura Al Shamsi,Adel Ibrahim,Adnan Shah,BR024,Ajman Main,Digital Hub,Recovering,KPI02,NPS,HIGHER,14.6,15.7,16.4,40,2026-06-30
Northern Emirates,Fujairah,Noura Al Shamsi,Adel Ibrahim,Adnan Shah,BR024,Ajman Main,Digital Hub,Recovering,KPI03,Complaint Rate,LOWER,2.99,3.03,3.07,2.0,2025-07-31
Northern Emirates,Fujairah,Noura Al Shamsi,Adel Ibrahim,Adnan Shah,BR024,Ajman Main,Digital Hub,Recovering,KPI03,Complaint Rate,LOWER,3.03,3.07,3.1,2.0,2025-08-31
Northern Emirates,Fujairah,Noura Al Shamsi,Adel Ibrahim,Adnan Shah,BR024,Ajman Main,Digital Hub,Recovering,KPI03,Complaint Rate,LOWER,3.07,3.1,3.12,2.0,2025-09-30
Northern Emirates,Fujairah,Noura Al Shamsi,Adel Ibrahim,Adnan Shah,BR024,Ajman Main,Digital Hub,Recovering,KPI03,Complaint Rate,LOWER,3.1,3.12,3.26,2.0,2025-10-31
Northern Emirates,Fujairah,Noura Al Shamsi,Adel Ibrahim,Adnan Shah,BR024,Ajman Main,Digital Hub,Recovering,KPI03,Complaint Rate,LOWER,3.12,3.26,3.07,2.0,2025-11-30
Northern Emirates,Fujairah,Noura Al Shamsi,Adel Ibrahim,Adnan Shah,BR024,Ajman Main,Digital Hub,Recovering,KPI03,Complaint Rate,LOWER,3.26,3.07,3.95,2.0,2025-12-31
Northern Emirates,Fujairah,Noura Al Shamsi,Adel Ibrahim,Adnan Shah,BR024,Ajman Main,Digital Hub,Recovering,KPI03,Complaint Rate,LOWER,3.07,3.95,3.68,2.0,2026-01-31
Northern Emirates,Fujairah,Noura Al Shamsi,Adel Ibrahim,Adnan Shah,BR024,Ajman Main,Digital Hub,Recovering,KPI03,Complaint Rate,LOWER,3.95,3.68,3.51,2.0,2026-02-28
Northern Emirates,Fujairah,Noura Al Shamsi,Adel Ibrahim,Adnan Shah,BR024,Ajman Main,Digital Hub,Recovering,KPI03,Complaint Rate,LOWER,3.68,3.51,3.48,2.0,2026-03-31
Northern Emirates,Fujairah,Noura Al Shamsi,Adel Ibrahim,Adnan Shah,BR024,Ajman Main,Digital Hub,Recovering,KPI03,Complaint Rate,LOWER,3.51,3.48,3.4,2.0,2026-04-30
Northern Emirates,Fujairah,Noura Al Shamsi,Adel Ibrahim,Adnan Shah,BR024,Ajman Main,Digital Hub,Recovering,KPI03,Complaint Rate,LOWER,3.48,3.4,3.36,2.0,2026-05-31
Northern Emirates,Fujairah,Noura Al Shamsi,Adel Ibrahim,Adnan Shah,BR024,Ajman Main,Digital Hub,Recovering,KPI03,Complaint Rate,LOWER,3.4,3.36,3.36,2.0,2026-06-30
Northern Emirates,Fujairah,Noura Al Shamsi,Adel Ibrahim,Adnan Shah,BR024,Ajman Main,Digital Hub,Recovering,KPI04,Complaint Volume,LOWER,199.0,202.0,203.0,100,2025-07-31
Northern Emirates,Fujairah,Noura Al Shamsi,Adel Ibrahim,Adnan Shah,BR024,Ajman Main,Digital Hub,Recovering,KPI04,Complaint Volume,LOWER,202.0,203.0,207.0,100,2025-08-31
Northern Emirates,Fujairah,Noura Al Shamsi,Adel Ibrahim,Adnan Shah,BR024,Ajman Main,Digital Hub,Recovering,KPI04,Complaint Volume,LOWER,203.0,207.0,212.0,100,2025-09-30
Northern Emirates,Fujairah,Noura Al Shamsi,Adel Ibrahim,Adnan Shah,BR024,Ajman Main,Digital Hub,Recovering,KPI04,Complaint Volume,LOWER,207.0,212.0,216.0,100,2025-10-31
Northern Emirates,Fujairah,Noura Al Shamsi,Adel Ibrahim,Adnan Shah,BR024,Ajman Main,Digital Hub,Recovering,KPI04,Complaint Volume,LOWER,212.0,216.0,211.0,100,2025-11-30
Northern Emirates,Fujairah,Noura Al Shamsi,Adel Ibrahim,Adnan Shah,BR024,Ajman Main,Digital Hub,Recovering,KPI04,Complaint Volume,LOWER,216.0,211.0,263.0,100,2025-12-31
Northern Emirates,Fujairah,Noura Al Shamsi,Adel Ibrahim,Adnan Shah,BR024,Ajman Main,Digital Hub,Recovering,KPI04,Complaint Volume,LOWER,211.0,263.0,254.0,100,2026-01-31
Northern Emirates,Fujairah,Noura Al Shamsi,Adel Ibrahim,Adnan Shah,BR024,Ajman Main,Digital Hub,Recovering,KPI04,Complaint Volume,LOWER,263.0,254.0,250.0,100,2026-02-28
Northern Emirates,Fujairah,Noura Al Shamsi,Adel Ibrahim,Adnan Shah,BR024,Ajman Main,Digital Hub,Recovering,KPI04,Complaint Volume,LOWER,254.0,250.0,237.0,100,2026-03-31
Northern Emirates,Fujairah,Noura Al Shamsi,Adel Ibrahim,Adnan Shah,BR024,Ajman Main,Digital Hub,Recovering,KPI04,Complaint Volume,LOWER,250.0,237.0,233.0,100,2026-04-30
Northern Emirates,Fujairah,Noura Al Shamsi,Adel Ibrahim,Adnan Shah,BR024,Ajman Main,Digital Hub,Recovering,KPI04,Complaint Volume,LOWER,237.0,233.0,220.0,100,2026-05-31
Northern Emirates,Fujairah,Noura Al Shamsi,Adel Ibrahim,Adnan Shah,BR024,Ajman Main,Digital Hub,Recovering,KPI04,Complaint Volume,LOWER,233.0,220.0,216.0,100,2026-06-30
Northern Emirates,Fujairah,Noura Al Shamsi,Adel Ibrahim,Adnan Shah,BR024,Ajman Main,Digital Hub,Recovering,KPI05,Resolution Time,LOWER,4.16,4.31,4.37,3.0,2025-07-31
Northern Emirates,Fujairah,Noura Al Shamsi,Adel Ibrahim,Adnan Shah,BR024,Ajman Main,Digital Hub,Recovering,KPI05,Resolution Time,LOWER,4.31,4.37,4.43,3.0,2025-08-31
Northern Emirates,Fujairah,Noura Al Shamsi,Adel Ibrahim,Adnan Shah,BR024,Ajman Main,Digital Hub,Recovering,KPI05,Resolution Time,LOWER,4.37,4.43,4.43,3.0,2025-09-30
Northern Emirates,Fujairah,Noura Al Shamsi,Adel Ibrahim,Adnan Shah,BR024,Ajman Main,Digital Hub,Recovering,KPI05,Resolution Time,LOWER,4.43,4.43,4.57,3.0,2025-10-31
Northern Emirates,Fujairah,Noura Al Shamsi,Adel Ibrahim,Adnan Shah,BR024,Ajman Main,Digital Hub,Recovering,KPI05,Resolution Time,LOWER,4.43,4.57,4.47,3.0,2025-11-30
Northern Emirates,Fujairah,Noura Al Shamsi,Adel Ibrahim,Adnan Shah,BR024,Ajman Main,Digital Hub,Recovering,KPI05,Resolution Time,LOWER,4.57,4.47,4.34,3.0,2025-12-31
Northern Emirates,Fujairah,Noura Al Shamsi,Adel Ibrahim,Adnan Shah,BR024,Ajman Main,Digital Hub,Recovering,KPI05,Resolution Time,LOWER,4.47,4.34,4.12,3.0,2026-01-31
Northern Emirates,Fujairah,Noura Al Shamsi,Adel Ibrahim,Adnan Shah,BR024,Ajman Main,Digital Hub,Recovering,KPI05,Resolution Time,LOWER,4.34,4.12,3.92,3.0,2026-02-28
Northern Emirates,Fujairah,Noura Al Shamsi,Adel Ibrahim,Adnan Shah,BR024,Ajman Main,Digital Hub,Recovering,KPI05,Resolution Time,LOWER,4.12,3.92,3.76,3.0,2026-03-31
Northern Emirates,Fujairah,Noura Al Shamsi,Adel Ibrahim,Adnan Shah,BR024,Ajman Main,Digital Hub,Recovering,KPI05,Resolution Time,LOWER,3.92,3.76,3.71,3.0,2026-04-30
Northern Emirates,Fujairah,Noura Al Shamsi,Adel Ibrahim,Adnan Shah,BR024,Ajman Main,Digital Hub,Recovering,KPI05,Resolution Time,LOWER,3.76,3.71,3.61,3.0,2026-05-31
Northern Emirates,Fujairah,Noura Al Shamsi,Adel Ibrahim,Adnan Shah,BR024,Ajman Main,Digital Hub,Recovering,KPI05,Resolution Time,LOWER,3.71,3.61,3.59,3.0,2026-06-30
Northern Emirates,Fujairah,Noura Al Shamsi,Adel Ibrahim,Adnan Shah,BR024,Ajman Main,Digital Hub,Recovering,KPI06,SLA Compliance,HIGHER,95.6,95.3,94.9,95,2025-07-31
Northern Emirates,Fujairah,Noura Al Shamsi,Adel Ibrahim,Adnan Shah,BR024,Ajman Main,Digital Hub,Recovering,KPI06,SLA Compliance,HIGHER,95.3,94.9,94.9,95,2025-08-31
Northern Emirates,Fujairah,Noura Al Shamsi,Adel Ibrahim,Adnan Shah,BR024,Ajman Main,Digital Hub,Recovering,KPI06,SLA Compliance,HIGHER,94.9,94.9,94.0,95,2025-09-30
Northern Emirates,Fujairah,Noura Al Shamsi,Adel Ibrahim,Adnan Shah,BR024,Ajman Main,Digital Hub,Recovering,KPI06,SLA Compliance,HIGHER,94.9,94.0,93.4,95,2025-10-31
Northern Emirates,Fujairah,Noura Al Shamsi,Adel Ibrahim,Adnan Shah,BR024,Ajman Main,Digital Hub,Recovering,KPI06,SLA Compliance,HIGHER,94.0,93.4,93.6,95,2025-11-30
Northern Emirates,Fujairah,Noura Al Shamsi,Adel Ibrahim,Adnan Shah,BR024,Ajman Main,Digital Hub,Recovering,KPI06,SLA Compliance,HIGHER,93.4,93.6,94.3,95,2025-12-31
Northern Emirates,Fujairah,Noura Al Shamsi,Adel Ibrahim,Adnan Shah,BR024,Ajman Main,Digital Hub,Recovering,KPI06,SLA Compliance,HIGHER,93.6,94.3,94.9,95,2026-01-31
Northern Emirates,Fujairah,Noura Al Shamsi,Adel Ibrahim,Adnan Shah,BR024,Ajman Main,Digital Hub,Recovering,KPI06,SLA Compliance,HIGHER,94.3,94.9,95.3,95,2026-02-28
Northern Emirates,Fujairah,Noura Al Shamsi,Adel Ibrahim,Adnan Shah,BR024,Ajman Main,Digital Hub,Recovering,KPI06,SLA Compliance,HIGHER,94.9,95.3,96.0,95,2026-03-31
Northern Emirates,Fujairah,Noura Al Shamsi,Adel Ibrahim,Adnan Shah,BR024,Ajman Main,Digital Hub,Recovering,KPI06,SLA Compliance,HIGHER,95.3,96.0,96.3,95,2026-04-30
Northern Emirates,Fujairah,Noura Al Shamsi,Adel Ibrahim,Adnan Shah,BR024,Ajman Main,Digital Hub,Recovering,KPI06,SLA Compliance,HIGHER,96.0,96.3,96.6,95,2026-05-31
Northern Emirates,Fujairah,Noura Al Shamsi,Adel Ibrahim,Adnan Shah,BR024,Ajman Main,Digital Hub,Recovering,KPI06,SLA Compliance,HIGHER,96.3,96.6,97.8,95,2026-06-30
Northern Emirates,Fujairah,Noura Al Shamsi,Adel Ibrahim,Adnan Shah,BR024,Ajman Main,Digital Hub,Recovering,KPI07,First Contact Resolution,HIGHER,88.5,88.5,88.0,85,2025-07-31
Northern Emirates,Fujairah,Noura Al Shamsi,Adel Ibrahim,Adnan Shah,BR024,Ajman Main,Digital Hub,Recovering,KPI07,First Contact Resolution,HIGHER,88.5,88.0,87.4,85,2025-08-31
Northern Emirates,Fujairah,Noura Al Shamsi,Adel Ibrahim,Adnan Shah,BR024,Ajman Main,Digital Hub,Recovering,KPI07,First Contact Resolution,HIGHER,88.0,87.4,87.0,85,2025-09-30
Northern Emirates,Fujairah,Noura Al Shamsi,Adel Ibrahim,Adnan Shah,BR024,Ajman Main,Digital Hub,Recovering,KPI07,First Contact Resolution,HIGHER,87.4,87.0,86.8,85,2025-10-31
Northern Emirates,Fujairah,Noura Al Shamsi,Adel Ibrahim,Adnan Shah,BR024,Ajman Main,Digital Hub,Recovering,KPI07,First Contact Resolution,HIGHER,87.0,86.8,87.4,85,2025-11-30
Northern Emirates,Fujairah,Noura Al Shamsi,Adel Ibrahim,Adnan Shah,BR024,Ajman Main,Digital Hub,Recovering,KPI07,First Contact Resolution,HIGHER,86.8,87.4,87.4,85,2025-12-31
Northern Emirates,Fujairah,Noura Al Shamsi,Adel Ibrahim,Adnan Shah,BR024,Ajman Main,Digital Hub,Recovering,KPI07,First Contact Resolution,HIGHER,87.4,87.4,88.6,85,2026-01-31
Northern Emirates,Fujairah,Noura Al Shamsi,Adel Ibrahim,Adnan Shah,BR024,Ajman Main,Digital Hub,Recovering,KPI07,First Contact Resolution,HIGHER,87.4,88.6,89.8,85,2026-02-28
Northern Emirates,Fujairah,Noura Al Shamsi,Adel Ibrahim,Adnan Shah,BR024,Ajman Main,Digital Hub,Recovering,KPI07,First Contact Resolution,HIGHER,88.6,89.8,90.9,85,2026-03-31
Northern Emirates,Fujairah,Noura Al Shamsi,Adel Ibrahim,Adnan Shah,BR024,Ajman Main,Digital Hub,Recovering,KPI07,First Contact Resolution,HIGHER,89.8,90.9,92.5,85,2026-04-30
Northern Emirates,Fujairah,Noura Al Shamsi,Adel Ibrahim,Adnan Shah,BR024,Ajman Main,Digital Hub,Recovering,KPI07,First Contact Resolution,HIGHER,90.9,92.5,92.9,85,2026-05-31
Northern Emirates,Fujairah,Noura Al Shamsi,Adel Ibrahim,Adnan Shah,BR024,Ajman Main,Digital Hub,Recovering,KPI07,First Contact Resolution,HIGHER,92.5,92.9,93.9,85,2026-06-30
Northern Emirates,Fujairah,Noura Al Shamsi,Adel Ibrahim,Adnan Shah,BR024,Ajman Main,Digital Hub,Recovering,KPI08,Customer Effort Score,LOWER,4.55,4.58,4.54,3.0,2025-07-31
Northern Emirates,Fujairah,Noura Al Shamsi,Adel Ibrahim,Adnan Shah,BR024,Ajman Main,Digital Hub,Recovering,KPI08,Customer Effort Score,LOWER,4.58,4.54,4.65,3.0,2025-08-31
Northern Emirates,Fujairah,Noura Al Shamsi,Adel Ibrahim,Adnan Shah,BR024,Ajman Main,Digital Hub,Recovering,KPI08,Customer Effort Score,LOWER,4.54,4.65,4.74,3.0,2025-09-30
Northern Emirates,Fujairah,Noura Al Shamsi,Adel Ibrahim,Adnan Shah,BR024,Ajman Main,Digital Hub,Recovering,KPI08,Customer Effort Score,LOWER,4.65,4.74,4.74,3.0,2025-10-31
Northern Emirates,Fujairah,Noura Al Shamsi,Adel Ibrahim,Adnan Shah,BR024,Ajman Main,Digital Hub,Recovering,KPI08,Customer Effort Score,LOWER,4.74,4.74,4.66,3.0,2025-11-30
Northern Emirates,Fujairah,Noura Al Shamsi,Adel Ibrahim,Adnan Shah,BR024,Ajman Main,Digital Hub,Recovering,KPI08,Customer Effort Score,LOWER,4.74,4.66,4.53,3.0,2025-12-31
Northern Emirates,Fujairah,Noura Al Shamsi,Adel Ibrahim,Adnan Shah,BR024,Ajman Main,Digital Hub,Recovering,KPI08,Customer Effort Score,LOWER,4.66,4.53,4.38,3.0,2026-01-31
Northern Emirates,Fujairah,Noura Al Shamsi,Adel Ibrahim,Adnan Shah,BR024,Ajman Main,Digital Hub,Recovering,KPI08,Customer Effort Score,LOWER,4.53,4.38,4.19,3.0,2026-02-28
Northern Emirates,Fujairah,Noura Al Shamsi,Adel Ibrahim,Adnan Shah,BR024,Ajman Main,Digital Hub,Recovering,KPI08,Customer Effort Score,LOWER,4.38,4.19,4.14,3.0,2026-03-31
Northern Emirates,Fujairah,Noura Al Shamsi,Adel Ibrahim,Adnan Shah,BR024,Ajman Main,Digital Hub,Recovering,KPI08,Customer Effort Score,LOWER,4.19,4.14,4.1,3.0,2026-04-30
Northern Emirates,Fujairah,Noura Al Shamsi,Adel Ibrahim,Adnan Shah,BR024,Ajman Main,Digital Hub,Recovering,KPI08,Customer Effort Score,LOWER,4.14,4.1,4.0,3.0,2026-05-31
Northern Emirates,Fujairah,Noura Al Shamsi,Adel Ibrahim,Adnan Shah,BR024,Ajman Main,Digital Hub,Recovering,KPI08,Customer Effort Score,LOWER,4.1,4.0,3.92,3.0,2026-06-30
Northern Emirates,Fujairah,Noura Al Shamsi,Adel Ibrahim,Adnan Shah,BR024,Ajman Main,Digital Hub,Recovering,KPI09,Digital Adoption Rate,HIGHER,93.4,92.1,90.2,75,2025-07-31
Northern Emirates,Fujairah,Noura Al Shamsi,Adel Ibrahim,Adnan Shah,BR024,Ajman Main,Digital Hub,Recovering,KPI09,Digital Adoption Rate,HIGHER,92.1,90.2,89.4,75,2025-08-31
Northern Emirates,Fujairah,Noura Al Shamsi,Adel Ibrahim,Adnan Shah,BR024,Ajman Main,Digital Hub,Recovering,KPI09,Digital Adoption Rate,HIGHER,90.2,89.4,89.1,75,2025-09-30
Northern Emirates,Fujairah,Noura Al Shamsi,Adel Ibrahim,Adnan Shah,BR024,Ajman Main,Digital Hub,Recovering,KPI09,Digital Adoption Rate,HIGHER,89.4,89.1,89.2,75,2025-10-31
Northern Emirates,Fujairah,Noura Al Shamsi,Adel Ibrahim,Adnan Shah,BR024,Ajman Main,Digital Hub,Recovering,KPI09,Digital Adoption Rate,HIGHER,89.1,89.2,90.1,75,2025-11-30
Northern Emirates,Fujairah,Noura Al Shamsi,Adel Ibrahim,Adnan Shah,BR024,Ajman Main,Digital Hub,Recovering,KPI09,Digital Adoption Rate,HIGHER,89.2,90.1,90.9,75,2025-12-31
Northern Emirates,Fujairah,Noura Al Shamsi,Adel Ibrahim,Adnan Shah,BR024,Ajman Main,Digital Hub,Recovering,KPI09,Digital Adoption Rate,HIGHER,90.1,90.9,91.3,75,2026-01-31
Northern Emirates,Fujairah,Noura Al Shamsi,Adel Ibrahim,Adnan Shah,BR024,Ajman Main,Digital Hub,Recovering,KPI09,Digital Adoption Rate,HIGHER,90.9,91.3,92.8,75,2026-02-28
Northern Emirates,Fujairah,Noura Al Shamsi,Adel Ibrahim,Adnan Shah,BR024,Ajman Main,Digital Hub,Recovering,KPI09,Digital Adoption Rate,HIGHER,91.3,92.8,94.4,75,2026-03-31
Northern Emirates,Fujairah,Noura Al Shamsi,Adel Ibrahim,Adnan Shah,BR024,Ajman Main,Digital Hub,Recovering,KPI09,Digital Adoption Rate,HIGHER,92.8,94.4,94.9,75,2026-04-30
Northern Emirates,Fujairah,Noura Al Shamsi,Adel Ibrahim,Adnan Shah,BR024,Ajman Main,Digital Hub,Recovering,KPI09,Digital Adoption Rate,HIGHER,94.4,94.9,94.7,75,2026-05-31
Northern Emirates,Fujairah,Noura Al Shamsi,Adel Ibrahim,Adnan Shah,BR024,Ajman Main,Digital Hub,Recovering,KPI09,Digital Adoption Rate,HIGHER,94.9,94.7,96.8,75,2026-06-30
Northern Emirates,Fujairah,Noura Al Shamsi,Adel Ibrahim,Adnan Shah,BR024,Ajman Main,Digital Hub,Recovering,KPI10,Repeat Complaint Rate,LOWER,19.1,19.2,20.2,8,2025-07-31
Northern Emirates,Fujairah,Noura Al Shamsi,Adel Ibrahim,Adnan Shah,BR024,Ajman Main,Digital Hub,Recovering,KPI10,Repeat Complaint Rate,LOWER,19.2,20.2,20.3,8,2025-08-31
Northern Emirates,Fujairah,Noura Al Shamsi,Adel Ibrahim,Adnan Shah,BR024,Ajman Main,Digital Hub,Recovering,KPI10,Repeat Complaint Rate,LOWER,20.2,20.3,20.5,8,2025-09-30
Northern Emirates,Fujairah,Noura Al Shamsi,Adel Ibrahim,Adnan Shah,BR024,Ajman Main,Digital Hub,Recovering,KPI10,Repeat Complaint Rate,LOWER,20.3,20.5,20.8,8,2025-10-31
Northern Emirates,Fujairah,Noura Al Shamsi,Adel Ibrahim,Adnan Shah,BR024,Ajman Main,Digital Hub,Recovering,KPI10,Repeat Complaint Rate,LOWER,20.5,20.8,20.0,8,2025-11-30
Northern Emirates,Fujairah,Noura Al Shamsi,Adel Ibrahim,Adnan Shah,BR024,Ajman Main,Digital Hub,Recovering,KPI10,Repeat Complaint Rate,LOWER,20.8,20.0,19.7,8,2025-12-31
Northern Emirates,Fujairah,Noura Al Shamsi,Adel Ibrahim,Adnan Shah,BR024,Ajman Main,Digital Hub,Recovering,KPI10,Repeat Complaint Rate,LOWER,20.0,19.7,19.2,8,2026-01-31
Northern Emirates,Fujairah,Noura Al Shamsi,Adel Ibrahim,Adnan Shah,BR024,Ajman Main,Digital Hub,Recovering,KPI10,Repeat Complaint Rate,LOWER,19.7,19.2,18.5,8,2026-02-28
Northern Emirates,Fujairah,Noura Al Shamsi,Adel Ibrahim,Adnan Shah,BR024,Ajman Main,Digital Hub,Recovering,KPI10,Repeat Complaint Rate,LOWER,19.2,18.5,17.9,8,2026-03-31
Northern Emirates,Fujairah,Noura Al Shamsi,Adel Ibrahim,Adnan Shah,BR024,Ajman Main,Digital Hub,Recovering,KPI10,Repeat Complaint Rate,LOWER,18.5,17.9,16.9,8,2026-04-30
Northern Emirates,Fujairah,Noura Al Shamsi,Adel Ibrahim,Adnan Shah,BR024,Ajman Main,Digital Hub,Recovering,KPI10,Repeat Complaint Rate,LOWER,17.9,16.9,16.3,8,2026-05-31
Northern Emirates,Fujairah,Noura Al Shamsi,Adel Ibrahim,Adnan Shah,BR024,Ajman Main,Digital Hub,Recovering,KPI10,Repeat Complaint Rate,LOWER,16.9,16.3,15.2,8,2026-06-30
Dubai,Central Dubai,Mariam Al Mansoori,Omar Rahman,Noor Abbas,BR025,Al Nuaimiya,Flagship,Volatile,KPI01,CSAT,HIGHER,84.6,85.7,85.9,85,2025-07-31
Dubai,Central Dubai,Mariam Al Mansoori,Omar Rahman,Noor Abbas,BR025,Al Nuaimiya,Flagship,Volatile,KPI01,CSAT,HIGHER,85.7,85.9,85.7,85,2025-08-31
Dubai,Central Dubai,Mariam Al Mansoori,Omar Rahman,Noor Abbas,BR025,Al Nuaimiya,Flagship,Volatile,KPI01,CSAT,HIGHER,85.9,85.7,84.7,85,2025-09-30
Dubai,Central Dubai,Mariam Al Mansoori,Omar Rahman,Noor Abbas,BR025,Al Nuaimiya,Flagship,Volatile,KPI01,CSAT,HIGHER,85.7,84.7,84.2,85,2025-10-31
Dubai,Central Dubai,Mariam Al Mansoori,Omar Rahman,Noor Abbas,BR025,Al Nuaimiya,Flagship,Volatile,KPI01,CSAT,HIGHER,84.7,84.2,84.3,85,2025-11-30
Dubai,Central Dubai,Mariam Al Mansoori,Omar Rahman,Noor Abbas,BR025,Al Nuaimiya,Flagship,Volatile,KPI01,CSAT,HIGHER,84.2,84.3,83.6,85,2025-12-31
Dubai,Central Dubai,Mariam Al Mansoori,Omar Rahman,Noor Abbas,BR025,Al Nuaimiya,Flagship,Volatile,KPI01,CSAT,HIGHER,84.3,83.6,82.4,85,2026-01-31
Dubai,Central Dubai,Mariam Al Mansoori,Omar Rahman,Noor Abbas,BR025,Al Nuaimiya,Flagship,Volatile,KPI01,CSAT,HIGHER,83.6,82.4,82.1,85,2026-02-28
Dubai,Central Dubai,Mariam Al Mansoori,Omar Rahman,Noor Abbas,BR025,Al Nuaimiya,Flagship,Volatile,KPI01,CSAT,HIGHER,82.4,82.1,82.6,85,2026-03-31
Dubai,Central Dubai,Mariam Al Mansoori,Omar Rahman,Noor Abbas,BR025,Al Nuaimiya,Flagship,Volatile,KPI01,CSAT,HIGHER,82.1,82.6,83.2,85,2026-04-30
Dubai,Central Dubai,Mariam Al Mansoori,Omar Rahman,Noor Abbas,BR025,Al Nuaimiya,Flagship,Volatile,KPI01,CSAT,HIGHER,82.6,83.2,82.7,85,2026-05-31
Dubai,Central Dubai,Mariam Al Mansoori,Omar Rahman,Noor Abbas,BR025,Al Nuaimiya,Flagship,Volatile,KPI01,CSAT,HIGHER,83.2,82.7,82.4,85,2026-06-30
Dubai,Central Dubai,Mariam Al Mansoori,Omar Rahman,Noor Abbas,BR025,Al Nuaimiya,Flagship,Volatile,KPI02,NPS,HIGHER,39.9,40.7,41.3,40,2025-07-31
Dubai,Central Dubai,Mariam Al Mansoori,Omar Rahman,Noor Abbas,BR025,Al Nuaimiya,Flagship,Volatile,KPI02,NPS,HIGHER,40.7,41.3,38.6,40,2025-08-31
Dubai,Central Dubai,Mariam Al Mansoori,Omar Rahman,Noor Abbas,BR025,Al Nuaimiya,Flagship,Volatile,KPI02,NPS,HIGHER,41.3,38.6,37.1,40,2025-09-30
Dubai,Central Dubai,Mariam Al Mansoori,Omar Rahman,Noor Abbas,BR025,Al Nuaimiya,Flagship,Volatile,KPI02,NPS,HIGHER,38.6,37.1,39.2,40,2025-10-31
Dubai,Central Dubai,Mariam Al Mansoori,Omar Rahman,Noor Abbas,BR025,Al Nuaimiya,Flagship,Volatile,KPI02,NPS,HIGHER,37.1,39.2,41.0,40,2025-11-30
Dubai,Central Dubai,Mariam Al Mansoori,Omar Rahman,Noor Abbas,BR025,Al Nuaimiya,Flagship,Volatile,KPI02,NPS,HIGHER,39.2,41.0,40.1,40,2025-12-31
Dubai,Central Dubai,Mariam Al Mansoori,Omar Rahman,Noor Abbas,BR025,Al Nuaimiya,Flagship,Volatile,KPI02,NPS,HIGHER,41.0,40.1,39.1,40,2026-01-31
Dubai,Central Dubai,Mariam Al Mansoori,Omar Rahman,Noor Abbas,BR025,Al Nuaimiya,Flagship,Volatile,KPI02,NPS,HIGHER,40.1,39.1,38.5,40,2026-02-28
Dubai,Central Dubai,Mariam Al Mansoori,Omar Rahman,Noor Abbas,BR025,Al Nuaimiya,Flagship,Volatile,KPI02,NPS,HIGHER,39.1,38.5,39.5,40,2026-03-31
Dubai,Central Dubai,Mariam Al Mansoori,Omar Rahman,Noor Abbas,BR025,Al Nuaimiya,Flagship,Volatile,KPI02,NPS,HIGHER,38.5,39.5,40.1,40,2026-04-30
Dubai,Central Dubai,Mariam Al Mansoori,Omar Rahman,Noor Abbas,BR025,Al Nuaimiya,Flagship,Volatile,KPI02,NPS,HIGHER,39.5,40.1,39.4,40,2026-05-31
Dubai,Central Dubai,Mariam Al Mansoori,Omar Rahman,Noor Abbas,BR025,Al Nuaimiya,Flagship,Volatile,KPI02,NPS,HIGHER,40.1,39.4,37.5,40,2026-06-30
Dubai,Central Dubai,Mariam Al Mansoori,Omar Rahman,Noor Abbas,BR025,Al Nuaimiya,Flagship,Volatile,KPI03,Complaint Rate,LOWER,1.96,1.96,1.89,2.0,2025-07-31
Dubai,Central Dubai,Mariam Al Mansoori,Omar Rahman,Noor Abbas,BR025,Al Nuaimiya,Flagship,Volatile,KPI03,Complaint Rate,LOWER,1.96,1.89,1.94,2.0,2025-08-31
Dubai,Central Dubai,Mariam Al Mansoori,Omar Rahman,Noor Abbas,BR025,Al Nuaimiya,Flagship,Volatile,KPI03,Complaint Rate,LOWER,1.89,1.94,2.02,2.0,2025-09-30
Dubai,Central Dubai,Mariam Al Mansoori,Omar Rahman,Noor Abbas,BR025,Al Nuaimiya,Flagship,Volatile,KPI03,Complaint Rate,LOWER,1.94,2.02,1.96,2.0,2025-10-31
Dubai,Central Dubai,Mariam Al Mansoori,Omar Rahman,Noor Abbas,BR025,Al Nuaimiya,Flagship,Volatile,KPI03,Complaint Rate,LOWER,2.02,1.96,1.86,2.0,2025-11-30
Dubai,Central Dubai,Mariam Al Mansoori,Omar Rahman,Noor Abbas,BR025,Al Nuaimiya,Flagship,Volatile,KPI03,Complaint Rate,LOWER,1.96,1.86,1.83,2.0,2025-12-31
Dubai,Central Dubai,Mariam Al Mansoori,Omar Rahman,Noor Abbas,BR025,Al Nuaimiya,Flagship,Volatile,KPI03,Complaint Rate,LOWER,1.86,1.83,2.01,2.0,2026-01-31
Dubai,Central Dubai,Mariam Al Mansoori,Omar Rahman,Noor Abbas,BR025,Al Nuaimiya,Flagship,Volatile,KPI03,Complaint Rate,LOWER,1.83,2.01,1.99,2.0,2026-02-28
Dubai,Central Dubai,Mariam Al Mansoori,Omar Rahman,Noor Abbas,BR025,Al Nuaimiya,Flagship,Volatile,KPI03,Complaint Rate,LOWER,2.01,1.99,1.96,2.0,2026-03-31
Dubai,Central Dubai,Mariam Al Mansoori,Omar Rahman,Noor Abbas,BR025,Al Nuaimiya,Flagship,Volatile,KPI03,Complaint Rate,LOWER,1.99,1.96,1.8,2.0,2026-04-30
Dubai,Central Dubai,Mariam Al Mansoori,Omar Rahman,Noor Abbas,BR025,Al Nuaimiya,Flagship,Volatile,KPI03,Complaint Rate,LOWER,1.96,1.8,1.81,2.0,2026-05-31
Dubai,Central Dubai,Mariam Al Mansoori,Omar Rahman,Noor Abbas,BR025,Al Nuaimiya,Flagship,Volatile,KPI03,Complaint Rate,LOWER,1.8,1.81,1.9,2.0,2026-06-30
Dubai,Central Dubai,Mariam Al Mansoori,Omar Rahman,Noor Abbas,BR025,Al Nuaimiya,Flagship,Volatile,KPI04,Complaint Volume,LOWER,172.0,163.0,156.0,100,2025-07-31
Dubai,Central Dubai,Mariam Al Mansoori,Omar Rahman,Noor Abbas,BR025,Al Nuaimiya,Flagship,Volatile,KPI04,Complaint Volume,LOWER,163.0,156.0,154.0,100,2025-08-31
Dubai,Central Dubai,Mariam Al Mansoori,Omar Rahman,Noor Abbas,BR025,Al Nuaimiya,Flagship,Volatile,KPI04,Complaint Volume,LOWER,156.0,154.0,153.0,100,2025-09-30
Dubai,Central Dubai,Mariam Al Mansoori,Omar Rahman,Noor Abbas,BR025,Al Nuaimiya,Flagship,Volatile,KPI04,Complaint Volume,LOWER,154.0,153.0,155.0,100,2025-10-31
Dubai,Central Dubai,Mariam Al Mansoori,Omar Rahman,Noor Abbas,BR025,Al Nuaimiya,Flagship,Volatile,KPI04,Complaint Volume,LOWER,153.0,155.0,152.0,100,2025-11-30
Dubai,Central Dubai,Mariam Al Mansoori,Omar Rahman,Noor Abbas,BR025,Al Nuaimiya,Flagship,Volatile,KPI04,Complaint Volume,LOWER,155.0,152.0,152.0,100,2025-12-31
Dubai,Central Dubai,Mariam Al Mansoori,Omar Rahman,Noor Abbas,BR025,Al Nuaimiya,Flagship,Volatile,KPI04,Complaint Volume,LOWER,152.0,152.0,158.0,100,2026-01-31
Dubai,Central Dubai,Mariam Al Mansoori,Omar Rahman,Noor Abbas,BR025,Al Nuaimiya,Flagship,Volatile,KPI04,Complaint Volume,LOWER,152.0,158.0,160.0,100,2026-02-28
Dubai,Central Dubai,Mariam Al Mansoori,Omar Rahman,Noor Abbas,BR025,Al Nuaimiya,Flagship,Volatile,KPI04,Complaint Volume,LOWER,158.0,160.0,155.0,100,2026-03-31
Dubai,Central Dubai,Mariam Al Mansoori,Omar Rahman,Noor Abbas,BR025,Al Nuaimiya,Flagship,Volatile,KPI04,Complaint Volume,LOWER,160.0,155.0,155.0,100,2026-04-30
Dubai,Central Dubai,Mariam Al Mansoori,Omar Rahman,Noor Abbas,BR025,Al Nuaimiya,Flagship,Volatile,KPI04,Complaint Volume,LOWER,155.0,155.0,159.0,100,2026-05-31
Dubai,Central Dubai,Mariam Al Mansoori,Omar Rahman,Noor Abbas,BR025,Al Nuaimiya,Flagship,Volatile,KPI04,Complaint Volume,LOWER,155.0,159.0,159.0,100,2026-06-30
Dubai,Central Dubai,Mariam Al Mansoori,Omar Rahman,Noor Abbas,BR025,Al Nuaimiya,Flagship,Volatile,KPI05,Resolution Time,LOWER,5.6,5.4,5.26,3.0,2025-07-31
Dubai,Central Dubai,Mariam Al Mansoori,Omar Rahman,Noor Abbas,BR025,Al Nuaimiya,Flagship,Volatile,KPI05,Resolution Time,LOWER,5.4,5.26,5.27,3.0,2025-08-31
Dubai,Central Dubai,Mariam Al Mansoori,Omar Rahman,Noor Abbas,BR025,Al Nuaimiya,Flagship,Volatile,KPI05,Resolution Time,LOWER,5.26,5.27,5.28,3.0,2025-09-30
Dubai,Central Dubai,Mariam Al Mansoori,Omar Rahman,Noor Abbas,BR025,Al Nuaimiya,Flagship,Volatile,KPI05,Resolution Time,LOWER,5.27,5.28,5.19,3.0,2025-10-31
Dubai,Central Dubai,Mariam Al Mansoori,Omar Rahman,Noor Abbas,BR025,Al Nuaimiya,Flagship,Volatile,KPI05,Resolution Time,LOWER,5.28,5.19,5.08,3.0,2025-11-30
Dubai,Central Dubai,Mariam Al Mansoori,Omar Rahman,Noor Abbas,BR025,Al Nuaimiya,Flagship,Volatile,KPI05,Resolution Time,LOWER,5.19,5.08,4.89,3.0,2025-12-31
Dubai,Central Dubai,Mariam Al Mansoori,Omar Rahman,Noor Abbas,BR025,Al Nuaimiya,Flagship,Volatile,KPI05,Resolution Time,LOWER,5.08,4.89,5.02,3.0,2026-01-31
Dubai,Central Dubai,Mariam Al Mansoori,Omar Rahman,Noor Abbas,BR025,Al Nuaimiya,Flagship,Volatile,KPI05,Resolution Time,LOWER,4.89,5.02,5.12,3.0,2026-02-28
Dubai,Central Dubai,Mariam Al Mansoori,Omar Rahman,Noor Abbas,BR025,Al Nuaimiya,Flagship,Volatile,KPI05,Resolution Time,LOWER,5.02,5.12,4.99,3.0,2026-03-31
Dubai,Central Dubai,Mariam Al Mansoori,Omar Rahman,Noor Abbas,BR025,Al Nuaimiya,Flagship,Volatile,KPI05,Resolution Time,LOWER,5.12,4.99,4.83,3.0,2026-04-30
Dubai,Central Dubai,Mariam Al Mansoori,Omar Rahman,Noor Abbas,BR025,Al Nuaimiya,Flagship,Volatile,KPI05,Resolution Time,LOWER,4.99,4.83,4.94,3.0,2026-05-31
Dubai,Central Dubai,Mariam Al Mansoori,Omar Rahman,Noor Abbas,BR025,Al Nuaimiya,Flagship,Volatile,KPI05,Resolution Time,LOWER,4.83,4.94,5.16,3.0,2026-06-30
Dubai,Central Dubai,Mariam Al Mansoori,Omar Rahman,Noor Abbas,BR025,Al Nuaimiya,Flagship,Volatile,KPI06,SLA Compliance,HIGHER,85.9,86.7,87.4,95,2025-07-31
Dubai,Central Dubai,Mariam Al Mansoori,Omar Rahman,Noor Abbas,BR025,Al Nuaimiya,Flagship,Volatile,KPI06,SLA Compliance,HIGHER,86.7,87.4,87.2,95,2025-08-31
Dubai,Central Dubai,Mariam Al Mansoori,Omar Rahman,Noor Abbas,BR025,Al Nuaimiya,Flagship,Volatile,KPI06,SLA Compliance,HIGHER,87.4,87.2,86.6,95,2025-09-30
Dubai,Central Dubai,Mariam Al Mansoori,Omar Rahman,Noor Abbas,BR025,Al Nuaimiya,Flagship,Volatile,KPI06,SLA Compliance,HIGHER,87.2,86.6,87.3,95,2025-10-31
Dubai,Central Dubai,Mariam Al Mansoori,Omar Rahman,Noor Abbas,BR025,Al Nuaimiya,Flagship,Volatile,KPI06,SLA Compliance,HIGHER,86.6,87.3,87.9,95,2025-11-30
Dubai,Central Dubai,Mariam Al Mansoori,Omar Rahman,Noor Abbas,BR025,Al Nuaimiya,Flagship,Volatile,KPI06,SLA Compliance,HIGHER,87.3,87.9,87.6,95,2025-12-31
Dubai,Central Dubai,Mariam Al Mansoori,Omar Rahman,Noor Abbas,BR025,Al Nuaimiya,Flagship,Volatile,KPI06,SLA Compliance,HIGHER,87.9,87.6,87.2,95,2026-01-31
Dubai,Central Dubai,Mariam Al Mansoori,Omar Rahman,Noor Abbas,BR025,Al Nuaimiya,Flagship,Volatile,KPI06,SLA Compliance,HIGHER,87.6,87.2,87.2,95,2026-02-28
Dubai,Central Dubai,Mariam Al Mansoori,Omar Rahman,Noor Abbas,BR025,Al Nuaimiya,Flagship,Volatile,KPI06,SLA Compliance,HIGHER,87.2,87.2,88.5,95,2026-03-31
Dubai,Central Dubai,Mariam Al Mansoori,Omar Rahman,Noor Abbas,BR025,Al Nuaimiya,Flagship,Volatile,KPI06,SLA Compliance,HIGHER,87.2,88.5,89.3,95,2026-04-30
Dubai,Central Dubai,Mariam Al Mansoori,Omar Rahman,Noor Abbas,BR025,Al Nuaimiya,Flagship,Volatile,KPI06,SLA Compliance,HIGHER,88.5,89.3,88.5,95,2026-05-31
Dubai,Central Dubai,Mariam Al Mansoori,Omar Rahman,Noor Abbas,BR025,Al Nuaimiya,Flagship,Volatile,KPI06,SLA Compliance,HIGHER,89.3,88.5,87.5,95,2026-06-30
Dubai,Central Dubai,Mariam Al Mansoori,Omar Rahman,Noor Abbas,BR025,Al Nuaimiya,Flagship,Volatile,KPI07,First Contact Resolution,HIGHER,78.2,78.8,79.2,85,2025-07-31
Dubai,Central Dubai,Mariam Al Mansoori,Omar Rahman,Noor Abbas,BR025,Al Nuaimiya,Flagship,Volatile,KPI07,First Contact Resolution,HIGHER,78.8,79.2,78.3,85,2025-08-31
Dubai,Central Dubai,Mariam Al Mansoori,Omar Rahman,Noor Abbas,BR025,Al Nuaimiya,Flagship,Volatile,KPI07,First Contact Resolution,HIGHER,79.2,78.3,77.7,85,2025-09-30
Dubai,Central Dubai,Mariam Al Mansoori,Omar Rahman,Noor Abbas,BR025,Al Nuaimiya,Flagship,Volatile,KPI07,First Contact Resolution,HIGHER,78.3,77.7,78.3,85,2025-10-31
Dubai,Central Dubai,Mariam Al Mansoori,Omar Rahman,Noor Abbas,BR025,Al Nuaimiya,Flagship,Volatile,KPI07,First Contact Resolution,HIGHER,77.7,78.3,79.5,85,2025-11-30
Dubai,Central Dubai,Mariam Al Mansoori,Omar Rahman,Noor Abbas,BR025,Al Nuaimiya,Flagship,Volatile,KPI07,First Contact Resolution,HIGHER,78.3,79.5,79.7,85,2025-12-31
Dubai,Central Dubai,Mariam Al Mansoori,Omar Rahman,Noor Abbas,BR025,Al Nuaimiya,Flagship,Volatile,KPI07,First Contact Resolution,HIGHER,79.5,79.7,78.5,85,2026-01-31
Dubai,Central Dubai,Mariam Al Mansoori,Omar Rahman,Noor Abbas,BR025,Al Nuaimiya,Flagship,Volatile,KPI07,First Contact Resolution,HIGHER,79.7,78.5,78.4,85,2026-02-28
Dubai,Central Dubai,Mariam Al Mansoori,Omar Rahman,Noor Abbas,BR025,Al Nuaimiya,Flagship,Volatile,KPI07,First Contact Resolution,HIGHER,78.5,78.4,79.3,85,2026-03-31
Dubai,Central Dubai,Mariam Al Mansoori,Omar Rahman,Noor Abbas,BR025,Al Nuaimiya,Flagship,Volatile,KPI07,First Contact Resolution,HIGHER,78.4,79.3,80.1,85,2026-04-30
Dubai,Central Dubai,Mariam Al Mansoori,Omar Rahman,Noor Abbas,BR025,Al Nuaimiya,Flagship,Volatile,KPI07,First Contact Resolution,HIGHER,79.3,80.1,79.8,85,2026-05-31
Dubai,Central Dubai,Mariam Al Mansoori,Omar Rahman,Noor Abbas,BR025,Al Nuaimiya,Flagship,Volatile,KPI07,First Contact Resolution,HIGHER,80.1,79.8,79.4,85,2026-06-30
Dubai,Central Dubai,Mariam Al Mansoori,Omar Rahman,Noor Abbas,BR025,Al Nuaimiya,Flagship,Volatile,KPI08,Customer Effort Score,LOWER,3.02,3.01,2.81,3.0,2025-07-31
Dubai,Central Dubai,Mariam Al Mansoori,Omar Rahman,Noor Abbas,BR025,Al Nuaimiya,Flagship,Volatile,KPI08,Customer Effort Score,LOWER,3.01,2.81,2.85,3.0,2025-08-31
Dubai,Central Dubai,Mariam Al Mansoori,Omar Rahman,Noor Abbas,BR025,Al Nuaimiya,Flagship,Volatile,KPI08,Customer Effort Score,LOWER,2.81,2.85,2.98,3.0,2025-09-30
Dubai,Central Dubai,Mariam Al Mansoori,Omar Rahman,Noor Abbas,BR025,Al Nuaimiya,Flagship,Volatile,KPI08,Customer Effort Score,LOWER,2.85,2.98,2.82,3.0,2025-10-31
Dubai,Central Dubai,Mariam Al Mansoori,Omar Rahman,Noor Abbas,BR025,Al Nuaimiya,Flagship,Volatile,KPI08,Customer Effort Score,LOWER,2.98,2.82,2.81,3.0,2025-11-30
Dubai,Central Dubai,Mariam Al Mansoori,Omar Rahman,Noor Abbas,BR025,Al Nuaimiya,Flagship,Volatile,KPI08,Customer Effort Score,LOWER,2.82,2.81,2.81,3.0,2025-12-31
Dubai,Central Dubai,Mariam Al Mansoori,Omar Rahman,Noor Abbas,BR025,Al Nuaimiya,Flagship,Volatile,KPI08,Customer Effort Score,LOWER,2.81,2.81,2.8,3.0,2026-01-31
Dubai,Central Dubai,Mariam Al Mansoori,Omar Rahman,Noor Abbas,BR025,Al Nuaimiya,Flagship,Volatile,KPI08,Customer Effort Score,LOWER,2.81,2.8,2.87,3.0,2026-02-28
Dubai,Central Dubai,Mariam Al Mansoori,Omar Rahman,Noor Abbas,BR025,Al Nuaimiya,Flagship,Volatile,KPI08,Customer Effort Score,LOWER,2.8,2.87,2.75,3.0,2026-03-31
Dubai,Central Dubai,Mariam Al Mansoori,Omar Rahman,Noor Abbas,BR025,Al Nuaimiya,Flagship,Volatile,KPI08,Customer Effort Score,LOWER,2.87,2.75,2.64,3.0,2026-04-30
Dubai,Central Dubai,Mariam Al Mansoori,Omar Rahman,Noor Abbas,BR025,Al Nuaimiya,Flagship,Volatile,KPI08,Customer Effort Score,LOWER,2.75,2.64,2.75,3.0,2026-05-31
Dubai,Central Dubai,Mariam Al Mansoori,Omar Rahman,Noor Abbas,BR025,Al Nuaimiya,Flagship,Volatile,KPI08,Customer Effort Score,LOWER,2.64,2.75,2.82,3.0,2026-06-30
Dubai,Central Dubai,Mariam Al Mansoori,Omar Rahman,Noor Abbas,BR025,Al Nuaimiya,Flagship,Volatile,KPI09,Digital Adoption Rate,HIGHER,66.6,67.0,66.9,75,2025-07-31
Dubai,Central Dubai,Mariam Al Mansoori,Omar Rahman,Noor Abbas,BR025,Al Nuaimiya,Flagship,Volatile,KPI09,Digital Adoption Rate,HIGHER,67.0,66.9,66.5,75,2025-08-31
Dubai,Central Dubai,Mariam Al Mansoori,Omar Rahman,Noor Abbas,BR025,Al Nuaimiya,Flagship,Volatile,KPI09,Digital Adoption Rate,HIGHER,66.9,66.5,65.4,75,2025-09-30
Dubai,Central Dubai,Mariam Al Mansoori,Omar Rahman,Noor Abbas,BR025,Al Nuaimiya,Flagship,Volatile,KPI09,Digital Adoption Rate,HIGHER,66.5,65.4,67.1,75,2025-10-31
Dubai,Central Dubai,Mariam Al Mansoori,Omar Rahman,Noor Abbas,BR025,Al Nuaimiya,Flagship,Volatile,KPI09,Digital Adoption Rate,HIGHER,65.4,67.1,68.4,75,2025-11-30
Dubai,Central Dubai,Mariam Al Mansoori,Omar Rahman,Noor Abbas,BR025,Al Nuaimiya,Flagship,Volatile,KPI09,Digital Adoption Rate,HIGHER,67.1,68.4,67.9,75,2025-12-31
Dubai,Central Dubai,Mariam Al Mansoori,Omar Rahman,Noor Abbas,BR025,Al Nuaimiya,Flagship,Volatile,KPI09,Digital Adoption Rate,HIGHER,68.4,67.9,67.0,75,2026-01-31
Dubai,Central Dubai,Mariam Al Mansoori,Omar Rahman,Noor Abbas,BR025,Al Nuaimiya,Flagship,Volatile,KPI09,Digital Adoption Rate,HIGHER,67.9,67.0,66.0,75,2026-02-28
Dubai,Central Dubai,Mariam Al Mansoori,Omar Rahman,Noor Abbas,BR025,Al Nuaimiya,Flagship,Volatile,KPI09,Digital Adoption Rate,HIGHER,67.0,66.0,68.1,75,2026-03-31
Dubai,Central Dubai,Mariam Al Mansoori,Omar Rahman,Noor Abbas,BR025,Al Nuaimiya,Flagship,Volatile,KPI09,Digital Adoption Rate,HIGHER,66.0,68.1,69.2,75,2026-04-30
Dubai,Central Dubai,Mariam Al Mansoori,Omar Rahman,Noor Abbas,BR025,Al Nuaimiya,Flagship,Volatile,KPI09,Digital Adoption Rate,HIGHER,68.1,69.2,69.0,75,2026-05-31
Dubai,Central Dubai,Mariam Al Mansoori,Omar Rahman,Noor Abbas,BR025,Al Nuaimiya,Flagship,Volatile,KPI09,Digital Adoption Rate,HIGHER,69.2,69.0,68.6,75,2026-06-30
Dubai,Central Dubai,Mariam Al Mansoori,Omar Rahman,Noor Abbas,BR025,Al Nuaimiya,Flagship,Volatile,KPI10,Repeat Complaint Rate,LOWER,18.7,18.8,18.6,8,2025-07-31
Dubai,Central Dubai,Mariam Al Mansoori,Omar Rahman,Noor Abbas,BR025,Al Nuaimiya,Flagship,Volatile,KPI10,Repeat Complaint Rate,LOWER,18.8,18.6,18.9,8,2025-08-31
Dubai,Central Dubai,Mariam Al Mansoori,Omar Rahman,Noor Abbas,BR025,Al Nuaimiya,Flagship,Volatile,KPI10,Repeat Complaint Rate,LOWER,18.6,18.9,19.7,8,2025-09-30
Dubai,Central Dubai,Mariam Al Mansoori,Omar Rahman,Noor Abbas,BR025,Al Nuaimiya,Flagship,Volatile,KPI10,Repeat Complaint Rate,LOWER,18.9,19.7,19.6,8,2025-10-31
Dubai,Central Dubai,Mariam Al Mansoori,Omar Rahman,Noor Abbas,BR025,Al Nuaimiya,Flagship,Volatile,KPI10,Repeat Complaint Rate,LOWER,19.7,19.6,19.2,8,2025-11-30
Dubai,Central Dubai,Mariam Al Mansoori,Omar Rahman,Noor Abbas,BR025,Al Nuaimiya,Flagship,Volatile,KPI10,Repeat Complaint Rate,LOWER,19.6,19.2,18.7,8,2025-12-31
Dubai,Central Dubai,Mariam Al Mansoori,Omar Rahman,Noor Abbas,BR025,Al Nuaimiya,Flagship,Volatile,KPI10,Repeat Complaint Rate,LOWER,19.2,18.7,19.1,8,2026-01-31
Dubai,Central Dubai,Mariam Al Mansoori,Omar Rahman,Noor Abbas,BR025,Al Nuaimiya,Flagship,Volatile,KPI10,Repeat Complaint Rate,LOWER,18.7,19.1,19.4,8,2026-02-28
Dubai,Central Dubai,Mariam Al Mansoori,Omar Rahman,Noor Abbas,BR025,Al Nuaimiya,Flagship,Volatile,KPI10,Repeat Complaint Rate,LOWER,19.1,19.4,18.5,8,2026-03-31
Dubai,Central Dubai,Mariam Al Mansoori,Omar Rahman,Noor Abbas,BR025,Al Nuaimiya,Flagship,Volatile,KPI10,Repeat Complaint Rate,LOWER,19.4,18.5,18.1,8,2026-04-30
Dubai,Central Dubai,Mariam Al Mansoori,Omar Rahman,Noor Abbas,BR025,Al Nuaimiya,Flagship,Volatile,KPI10,Repeat Complaint Rate,LOWER,18.5,18.1,18.8,8,2026-05-31
Dubai,Central Dubai,Mariam Al Mansoori,Omar Rahman,Noor Abbas,BR025,Al Nuaimiya,Flagship,Volatile,KPI10,Repeat Complaint Rate,LOWER,18.1,18.8,19.2,8,2026-06-30
Abu Dhabi,Khalifa City,Saeed Al Mazrouei,Faisal Karim,Rashid Ali,BR026,Ras Al Khaimah Main,Premium,Improving,KPI01,CSAT,HIGHER,84.6,84.8,85.5,85,2025-07-31
Abu Dhabi,Khalifa City,Saeed Al Mazrouei,Faisal Karim,Rashid Ali,BR026,Ras Al Khaimah Main,Premium,Improving,KPI01,CSAT,HIGHER,84.8,85.5,86.2,85,2025-08-31
Abu Dhabi,Khalifa City,Saeed Al Mazrouei,Faisal Karim,Rashid Ali,BR026,Ras Al Khaimah Main,Premium,Improving,KPI01,CSAT,HIGHER,85.5,86.2,86.6,85,2025-09-30
Abu Dhabi,Khalifa City,Saeed Al Mazrouei,Faisal Karim,Rashid Ali,BR026,Ras Al Khaimah Main,Premium,Improving,KPI01,CSAT,HIGHER,86.2,86.6,87.1,85,2025-10-31
Abu Dhabi,Khalifa City,Saeed Al Mazrouei,Faisal Karim,Rashid Ali,BR026,Ras Al Khaimah Main,Premium,Improving,KPI01,CSAT,HIGHER,86.6,87.1,88.1,85,2025-11-30
Abu Dhabi,Khalifa City,Saeed Al Mazrouei,Faisal Karim,Rashid Ali,BR026,Ras Al Khaimah Main,Premium,Improving,KPI01,CSAT,HIGHER,87.1,88.1,88.8,85,2025-12-31
Abu Dhabi,Khalifa City,Saeed Al Mazrouei,Faisal Karim,Rashid Ali,BR026,Ras Al Khaimah Main,Premium,Improving,KPI01,CSAT,HIGHER,88.1,88.8,88.8,85,2026-01-31
Abu Dhabi,Khalifa City,Saeed Al Mazrouei,Faisal Karim,Rashid Ali,BR026,Ras Al Khaimah Main,Premium,Improving,KPI01,CSAT,HIGHER,88.8,88.8,89.0,85,2026-02-28
Abu Dhabi,Khalifa City,Saeed Al Mazrouei,Faisal Karim,Rashid Ali,BR026,Ras Al Khaimah Main,Premium,Improving,KPI01,CSAT,HIGHER,88.8,89.0,89.5,85,2026-03-31
Abu Dhabi,Khalifa City,Saeed Al Mazrouei,Faisal Karim,Rashid Ali,BR026,Ras Al Khaimah Main,Premium,Improving,KPI01,CSAT,HIGHER,89.0,89.5,90.2,85,2026-04-30
Abu Dhabi,Khalifa City,Saeed Al Mazrouei,Faisal Karim,Rashid Ali,BR026,Ras Al Khaimah Main,Premium,Improving,KPI01,CSAT,HIGHER,89.5,90.2,90.3,85,2026-05-31
Abu Dhabi,Khalifa City,Saeed Al Mazrouei,Faisal Karim,Rashid Ali,BR026,Ras Al Khaimah Main,Premium,Improving,KPI01,CSAT,HIGHER,90.2,90.3,91.0,85,2026-06-30
Abu Dhabi,Khalifa City,Saeed Al Mazrouei,Faisal Karim,Rashid Ali,BR026,Ras Al Khaimah Main,Premium,Improving,KPI02,NPS,HIGHER,34.5,35.6,35.5,40,2025-07-31
Abu Dhabi,Khalifa City,Saeed Al Mazrouei,Faisal Karim,Rashid Ali,BR026,Ras Al Khaimah Main,Premium,Improving,KPI02,NPS,HIGHER,35.6,35.5,36.3,40,2025-08-31
Abu Dhabi,Khalifa City,Saeed Al Mazrouei,Faisal Karim,Rashid Ali,BR026,Ras Al Khaimah Main,Premium,Improving,KPI02,NPS,HIGHER,35.5,36.3,36.3,40,2025-09-30
Abu Dhabi,Khalifa City,Saeed Al Mazrouei,Faisal Karim,Rashid Ali,BR026,Ras Al Khaimah Main,Premium,Improving,KPI02,NPS,HIGHER,36.3,36.3,36.4,40,2025-10-31
Abu Dhabi,Khalifa City,Saeed Al Mazrouei,Faisal Karim,Rashid Ali,BR026,Ras Al Khaimah Main,Premium,Improving,KPI02,NPS,HIGHER,36.3,36.4,36.3,40,2025-11-30
Abu Dhabi,Khalifa City,Saeed Al Mazrouei,Faisal Karim,Rashid Ali,BR026,Ras Al Khaimah Main,Premium,Improving,KPI02,NPS,HIGHER,36.4,36.3,36.7,40,2025-12-31
Abu Dhabi,Khalifa City,Saeed Al Mazrouei,Faisal Karim,Rashid Ali,BR026,Ras Al Khaimah Main,Premium,Improving,KPI02,NPS,HIGHER,36.3,36.7,39.3,40,2026-01-31
Abu Dhabi,Khalifa City,Saeed Al Mazrouei,Faisal Karim,Rashid Ali,BR026,Ras Al Khaimah Main,Premium,Improving,KPI02,NPS,HIGHER,36.7,39.3,41.1,40,2026-02-28
Abu Dhabi,Khalifa City,Saeed Al Mazrouei,Faisal Karim,Rashid Ali,BR026,Ras Al Khaimah Main,Premium,Improving,KPI02,NPS,HIGHER,39.3,41.1,43.2,40,2026-03-31
Abu Dhabi,Khalifa City,Saeed Al Mazrouei,Faisal Karim,Rashid Ali,BR026,Ras Al Khaimah Main,Premium,Improving,KPI02,NPS,HIGHER,41.1,43.2,45.1,40,2026-04-30
Abu Dhabi,Khalifa City,Saeed Al Mazrouei,Faisal Karim,Rashid Ali,BR026,Ras Al Khaimah Main,Premium,Improving,KPI02,NPS,HIGHER,43.2,45.1,46.0,40,2026-05-31
Abu Dhabi,Khalifa City,Saeed Al Mazrouei,Faisal Karim,Rashid Ali,BR026,Ras Al Khaimah Main,Premium,Improving,KPI02,NPS,HIGHER,45.1,46.0,47.3,40,2026-06-30
Abu Dhabi,Khalifa City,Saeed Al Mazrouei,Faisal Karim,Rashid Ali,BR026,Ras Al Khaimah Main,Premium,Improving,KPI03,Complaint Rate,LOWER,3.59,3.54,3.43,2.0,2025-07-31
Abu Dhabi,Khalifa City,Saeed Al Mazrouei,Faisal Karim,Rashid Ali,BR026,Ras Al Khaimah Main,Premium,Improving,KPI03,Complaint Rate,LOWER,3.54,3.43,3.29,2.0,2025-08-31
Abu Dhabi,Khalifa City,Saeed Al Mazrouei,Faisal Karim,Rashid Ali,BR026,Ras Al Khaimah Main,Premium,Improving,KPI03,Complaint Rate,LOWER,3.43,3.29,3.19,2.0,2025-09-30
Abu Dhabi,Khalifa City,Saeed Al Mazrouei,Faisal Karim,Rashid Ali,BR026,Ras Al Khaimah Main,Premium,Improving,KPI03,Complaint Rate,LOWER,3.29,3.19,3.1,2.0,2025-10-31
Abu Dhabi,Khalifa City,Saeed Al Mazrouei,Faisal Karim,Rashid Ali,BR026,Ras Al Khaimah Main,Premium,Improving,KPI03,Complaint Rate,LOWER,3.19,3.1,2.94,2.0,2025-11-30
Abu Dhabi,Khalifa City,Saeed Al Mazrouei,Faisal Karim,Rashid Ali,BR026,Ras Al Khaimah Main,Premium,Improving,KPI03,Complaint Rate,LOWER,3.1,2.94,2.93,2.0,2025-12-31
Abu Dhabi,Khalifa City,Saeed Al Mazrouei,Faisal Karim,Rashid Ali,BR026,Ras Al Khaimah Main,Premium,Improving,KPI03,Complaint Rate,LOWER,2.94,2.93,2.71,2.0,2026-01-31
Abu Dhabi,Khalifa City,Saeed Al Mazrouei,Faisal Karim,Rashid Ali,BR026,Ras Al Khaimah Main,Premium,Improving,KPI03,Complaint Rate,LOWER,2.93,2.71,2.59,2.0,2026-02-28
Abu Dhabi,Khalifa City,Saeed Al Mazrouei,Faisal Karim,Rashid Ali,BR026,Ras Al Khaimah Main,Premium,Improving,KPI03,Complaint Rate,LOWER,2.71,2.59,2.57,2.0,2026-03-31
Abu Dhabi,Khalifa City,Saeed Al Mazrouei,Faisal Karim,Rashid Ali,BR026,Ras Al Khaimah Main,Premium,Improving,KPI03,Complaint Rate,LOWER,2.59,2.57,2.57,2.0,2026-04-30
Abu Dhabi,Khalifa City,Saeed Al Mazrouei,Faisal Karim,Rashid Ali,BR026,Ras Al Khaimah Main,Premium,Improving,KPI03,Complaint Rate,LOWER,2.57,2.57,2.58,2.0,2026-05-31
Abu Dhabi,Khalifa City,Saeed Al Mazrouei,Faisal Karim,Rashid Ali,BR026,Ras Al Khaimah Main,Premium,Improving,KPI03,Complaint Rate,LOWER,2.57,2.58,2.45,2.0,2026-06-30
Abu Dhabi,Khalifa City,Saeed Al Mazrouei,Faisal Karim,Rashid Ali,BR026,Ras Al Khaimah Main,Premium,Improving,KPI04,Complaint Volume,LOWER,162.0,164.0,155.0,100,2025-07-31
Abu Dhabi,Khalifa City,Saeed Al Mazrouei,Faisal Karim,Rashid Ali,BR026,Ras Al Khaimah Main,Premium,Improving,KPI04,Complaint Volume,LOWER,164.0,155.0,149.0,100,2025-08-31
Abu Dhabi,Khalifa City,Saeed Al Mazrouei,Faisal Karim,Rashid Ali,BR026,Ras Al Khaimah Main,Premium,Improving,KPI04,Complaint Volume,LOWER,155.0,149.0,145.0,100,2025-09-30
Abu Dhabi,Khalifa City,Saeed Al Mazrouei,Faisal Karim,Rashid Ali,BR026,Ras Al Khaimah Main,Premium,Improving,KPI04,Complaint Volume,LOWER,149.0,145.0,141.0,100,2025-10-31
Abu Dhabi,Khalifa City,Saeed Al Mazrouei,Faisal Karim,Rashid Ali,BR026,Ras Al Khaimah Main,Premium,Improving,KPI04,Complaint Volume,LOWER,145.0,141.0,133.0,100,2025-11-30
Abu Dhabi,Khalifa City,Saeed Al Mazrouei,Faisal Karim,Rashid Ali,BR026,Ras Al Khaimah Main,Premium,Improving,KPI04,Complaint Volume,LOWER,141.0,133.0,126.0,100,2025-12-31
Abu Dhabi,Khalifa City,Saeed Al Mazrouei,Faisal Karim,Rashid Ali,BR026,Ras Al Khaimah Main,Premium,Improving,KPI04,Complaint Volume,LOWER,133.0,126.0,125.0,100,2026-01-31
Abu Dhabi,Khalifa City,Saeed Al Mazrouei,Faisal Karim,Rashid Ali,BR026,Ras Al Khaimah Main,Premium,Improving,KPI04,Complaint Volume,LOWER,126.0,125.0,119.0,100,2026-02-28
Abu Dhabi,Khalifa City,Saeed Al Mazrouei,Faisal Karim,Rashid Ali,BR026,Ras Al Khaimah Main,Premium,Improving,KPI04,Complaint Volume,LOWER,125.0,119.0,115.0,100,2026-03-31
Abu Dhabi,Khalifa City,Saeed Al Mazrouei,Faisal Karim,Rashid Ali,BR026,Ras Al Khaimah Main,Premium,Improving,KPI04,Complaint Volume,LOWER,119.0,115.0,103.0,100,2026-04-30
Abu Dhabi,Khalifa City,Saeed Al Mazrouei,Faisal Karim,Rashid Ali,BR026,Ras Al Khaimah Main,Premium,Improving,KPI04,Complaint Volume,LOWER,115.0,103.0,96.0,100,2026-05-31
Abu Dhabi,Khalifa City,Saeed Al Mazrouei,Faisal Karim,Rashid Ali,BR026,Ras Al Khaimah Main,Premium,Improving,KPI04,Complaint Volume,LOWER,103.0,96.0,95.0,100,2026-06-30
Abu Dhabi,Khalifa City,Saeed Al Mazrouei,Faisal Karim,Rashid Ali,BR026,Ras Al Khaimah Main,Premium,Improving,KPI05,Resolution Time,LOWER,4.77,4.67,4.6,3.0,2025-07-31
Abu Dhabi,Khalifa City,Saeed Al Mazrouei,Faisal Karim,Rashid Ali,BR026,Ras Al Khaimah Main,Premium,Improving,KPI05,Resolution Time,LOWER,4.67,4.6,4.65,3.0,2025-08-31
Abu Dhabi,Khalifa City,Saeed Al Mazrouei,Faisal Karim,Rashid Ali,BR026,Ras Al Khaimah Main,Premium,Improving,KPI05,Resolution Time,LOWER,4.6,4.65,4.57,3.0,2025-09-30
Abu Dhabi,Khalifa City,Saeed Al Mazrouei,Faisal Karim,Rashid Ali,BR026,Ras Al Khaimah Main,Premium,Improving,KPI05,Resolution Time,LOWER,4.65,4.57,4.52,3.0,2025-10-31
Abu Dhabi,Khalifa City,Saeed Al Mazrouei,Faisal Karim,Rashid Ali,BR026,Ras Al Khaimah Main,Premium,Improving,KPI05,Resolution Time,LOWER,4.57,4.52,4.47,3.0,2025-11-30
Abu Dhabi,Khalifa City,Saeed Al Mazrouei,Faisal Karim,Rashid Ali,BR026,Ras Al Khaimah Main,Premium,Improving,KPI05,Resolution Time,LOWER,4.52,4.47,4.23,3.0,2025-12-31
Abu Dhabi,Khalifa City,Saeed Al Mazrouei,Faisal Karim,Rashid Ali,BR026,Ras Al Khaimah Main,Premium,Improving,KPI05,Resolution Time,LOWER,4.47,4.23,4.24,3.0,2026-01-31
Abu Dhabi,Khalifa City,Saeed Al Mazrouei,Faisal Karim,Rashid Ali,BR026,Ras Al Khaimah Main,Premium,Improving,KPI05,Resolution Time,LOWER,4.23,4.24,4.01,3.0,2026-02-28
Abu Dhabi,Khalifa City,Saeed Al Mazrouei,Faisal Karim,Rashid Ali,BR026,Ras Al Khaimah Main,Premium,Improving,KPI05,Resolution Time,LOWER,4.24,4.01,3.99,3.0,2026-03-31
Abu Dhabi,Khalifa City,Saeed Al Mazrouei,Faisal Karim,Rashid Ali,BR026,Ras Al Khaimah Main,Premium,Improving,KPI05,Resolution Time,LOWER,4.01,3.99,3.9,3.0,2026-04-30
Abu Dhabi,Khalifa City,Saeed Al Mazrouei,Faisal Karim,Rashid Ali,BR026,Ras Al Khaimah Main,Premium,Improving,KPI05,Resolution Time,LOWER,3.99,3.9,3.74,3.0,2026-05-31
Abu Dhabi,Khalifa City,Saeed Al Mazrouei,Faisal Karim,Rashid Ali,BR026,Ras Al Khaimah Main,Premium,Improving,KPI05,Resolution Time,LOWER,3.9,3.74,3.63,3.0,2026-06-30
Abu Dhabi,Khalifa City,Saeed Al Mazrouei,Faisal Karim,Rashid Ali,BR026,Ras Al Khaimah Main,Premium,Improving,KPI06,SLA Compliance,HIGHER,80.2,81.0,81.1,95,2025-07-31
Abu Dhabi,Khalifa City,Saeed Al Mazrouei,Faisal Karim,Rashid Ali,BR026,Ras Al Khaimah Main,Premium,Improving,KPI06,SLA Compliance,HIGHER,81.0,81.1,81.6,95,2025-08-31
Abu Dhabi,Khalifa City,Saeed Al Mazrouei,Faisal Karim,Rashid Ali,BR026,Ras Al Khaimah Main,Premium,Improving,KPI06,SLA Compliance,HIGHER,81.1,81.6,82.4,95,2025-09-30
Abu Dhabi,Khalifa City,Saeed Al Mazrouei,Faisal Karim,Rashid Ali,BR026,Ras Al Khaimah Main,Premium,Improving,KPI06,SLA Compliance,HIGHER,81.6,82.4,83.2,95,2025-10-31
Abu Dhabi,Khalifa City,Saeed Al Mazrouei,Faisal Karim,Rashid Ali,BR026,Ras Al Khaimah Main,Premium,Improving,KPI06,SLA Compliance,HIGHER,82.4,83.2,84.1,95,2025-11-30
Abu Dhabi,Khalifa City,Saeed Al Mazrouei,Faisal Karim,Rashid Ali,BR026,Ras Al Khaimah Main,Premium,Improving,KPI06,SLA Compliance,HIGHER,83.2,84.1,84.8,95,2025-12-31
Abu Dhabi,Khalifa City,Saeed Al Mazrouei,Faisal Karim,Rashid Ali,BR026,Ras Al Khaimah Main,Premium,Improving,KPI06,SLA Compliance,HIGHER,84.1,84.8,85.5,95,2026-01-31
Abu Dhabi,Khalifa City,Saeed Al Mazrouei,Faisal Karim,Rashid Ali,BR026,Ras Al Khaimah Main,Premium,Improving,KPI06,SLA Compliance,HIGHER,84.8,85.5,85.8,95,2026-02-28
Abu Dhabi,Khalifa City,Saeed Al Mazrouei,Faisal Karim,Rashid Ali,BR026,Ras Al Khaimah Main,Premium,Improving,KPI06,SLA Compliance,HIGHER,85.5,85.8,85.8,95,2026-03-31
Abu Dhabi,Khalifa City,Saeed Al Mazrouei,Faisal Karim,Rashid Ali,BR026,Ras Al Khaimah Main,Premium,Improving,KPI06,SLA Compliance,HIGHER,85.8,85.8,86.4,95,2026-04-30
Abu Dhabi,Khalifa City,Saeed Al Mazrouei,Faisal Karim,Rashid Ali,BR026,Ras Al Khaimah Main,Premium,Improving,KPI06,SLA Compliance,HIGHER,85.8,86.4,86.7,95,2026-05-31
Abu Dhabi,Khalifa City,Saeed Al Mazrouei,Faisal Karim,Rashid Ali,BR026,Ras Al Khaimah Main,Premium,Improving,KPI06,SLA Compliance,HIGHER,86.4,86.7,87.6,95,2026-06-30
Abu Dhabi,Khalifa City,Saeed Al Mazrouei,Faisal Karim,Rashid Ali,BR026,Ras Al Khaimah Main,Premium,Improving,KPI07,First Contact Resolution,HIGHER,79.4,80.2,80.7,85,2025-07-31
Abu Dhabi,Khalifa City,Saeed Al Mazrouei,Faisal Karim,Rashid Ali,BR026,Ras Al Khaimah Main,Premium,Improving,KPI07,First Contact Resolution,HIGHER,80.2,80.7,81.3,85,2025-08-31
Abu Dhabi,Khalifa City,Saeed Al Mazrouei,Faisal Karim,Rashid Ali,BR026,Ras Al Khaimah Main,Premium,Improving,KPI07,First Contact Resolution,HIGHER,80.7,81.3,81.8,85,2025-09-30
Abu Dhabi,Khalifa City,Saeed Al Mazrouei,Faisal Karim,Rashid Ali,BR026,Ras Al Khaimah Main,Premium,Improving,KPI07,First Contact Resolution,HIGHER,81.3,81.8,82.6,85,2025-10-31
Abu Dhabi,Khalifa City,Saeed Al Mazrouei,Faisal Karim,Rashid Ali,BR026,Ras Al Khaimah Main,Premium,Improving,KPI07,First Contact Resolution,HIGHER,81.8,82.6,83.1,85,2025-11-30
Abu Dhabi,Khalifa City,Saeed Al Mazrouei,Faisal Karim,Rashid Ali,BR026,Ras Al Khaimah Main,Premium,Improving,KPI07,First Contact Resolution,HIGHER,82.6,83.1,83.2,85,2025-12-31
Abu Dhabi,Khalifa City,Saeed Al Mazrouei,Faisal Karim,Rashid Ali,BR026,Ras Al Khaimah Main,Premium,Improving,KPI07,First Contact Resolution,HIGHER,83.1,83.2,83.9,85,2026-01-31
Abu Dhabi,Khalifa City,Saeed Al Mazrouei,Faisal Karim,Rashid Ali,BR026,Ras Al Khaimah Main,Premium,Improving,KPI07,First Contact Resolution,HIGHER,83.2,83.9,84.2,85,2026-02-28
Abu Dhabi,Khalifa City,Saeed Al Mazrouei,Faisal Karim,Rashid Ali,BR026,Ras Al Khaimah Main,Premium,Improving,KPI07,First Contact Resolution,HIGHER,83.9,84.2,84.6,85,2026-03-31
Abu Dhabi,Khalifa City,Saeed Al Mazrouei,Faisal Karim,Rashid Ali,BR026,Ras Al Khaimah Main,Premium,Improving,KPI07,First Contact Resolution,HIGHER,84.2,84.6,84.3,85,2026-04-30
Abu Dhabi,Khalifa City,Saeed Al Mazrouei,Faisal Karim,Rashid Ali,BR026,Ras Al Khaimah Main,Premium,Improving,KPI07,First Contact Resolution,HIGHER,84.6,84.3,84.5,85,2026-05-31
Abu Dhabi,Khalifa City,Saeed Al Mazrouei,Faisal Karim,Rashid Ali,BR026,Ras Al Khaimah Main,Premium,Improving,KPI07,First Contact Resolution,HIGHER,84.3,84.5,85.1,85,2026-06-30
Abu Dhabi,Khalifa City,Saeed Al Mazrouei,Faisal Karim,Rashid Ali,BR026,Ras Al Khaimah Main,Premium,Improving,KPI08,Customer Effort Score,LOWER,2.89,2.82,2.69,3.0,2025-07-31
Abu Dhabi,Khalifa City,Saeed Al Mazrouei,Faisal Karim,Rashid Ali,BR026,Ras Al Khaimah Main,Premium,Improving,KPI08,Customer Effort Score,LOWER,2.82,2.69,2.57,3.0,2025-08-31
Abu Dhabi,Khalifa City,Saeed Al Mazrouei,Faisal Karim,Rashid Ali,BR026,Ras Al Khaimah Main,Premium,Improving,KPI08,Customer Effort Score,LOWER,2.69,2.57,2.53,3.0,2025-09-30
Abu Dhabi,Khalifa City,Saeed Al Mazrouei,Faisal Karim,Rashid Ali,BR026,Ras Al Khaimah Main,Premium,Improving,KPI08,Customer Effort Score,LOWER,2.57,2.53,2.45,3.0,2025-10-31
Abu Dhabi,Khalifa City,Saeed Al Mazrouei,Faisal Karim,Rashid Ali,BR026,Ras Al Khaimah Main,Premium,Improving,KPI08,Customer Effort Score,LOWER,2.53,2.45,2.35,3.0,2025-11-30
Abu Dhabi,Khalifa City,Saeed Al Mazrouei,Faisal Karim,Rashid Ali,BR026,Ras Al Khaimah Main,Premium,Improving,KPI08,Customer Effort Score,LOWER,2.45,2.35,2.28,3.0,2025-12-31
Abu Dhabi,Khalifa City,Saeed Al Mazrouei,Faisal Karim,Rashid Ali,BR026,Ras Al Khaimah Main,Premium,Improving,KPI08,Customer Effort Score,LOWER,2.35,2.28,2.24,3.0,2026-01-31
Abu Dhabi,Khalifa City,Saeed Al Mazrouei,Faisal Karim,Rashid Ali,BR026,Ras Al Khaimah Main,Premium,Improving,KPI08,Customer Effort Score,LOWER,2.28,2.24,2.16,3.0,2026-02-28
Abu Dhabi,Khalifa City,Saeed Al Mazrouei,Faisal Karim,Rashid Ali,BR026,Ras Al Khaimah Main,Premium,Improving,KPI08,Customer Effort Score,LOWER,2.24,2.16,2.11,3.0,2026-03-31
Abu Dhabi,Khalifa City,Saeed Al Mazrouei,Faisal Karim,Rashid Ali,BR026,Ras Al Khaimah Main,Premium,Improving,KPI08,Customer Effort Score,LOWER,2.16,2.11,2.06,3.0,2026-04-30
Abu Dhabi,Khalifa City,Saeed Al Mazrouei,Faisal Karim,Rashid Ali,BR026,Ras Al Khaimah Main,Premium,Improving,KPI08,Customer Effort Score,LOWER,2.11,2.06,1.98,3.0,2026-05-31
Abu Dhabi,Khalifa City,Saeed Al Mazrouei,Faisal Karim,Rashid Ali,BR026,Ras Al Khaimah Main,Premium,Improving,KPI08,Customer Effort Score,LOWER,2.06,1.98,1.92,3.0,2026-06-30
Abu Dhabi,Khalifa City,Saeed Al Mazrouei,Faisal Karim,Rashid Ali,BR026,Ras Al Khaimah Main,Premium,Improving,KPI09,Digital Adoption Rate,HIGHER,73.0,74.2,75.5,75,2025-07-31
Abu Dhabi,Khalifa City,Saeed Al Mazrouei,Faisal Karim,Rashid Ali,BR026,Ras Al Khaimah Main,Premium,Improving,KPI09,Digital Adoption Rate,HIGHER,74.2,75.5,75.9,75,2025-08-31
Abu Dhabi,Khalifa City,Saeed Al Mazrouei,Faisal Karim,Rashid Ali,BR026,Ras Al Khaimah Main,Premium,Improving,KPI09,Digital Adoption Rate,HIGHER,75.5,75.9,74.5,75,2025-09-30
Abu Dhabi,Khalifa City,Saeed Al Mazrouei,Faisal Karim,Rashid Ali,BR026,Ras Al Khaimah Main,Premium,Improving,KPI09,Digital Adoption Rate,HIGHER,75.9,74.5,74.7,75,2025-10-31
Abu Dhabi,Khalifa City,Saeed Al Mazrouei,Faisal Karim,Rashid Ali,BR026,Ras Al Khaimah Main,Premium,Improving,KPI09,Digital Adoption Rate,HIGHER,74.5,74.7,74.4,75,2025-11-30
Abu Dhabi,Khalifa City,Saeed Al Mazrouei,Faisal Karim,Rashid Ali,BR026,Ras Al Khaimah Main,Premium,Improving,KPI09,Digital Adoption Rate,HIGHER,74.7,74.4,75.3,75,2025-12-31
Abu Dhabi,Khalifa City,Saeed Al Mazrouei,Faisal Karim,Rashid Ali,BR026,Ras Al Khaimah Main,Premium,Improving,KPI09,Digital Adoption Rate,HIGHER,74.4,75.3,75.8,75,2026-01-31
Abu Dhabi,Khalifa City,Saeed Al Mazrouei,Faisal Karim,Rashid Ali,BR026,Ras Al Khaimah Main,Premium,Improving,KPI09,Digital Adoption Rate,HIGHER,75.3,75.8,76.8,75,2026-02-28
Abu Dhabi,Khalifa City,Saeed Al Mazrouei,Faisal Karim,Rashid Ali,BR026,Ras Al Khaimah Main,Premium,Improving,KPI09,Digital Adoption Rate,HIGHER,75.8,76.8,77.7,75,2026-03-31
Abu Dhabi,Khalifa City,Saeed Al Mazrouei,Faisal Karim,Rashid Ali,BR026,Ras Al Khaimah Main,Premium,Improving,KPI09,Digital Adoption Rate,HIGHER,76.8,77.7,77.5,75,2026-04-30
Abu Dhabi,Khalifa City,Saeed Al Mazrouei,Faisal Karim,Rashid Ali,BR026,Ras Al Khaimah Main,Premium,Improving,KPI09,Digital Adoption Rate,HIGHER,77.7,77.5,78.0,75,2026-05-31
Abu Dhabi,Khalifa City,Saeed Al Mazrouei,Faisal Karim,Rashid Ali,BR026,Ras Al Khaimah Main,Premium,Improving,KPI09,Digital Adoption Rate,HIGHER,77.5,78.0,79.4,75,2026-06-30
Abu Dhabi,Khalifa City,Saeed Al Mazrouei,Faisal Karim,Rashid Ali,BR026,Ras Al Khaimah Main,Premium,Improving,KPI10,Repeat Complaint Rate,LOWER,12.1,11.9,11.3,8,2025-07-31
Abu Dhabi,Khalifa City,Saeed Al Mazrouei,Faisal Karim,Rashid Ali,BR026,Ras Al Khaimah Main,Premium,Improving,KPI10,Repeat Complaint Rate,LOWER,11.9,11.3,10.5,8,2025-08-31
Abu Dhabi,Khalifa City,Saeed Al Mazrouei,Faisal Karim,Rashid Ali,BR026,Ras Al Khaimah Main,Premium,Improving,KPI10,Repeat Complaint Rate,LOWER,11.3,10.5,10.3,8,2025-09-30
Abu Dhabi,Khalifa City,Saeed Al Mazrouei,Faisal Karim,Rashid Ali,BR026,Ras Al Khaimah Main,Premium,Improving,KPI10,Repeat Complaint Rate,LOWER,10.5,10.3,9.6,8,2025-10-31
Abu Dhabi,Khalifa City,Saeed Al Mazrouei,Faisal Karim,Rashid Ali,BR026,Ras Al Khaimah Main,Premium,Improving,KPI10,Repeat Complaint Rate,LOWER,10.3,9.6,9.4,8,2025-11-30
Abu Dhabi,Khalifa City,Saeed Al Mazrouei,Faisal Karim,Rashid Ali,BR026,Ras Al Khaimah Main,Premium,Improving,KPI10,Repeat Complaint Rate,LOWER,9.6,9.4,9.4,8,2025-12-31
Abu Dhabi,Khalifa City,Saeed Al Mazrouei,Faisal Karim,Rashid Ali,BR026,Ras Al Khaimah Main,Premium,Improving,KPI10,Repeat Complaint Rate,LOWER,9.4,9.4,8.9,8,2026-01-31
Abu Dhabi,Khalifa City,Saeed Al Mazrouei,Faisal Karim,Rashid Ali,BR026,Ras Al Khaimah Main,Premium,Improving,KPI10,Repeat Complaint Rate,LOWER,9.4,8.9,8.6,8,2026-02-28
Abu Dhabi,Khalifa City,Saeed Al Mazrouei,Faisal Karim,Rashid Ali,BR026,Ras Al Khaimah Main,Premium,Improving,KPI10,Repeat Complaint Rate,LOWER,8.9,8.6,8.6,8,2026-03-31
Abu Dhabi,Khalifa City,Saeed Al Mazrouei,Faisal Karim,Rashid Ali,BR026,Ras Al Khaimah Main,Premium,Improving,KPI10,Repeat Complaint Rate,LOWER,8.6,8.6,8.2,8,2026-04-30
Abu Dhabi,Khalifa City,Saeed Al Mazrouei,Faisal Karim,Rashid Ali,BR026,Ras Al Khaimah Main,Premium,Improving,KPI10,Repeat Complaint Rate,LOWER,8.6,8.2,8.3,8,2026-05-31
Abu Dhabi,Khalifa City,Saeed Al Mazrouei,Faisal Karim,Rashid Ali,BR026,Ras Al Khaimah Main,Premium,Improving,KPI10,Repeat Complaint Rate,LOWER,8.2,8.3,7.8,8,2026-06-30
Sharjah,Muwaileh,Aisha Al Qasimi,Tariq Hamad,Sana Mir,BR027,Al Hamra,Standard,Declining,KPI01,CSAT,HIGHER,80.1,79.9,79.3,85,2025-07-31
Sharjah,Muwaileh,Aisha Al Qasimi,Tariq Hamad,Sana Mir,BR027,Al Hamra,Standard,Declining,KPI01,CSAT,HIGHER,79.9,79.3,78.9,85,2025-08-31
Sharjah,Muwaileh,Aisha Al Qasimi,Tariq Hamad,Sana Mir,BR027,Al Hamra,Standard,Declining,KPI01,CSAT,HIGHER,79.3,78.9,78.4,85,2025-09-30
Sharjah,Muwaileh,Aisha Al Qasimi,Tariq Hamad,Sana Mir,BR027,Al Hamra,Standard,Declining,KPI01,CSAT,HIGHER,78.9,78.4,78.0,85,2025-10-31
Sharjah,Muwaileh,Aisha Al Qasimi,Tariq Hamad,Sana Mir,BR027,Al Hamra,Standard,Declining,KPI01,CSAT,HIGHER,78.4,78.0,77.8,85,2025-11-30
Sharjah,Muwaileh,Aisha Al Qasimi,Tariq Hamad,Sana Mir,BR027,Al Hamra,Standard,Declining,KPI01,CSAT,HIGHER,78.0,77.8,78.1,85,2025-12-31
Sharjah,Muwaileh,Aisha Al Qasimi,Tariq Hamad,Sana Mir,BR027,Al Hamra,Standard,Declining,KPI01,CSAT,HIGHER,77.8,78.1,77.4,85,2026-01-31
Sharjah,Muwaileh,Aisha Al Qasimi,Tariq Hamad,Sana Mir,BR027,Al Hamra,Standard,Declining,KPI01,CSAT,HIGHER,78.1,77.4,77.3,85,2026-02-28
Sharjah,Muwaileh,Aisha Al Qasimi,Tariq Hamad,Sana Mir,BR027,Al Hamra,Standard,Declining,KPI01,CSAT,HIGHER,77.4,77.3,76.8,85,2026-03-31
Sharjah,Muwaileh,Aisha Al Qasimi,Tariq Hamad,Sana Mir,BR027,Al Hamra,Standard,Declining,KPI01,CSAT,HIGHER,77.3,76.8,76.4,85,2026-04-30
Sharjah,Muwaileh,Aisha Al Qasimi,Tariq Hamad,Sana Mir,BR027,Al Hamra,Standard,Declining,KPI01,CSAT,HIGHER,76.8,76.4,76.2,85,2026-05-31
Sharjah,Muwaileh,Aisha Al Qasimi,Tariq Hamad,Sana Mir,BR027,Al Hamra,Standard,Declining,KPI01,CSAT,HIGHER,76.4,76.2,75.8,85,2026-06-30
Sharjah,Muwaileh,Aisha Al Qasimi,Tariq Hamad,Sana Mir,BR027,Al Hamra,Standard,Declining,KPI02,NPS,HIGHER,40.7,39.5,38.8,40,2025-07-31
Sharjah,Muwaileh,Aisha Al Qasimi,Tariq Hamad,Sana Mir,BR027,Al Hamra,Standard,Declining,KPI02,NPS,HIGHER,39.5,38.8,37.2,40,2025-08-31
Sharjah,Muwaileh,Aisha Al Qasimi,Tariq Hamad,Sana Mir,BR027,Al Hamra,Standard,Declining,KPI02,NPS,HIGHER,38.8,37.2,35.8,40,2025-09-30
Sharjah,Muwaileh,Aisha Al Qasimi,Tariq Hamad,Sana Mir,BR027,Al Hamra,Standard,Declining,KPI02,NPS,HIGHER,37.2,35.8,34.6,40,2025-10-31
Sharjah,Muwaileh,Aisha Al Qasimi,Tariq Hamad,Sana Mir,BR027,Al Hamra,Standard,Declining,KPI02,NPS,HIGHER,35.8,34.6,33.2,40,2025-11-30
Sharjah,Muwaileh,Aisha Al Qasimi,Tariq Hamad,Sana Mir,BR027,Al Hamra,Standard,Declining,KPI02,NPS,HIGHER,34.6,33.2,31.6,40,2025-12-31
Sharjah,Muwaileh,Aisha Al Qasimi,Tariq Hamad,Sana Mir,BR027,Al Hamra,Standard,Declining,KPI02,NPS,HIGHER,33.2,31.6,29.7,40,2026-01-31
Sharjah,Muwaileh,Aisha Al Qasimi,Tariq Hamad,Sana Mir,BR027,Al Hamra,Standard,Declining,KPI02,NPS,HIGHER,31.6,29.7,27.4,40,2026-02-28
Sharjah,Muwaileh,Aisha Al Qasimi,Tariq Hamad,Sana Mir,BR027,Al Hamra,Standard,Declining,KPI02,NPS,HIGHER,29.7,27.4,25.7,40,2026-03-31
Sharjah,Muwaileh,Aisha Al Qasimi,Tariq Hamad,Sana Mir,BR027,Al Hamra,Standard,Declining,KPI02,NPS,HIGHER,27.4,25.7,24.6,40,2026-04-30
Sharjah,Muwaileh,Aisha Al Qasimi,Tariq Hamad,Sana Mir,BR027,Al Hamra,Standard,Declining,KPI02,NPS,HIGHER,25.7,24.6,24.4,40,2026-05-31
Sharjah,Muwaileh,Aisha Al Qasimi,Tariq Hamad,Sana Mir,BR027,Al Hamra,Standard,Declining,KPI02,NPS,HIGHER,24.6,24.4,22.9,40,2026-06-30
Sharjah,Muwaileh,Aisha Al Qasimi,Tariq Hamad,Sana Mir,BR027,Al Hamra,Standard,Declining,KPI03,Complaint Rate,LOWER,2.49,2.51,2.51,2.0,2025-07-31
Sharjah,Muwaileh,Aisha Al Qasimi,Tariq Hamad,Sana Mir,BR027,Al Hamra,Standard,Declining,KPI03,Complaint Rate,LOWER,2.51,2.51,2.59,2.0,2025-08-31
Sharjah,Muwaileh,Aisha Al Qasimi,Tariq Hamad,Sana Mir,BR027,Al Hamra,Standard,Declining,KPI03,Complaint Rate,LOWER,2.51,2.59,2.63,2.0,2025-09-30
Sharjah,Muwaileh,Aisha Al Qasimi,Tariq Hamad,Sana Mir,BR027,Al Hamra,Standard,Declining,KPI03,Complaint Rate,LOWER,2.59,2.63,2.71,2.0,2025-10-31
Sharjah,Muwaileh,Aisha Al Qasimi,Tariq Hamad,Sana Mir,BR027,Al Hamra,Standard,Declining,KPI03,Complaint Rate,LOWER,2.63,2.71,2.8,2.0,2025-11-30
Sharjah,Muwaileh,Aisha Al Qasimi,Tariq Hamad,Sana Mir,BR027,Al Hamra,Standard,Declining,KPI03,Complaint Rate,LOWER,2.71,2.8,2.89,2.0,2025-12-31
Sharjah,Muwaileh,Aisha Al Qasimi,Tariq Hamad,Sana Mir,BR027,Al Hamra,Standard,Declining,KPI03,Complaint Rate,LOWER,2.8,2.89,2.94,2.0,2026-01-31
Sharjah,Muwaileh,Aisha Al Qasimi,Tariq Hamad,Sana Mir,BR027,Al Hamra,Standard,Declining,KPI03,Complaint Rate,LOWER,2.89,2.94,2.99,2.0,2026-02-28
Sharjah,Muwaileh,Aisha Al Qasimi,Tariq Hamad,Sana Mir,BR027,Al Hamra,Standard,Declining,KPI03,Complaint Rate,LOWER,2.94,2.99,3.09,2.0,2026-03-31
Sharjah,Muwaileh,Aisha Al Qasimi,Tariq Hamad,Sana Mir,BR027,Al Hamra,Standard,Declining,KPI03,Complaint Rate,LOWER,2.99,3.09,3.22,2.0,2026-04-30
Sharjah,Muwaileh,Aisha Al Qasimi,Tariq Hamad,Sana Mir,BR027,Al Hamra,Standard,Declining,KPI03,Complaint Rate,LOWER,3.09,3.22,3.29,2.0,2026-05-31
Sharjah,Muwaileh,Aisha Al Qasimi,Tariq Hamad,Sana Mir,BR027,Al Hamra,Standard,Declining,KPI03,Complaint Rate,LOWER,3.22,3.29,3.33,2.0,2026-06-30
Sharjah,Muwaileh,Aisha Al Qasimi,Tariq Hamad,Sana Mir,BR027,Al Hamra,Standard,Declining,KPI04,Complaint Volume,LOWER,92.0,91.0,91.0,100,2025-07-31
Sharjah,Muwaileh,Aisha Al Qasimi,Tariq Hamad,Sana Mir,BR027,Al Hamra,Standard,Declining,KPI04,Complaint Volume,LOWER,91.0,91.0,96.0,100,2025-08-31
Sharjah,Muwaileh,Aisha Al Qasimi,Tariq Hamad,Sana Mir,BR027,Al Hamra,Standard,Declining,KPI04,Complaint Volume,LOWER,91.0,96.0,101.0,100,2025-09-30
Sharjah,Muwaileh,Aisha Al Qasimi,Tariq Hamad,Sana Mir,BR027,Al Hamra,Standard,Declining,KPI04,Complaint Volume,LOWER,96.0,101.0,108.0,100,2025-10-31
Sharjah,Muwaileh,Aisha Al Qasimi,Tariq Hamad,Sana Mir,BR027,Al Hamra,Standard,Declining,KPI04,Complaint Volume,LOWER,101.0,108.0,112.0,100,2025-11-30
Sharjah,Muwaileh,Aisha Al Qasimi,Tariq Hamad,Sana Mir,BR027,Al Hamra,Standard,Declining,KPI04,Complaint Volume,LOWER,108.0,112.0,116.0,100,2025-12-31
Sharjah,Muwaileh,Aisha Al Qasimi,Tariq Hamad,Sana Mir,BR027,Al Hamra,Standard,Declining,KPI04,Complaint Volume,LOWER,112.0,116.0,125.0,100,2026-01-31
Sharjah,Muwaileh,Aisha Al Qasimi,Tariq Hamad,Sana Mir,BR027,Al Hamra,Standard,Declining,KPI04,Complaint Volume,LOWER,116.0,125.0,131.0,100,2026-02-28
Sharjah,Muwaileh,Aisha Al Qasimi,Tariq Hamad,Sana Mir,BR027,Al Hamra,Standard,Declining,KPI04,Complaint Volume,LOWER,125.0,131.0,138.0,100,2026-03-31
Sharjah,Muwaileh,Aisha Al Qasimi,Tariq Hamad,Sana Mir,BR027,Al Hamra,Standard,Declining,KPI04,Complaint Volume,LOWER,131.0,138.0,146.0,100,2026-04-30
Sharjah,Muwaileh,Aisha Al Qasimi,Tariq Hamad,Sana Mir,BR027,Al Hamra,Standard,Declining,KPI04,Complaint Volume,LOWER,138.0,146.0,155.0,100,2026-05-31
Sharjah,Muwaileh,Aisha Al Qasimi,Tariq Hamad,Sana Mir,BR027,Al Hamra,Standard,Declining,KPI04,Complaint Volume,LOWER,146.0,155.0,161.0,100,2026-06-30
Sharjah,Muwaileh,Aisha Al Qasimi,Tariq Hamad,Sana Mir,BR027,Al Hamra,Standard,Declining,KPI05,Resolution Time,LOWER,2.34,2.49,2.68,3.0,2025-07-31
Sharjah,Muwaileh,Aisha Al Qasimi,Tariq Hamad,Sana Mir,BR027,Al Hamra,Standard,Declining,KPI05,Resolution Time,LOWER,2.49,2.68,2.75,3.0,2025-08-31
Sharjah,Muwaileh,Aisha Al Qasimi,Tariq Hamad,Sana Mir,BR027,Al Hamra,Standard,Declining,KPI05,Resolution Time,LOWER,2.68,2.75,2.83,3.0,2025-09-30
Sharjah,Muwaileh,Aisha Al Qasimi,Tariq Hamad,Sana Mir,BR027,Al Hamra,Standard,Declining,KPI05,Resolution Time,LOWER,2.75,2.83,2.92,3.0,2025-10-31
Sharjah,Muwaileh,Aisha Al Qasimi,Tariq Hamad,Sana Mir,BR027,Al Hamra,Standard,Declining,KPI05,Resolution Time,LOWER,2.83,2.92,2.99,3.0,2025-11-30
Sharjah,Muwaileh,Aisha Al Qasimi,Tariq Hamad,Sana Mir,BR027,Al Hamra,Standard,Declining,KPI05,Resolution Time,LOWER,2.92,2.99,2.98,3.0,2025-12-31
Sharjah,Muwaileh,Aisha Al Qasimi,Tariq Hamad,Sana Mir,BR027,Al Hamra,Standard,Declining,KPI05,Resolution Time,LOWER,2.99,2.98,3.07,3.0,2026-01-31
Sharjah,Muwaileh,Aisha Al Qasimi,Tariq Hamad,Sana Mir,BR027,Al Hamra,Standard,Declining,KPI05,Resolution Time,LOWER,2.98,3.07,3.19,3.0,2026-02-28
Sharjah,Muwaileh,Aisha Al Qasimi,Tariq Hamad,Sana Mir,BR027,Al Hamra,Standard,Declining,KPI05,Resolution Time,LOWER,3.07,3.19,3.06,3.0,2026-03-31
Sharjah,Muwaileh,Aisha Al Qasimi,Tariq Hamad,Sana Mir,BR027,Al Hamra,Standard,Declining,KPI05,Resolution Time,LOWER,3.19,3.06,3.23,3.0,2026-04-30
Sharjah,Muwaileh,Aisha Al Qasimi,Tariq Hamad,Sana Mir,BR027,Al Hamra,Standard,Declining,KPI05,Resolution Time,LOWER,3.06,3.23,3.36,3.0,2026-05-31
Sharjah,Muwaileh,Aisha Al Qasimi,Tariq Hamad,Sana Mir,BR027,Al Hamra,Standard,Declining,KPI05,Resolution Time,LOWER,3.23,3.36,3.42,3.0,2026-06-30
Sharjah,Muwaileh,Aisha Al Qasimi,Tariq Hamad,Sana Mir,BR027,Al Hamra,Standard,Declining,KPI06,SLA Compliance,HIGHER,92.8,92.0,91.6,95,2025-07-31
Sharjah,Muwaileh,Aisha Al Qasimi,Tariq Hamad,Sana Mir,BR027,Al Hamra,Standard,Declining,KPI06,SLA Compliance,HIGHER,92.0,91.6,91.0,95,2025-08-31
Sharjah,Muwaileh,Aisha Al Qasimi,Tariq Hamad,Sana Mir,BR027,Al Hamra,Standard,Declining,KPI06,SLA Compliance,HIGHER,91.6,91.0,90.4,95,2025-09-30
Sharjah,Muwaileh,Aisha Al Qasimi,Tariq Hamad,Sana Mir,BR027,Al Hamra,Standard,Declining,KPI06,SLA Compliance,HIGHER,91.0,90.4,89.7,95,2025-10-31
Sharjah,Muwaileh,Aisha Al Qasimi,Tariq Hamad,Sana Mir,BR027,Al Hamra,Standard,Declining,KPI06,SLA Compliance,HIGHER,90.4,89.7,89.2,95,2025-11-30
Sharjah,Muwaileh,Aisha Al Qasimi,Tariq Hamad,Sana Mir,BR027,Al Hamra,Standard,Declining,KPI06,SLA Compliance,HIGHER,89.7,89.2,88.4,95,2025-12-31
Sharjah,Muwaileh,Aisha Al Qasimi,Tariq Hamad,Sana Mir,BR027,Al Hamra,Standard,Declining,KPI06,SLA Compliance,HIGHER,89.2,88.4,87.5,95,2026-01-31
Sharjah,Muwaileh,Aisha Al Qasimi,Tariq Hamad,Sana Mir,BR027,Al Hamra,Standard,Declining,KPI06,SLA Compliance,HIGHER,88.4,87.5,87.2,95,2026-02-28
Sharjah,Muwaileh,Aisha Al Qasimi,Tariq Hamad,Sana Mir,BR027,Al Hamra,Standard,Declining,KPI06,SLA Compliance,HIGHER,87.5,87.2,86.8,95,2026-03-31
Sharjah,Muwaileh,Aisha Al Qasimi,Tariq Hamad,Sana Mir,BR027,Al Hamra,Standard,Declining,KPI06,SLA Compliance,HIGHER,87.2,86.8,86.7,95,2026-04-30
Sharjah,Muwaileh,Aisha Al Qasimi,Tariq Hamad,Sana Mir,BR027,Al Hamra,Standard,Declining,KPI06,SLA Compliance,HIGHER,86.8,86.7,86.4,95,2026-05-31
Sharjah,Muwaileh,Aisha Al Qasimi,Tariq Hamad,Sana Mir,BR027,Al Hamra,Standard,Declining,KPI06,SLA Compliance,HIGHER,86.7,86.4,86.1,95,2026-06-30
Sharjah,Muwaileh,Aisha Al Qasimi,Tariq Hamad,Sana Mir,BR027,Al Hamra,Standard,Declining,KPI07,First Contact Resolution,HIGHER,85.5,85.0,84.6,85,2025-07-31
Sharjah,Muwaileh,Aisha Al Qasimi,Tariq Hamad,Sana Mir,BR027,Al Hamra,Standard,Declining,KPI07,First Contact Resolution,HIGHER,85.0,84.6,84.2,85,2025-08-31
Sharjah,Muwaileh,Aisha Al Qasimi,Tariq Hamad,Sana Mir,BR027,Al Hamra,Standard,Declining,KPI07,First Contact Resolution,HIGHER,84.6,84.2,83.1,85,2025-09-30
Sharjah,Muwaileh,Aisha Al Qasimi,Tariq Hamad,Sana Mir,BR027,Al Hamra,Standard,Declining,KPI07,First Contact Resolution,HIGHER,84.2,83.1,82.6,85,2025-10-31
Sharjah,Muwaileh,Aisha Al Qasimi,Tariq Hamad,Sana Mir,BR027,Al Hamra,Standard,Declining,KPI07,First Contact Resolution,HIGHER,83.1,82.6,82.8,85,2025-11-30
Sharjah,Muwaileh,Aisha Al Qasimi,Tariq Hamad,Sana Mir,BR027,Al Hamra,Standard,Declining,KPI07,First Contact Resolution,HIGHER,82.6,82.8,82.5,85,2025-12-31
Sharjah,Muwaileh,Aisha Al Qasimi,Tariq Hamad,Sana Mir,BR027,Al Hamra,Standard,Declining,KPI07,First Contact Resolution,HIGHER,82.8,82.5,81.7,85,2026-01-31
Sharjah,Muwaileh,Aisha Al Qasimi,Tariq Hamad,Sana Mir,BR027,Al Hamra,Standard,Declining,KPI07,First Contact Resolution,HIGHER,82.5,81.7,81.2,85,2026-02-28
Sharjah,Muwaileh,Aisha Al Qasimi,Tariq Hamad,Sana Mir,BR027,Al Hamra,Standard,Declining,KPI07,First Contact Resolution,HIGHER,81.7,81.2,80.4,85,2026-03-31
Sharjah,Muwaileh,Aisha Al Qasimi,Tariq Hamad,Sana Mir,BR027,Al Hamra,Standard,Declining,KPI07,First Contact Resolution,HIGHER,81.2,80.4,79.9,85,2026-04-30
Sharjah,Muwaileh,Aisha Al Qasimi,Tariq Hamad,Sana Mir,BR027,Al Hamra,Standard,Declining,KPI07,First Contact Resolution,HIGHER,80.4,79.9,78.8,85,2026-05-31
Sharjah,Muwaileh,Aisha Al Qasimi,Tariq Hamad,Sana Mir,BR027,Al Hamra,Standard,Declining,KPI07,First Contact Resolution,HIGHER,79.9,78.8,77.8,85,2026-06-30
Sharjah,Muwaileh,Aisha Al Qasimi,Tariq Hamad,Sana Mir,BR027,Al Hamra,Standard,Declining,KPI08,Customer Effort Score,LOWER,4.94,4.93,4.95,3.0,2025-07-31
Sharjah,Muwaileh,Aisha Al Qasimi,Tariq Hamad,Sana Mir,BR027,Al Hamra,Standard,Declining,KPI08,Customer Effort Score,LOWER,4.93,4.95,5.0,3.0,2025-08-31
Sharjah,Muwaileh,Aisha Al Qasimi,Tariq Hamad,Sana Mir,BR027,Al Hamra,Standard,Declining,KPI08,Customer Effort Score,LOWER,4.95,5.0,5.12,3.0,2025-09-30
Sharjah,Muwaileh,Aisha Al Qasimi,Tariq Hamad,Sana Mir,BR027,Al Hamra,Standard,Declining,KPI08,Customer Effort Score,LOWER,5.0,5.12,5.19,3.0,2025-10-31
Sharjah,Muwaileh,Aisha Al Qasimi,Tariq Hamad,Sana Mir,BR027,Al Hamra,Standard,Declining,KPI08,Customer Effort Score,LOWER,5.12,5.19,5.26,3.0,2025-11-30
Sharjah,Muwaileh,Aisha Al Qasimi,Tariq Hamad,Sana Mir,BR027,Al Hamra,Standard,Declining,KPI08,Customer Effort Score,LOWER,5.19,5.26,5.41,3.0,2025-12-31
Sharjah,Muwaileh,Aisha Al Qasimi,Tariq Hamad,Sana Mir,BR027,Al Hamra,Standard,Declining,KPI08,Customer Effort Score,LOWER,5.26,5.41,5.48,3.0,2026-01-31
Sharjah,Muwaileh,Aisha Al Qasimi,Tariq Hamad,Sana Mir,BR027,Al Hamra,Standard,Declining,KPI08,Customer Effort Score,LOWER,5.41,5.48,5.5,3.0,2026-02-28
Sharjah,Muwaileh,Aisha Al Qasimi,Tariq Hamad,Sana Mir,BR027,Al Hamra,Standard,Declining,KPI08,Customer Effort Score,LOWER,5.48,5.5,5.49,3.0,2026-03-31
Sharjah,Muwaileh,Aisha Al Qasimi,Tariq Hamad,Sana Mir,BR027,Al Hamra,Standard,Declining,KPI08,Customer Effort Score,LOWER,5.5,5.49,5.51,3.0,2026-04-30
Sharjah,Muwaileh,Aisha Al Qasimi,Tariq Hamad,Sana Mir,BR027,Al Hamra,Standard,Declining,KPI08,Customer Effort Score,LOWER,5.49,5.51,5.57,3.0,2026-05-31
Sharjah,Muwaileh,Aisha Al Qasimi,Tariq Hamad,Sana Mir,BR027,Al Hamra,Standard,Declining,KPI08,Customer Effort Score,LOWER,5.51,5.57,5.56,3.0,2026-06-30
Sharjah,Muwaileh,Aisha Al Qasimi,Tariq Hamad,Sana Mir,BR027,Al Hamra,Standard,Declining,KPI09,Digital Adoption Rate,HIGHER,55.2,55.0,54.4,75,2025-07-31
Sharjah,Muwaileh,Aisha Al Qasimi,Tariq Hamad,Sana Mir,BR027,Al Hamra,Standard,Declining,KPI09,Digital Adoption Rate,HIGHER,55.0,54.4,54.8,75,2025-08-31
Sharjah,Muwaileh,Aisha Al Qasimi,Tariq Hamad,Sana Mir,BR027,Al Hamra,Standard,Declining,KPI09,Digital Adoption Rate,HIGHER,54.4,54.8,53.8,75,2025-09-30
Sharjah,Muwaileh,Aisha Al Qasimi,Tariq Hamad,Sana Mir,BR027,Al Hamra,Standard,Declining,KPI09,Digital Adoption Rate,HIGHER,54.8,53.8,54.3,75,2025-10-31
Sharjah,Muwaileh,Aisha Al Qasimi,Tariq Hamad,Sana Mir,BR027,Al Hamra,Standard,Declining,KPI09,Digital Adoption Rate,HIGHER,53.8,54.3,53.2,75,2025-11-30
Sharjah,Muwaileh,Aisha Al Qasimi,Tariq Hamad,Sana Mir,BR027,Al Hamra,Standard,Declining,KPI09,Digital Adoption Rate,HIGHER,54.3,53.2,52.7,75,2025-12-31
Sharjah,Muwaileh,Aisha Al Qasimi,Tariq Hamad,Sana Mir,BR027,Al Hamra,Standard,Declining,KPI09,Digital Adoption Rate,HIGHER,53.2,52.7,51.7,75,2026-01-31
Sharjah,Muwaileh,Aisha Al Qasimi,Tariq Hamad,Sana Mir,BR027,Al Hamra,Standard,Declining,KPI09,Digital Adoption Rate,HIGHER,52.7,51.7,50.0,75,2026-02-28
Sharjah,Muwaileh,Aisha Al Qasimi,Tariq Hamad,Sana Mir,BR027,Al Hamra,Standard,Declining,KPI09,Digital Adoption Rate,HIGHER,51.7,50.0,49.0,75,2026-03-31
Sharjah,Muwaileh,Aisha Al Qasimi,Tariq Hamad,Sana Mir,BR027,Al Hamra,Standard,Declining,KPI09,Digital Adoption Rate,HIGHER,50.0,49.0,48.1,75,2026-04-30
Sharjah,Muwaileh,Aisha Al Qasimi,Tariq Hamad,Sana Mir,BR027,Al Hamra,Standard,Declining,KPI09,Digital Adoption Rate,HIGHER,49.0,48.1,48.2,75,2026-05-31
Sharjah,Muwaileh,Aisha Al Qasimi,Tariq Hamad,Sana Mir,BR027,Al Hamra,Standard,Declining,KPI09,Digital Adoption Rate,HIGHER,48.1,48.2,47.6,75,2026-06-30
Sharjah,Muwaileh,Aisha Al Qasimi,Tariq Hamad,Sana Mir,BR027,Al Hamra,Standard,Declining,KPI10,Repeat Complaint Rate,LOWER,15.6,16.1,16.7,8,2025-07-31
Sharjah,Muwaileh,Aisha Al Qasimi,Tariq Hamad,Sana Mir,BR027,Al Hamra,Standard,Declining,KPI10,Repeat Complaint Rate,LOWER,16.1,16.7,17.4,8,2025-08-31
Sharjah,Muwaileh,Aisha Al Qasimi,Tariq Hamad,Sana Mir,BR027,Al Hamra,Standard,Declining,KPI10,Repeat Complaint Rate,LOWER,16.7,17.4,17.7,8,2025-09-30
Sharjah,Muwaileh,Aisha Al Qasimi,Tariq Hamad,Sana Mir,BR027,Al Hamra,Standard,Declining,KPI10,Repeat Complaint Rate,LOWER,17.4,17.7,18.6,8,2025-10-31
Sharjah,Muwaileh,Aisha Al Qasimi,Tariq Hamad,Sana Mir,BR027,Al Hamra,Standard,Declining,KPI10,Repeat Complaint Rate,LOWER,17.7,18.6,18.7,8,2025-11-30
Sharjah,Muwaileh,Aisha Al Qasimi,Tariq Hamad,Sana Mir,BR027,Al Hamra,Standard,Declining,KPI10,Repeat Complaint Rate,LOWER,18.6,18.7,19.1,8,2025-12-31
Sharjah,Muwaileh,Aisha Al Qasimi,Tariq Hamad,Sana Mir,BR027,Al Hamra,Standard,Declining,KPI10,Repeat Complaint Rate,LOWER,18.7,19.1,19.4,8,2026-01-31
Sharjah,Muwaileh,Aisha Al Qasimi,Tariq Hamad,Sana Mir,BR027,Al Hamra,Standard,Declining,KPI10,Repeat Complaint Rate,LOWER,19.1,19.4,20.1,8,2026-02-28
Sharjah,Muwaileh,Aisha Al Qasimi,Tariq Hamad,Sana Mir,BR027,Al Hamra,Standard,Declining,KPI10,Repeat Complaint Rate,LOWER,19.4,20.1,20.5,8,2026-03-31
Sharjah,Muwaileh,Aisha Al Qasimi,Tariq Hamad,Sana Mir,BR027,Al Hamra,Standard,Declining,KPI10,Repeat Complaint Rate,LOWER,20.1,20.5,20.6,8,2026-04-30
Sharjah,Muwaileh,Aisha Al Qasimi,Tariq Hamad,Sana Mir,BR027,Al Hamra,Standard,Declining,KPI10,Repeat Complaint Rate,LOWER,20.5,20.6,21.0,8,2026-05-31
Sharjah,Muwaileh,Aisha Al Qasimi,Tariq Hamad,Sana Mir,BR027,Al Hamra,Standard,Declining,KPI10,Repeat Complaint Rate,LOWER,20.6,21.0,21.0,8,2026-06-30
Northern Emirates,Ajman,Noura Al Shamsi,Hassan Ali,Waleed Omar,BR028,Fujairah Main,Digital Hub,Stable,KPI01,CSAT,HIGHER,78.4,78.3,78.2,85,2025-07-31
Northern Emirates,Ajman,Noura Al Shamsi,Hassan Ali,Waleed Omar,BR028,Fujairah Main,Digital Hub,Stable,KPI01,CSAT,HIGHER,78.3,78.2,78.5,85,2025-08-31
Northern Emirates,Ajman,Noura Al Shamsi,Hassan Ali,Waleed Omar,BR028,Fujairah Main,Digital Hub,Stable,KPI01,CSAT,HIGHER,78.2,78.5,78.4,85,2025-09-30
Northern Emirates,Ajman,Noura Al Shamsi,Hassan Ali,Waleed Omar,BR028,Fujairah Main,Digital Hub,Stable,KPI01,CSAT,HIGHER,78.5,78.4,77.8,85,2025-10-31
Northern Emirates,Ajman,Noura Al Shamsi,Hassan Ali,Waleed Omar,BR028,Fujairah Main,Digital Hub,Stable,KPI01,CSAT,HIGHER,78.4,77.8,78.1,85,2025-11-30
Northern Emirates,Ajman,Noura Al Shamsi,Hassan Ali,Waleed Omar,BR028,Fujairah Main,Digital Hub,Stable,KPI01,CSAT,HIGHER,77.8,78.1,73.7,85,2025-12-31
Northern Emirates,Ajman,Noura Al Shamsi,Hassan Ali,Waleed Omar,BR028,Fujairah Main,Digital Hub,Stable,KPI01,CSAT,HIGHER,78.1,73.7,73.7,85,2026-01-31
Northern Emirates,Ajman,Noura Al Shamsi,Hassan Ali,Waleed Omar,BR028,Fujairah Main,Digital Hub,Stable,KPI01,CSAT,HIGHER,73.7,73.7,73.4,85,2026-02-28
Northern Emirates,Ajman,Noura Al Shamsi,Hassan Ali,Waleed Omar,BR028,Fujairah Main,Digital Hub,Stable,KPI01,CSAT,HIGHER,73.7,73.4,73.3,85,2026-03-31
Northern Emirates,Ajman,Noura Al Shamsi,Hassan Ali,Waleed Omar,BR028,Fujairah Main,Digital Hub,Stable,KPI01,CSAT,HIGHER,73.4,73.3,73.1,85,2026-04-30
Northern Emirates,Ajman,Noura Al Shamsi,Hassan Ali,Waleed Omar,BR028,Fujairah Main,Digital Hub,Stable,KPI01,CSAT,HIGHER,73.3,73.1,73.2,85,2026-05-31
Northern Emirates,Ajman,Noura Al Shamsi,Hassan Ali,Waleed Omar,BR028,Fujairah Main,Digital Hub,Stable,KPI01,CSAT,HIGHER,73.1,73.2,73.5,85,2026-06-30
Northern Emirates,Ajman,Noura Al Shamsi,Hassan Ali,Waleed Omar,BR028,Fujairah Main,Digital Hub,Stable,KPI02,NPS,HIGHER,27.4,27.0,26.8,40,2025-07-31
Northern Emirates,Ajman,Noura Al Shamsi,Hassan Ali,Waleed Omar,BR028,Fujairah Main,Digital Hub,Stable,KPI02,NPS,HIGHER,27.0,26.8,26.4,40,2025-08-31
Northern Emirates,Ajman,Noura Al Shamsi,Hassan Ali,Waleed Omar,BR028,Fujairah Main,Digital Hub,Stable,KPI02,NPS,HIGHER,26.8,26.4,26.5,40,2025-09-30
Northern Emirates,Ajman,Noura Al Shamsi,Hassan Ali,Waleed Omar,BR028,Fujairah Main,Digital Hub,Stable,KPI02,NPS,HIGHER,26.4,26.5,26.5,40,2025-10-31
Northern Emirates,Ajman,Noura Al Shamsi,Hassan Ali,Waleed Omar,BR028,Fujairah Main,Digital Hub,Stable,KPI02,NPS,HIGHER,26.5,26.5,26.8,40,2025-11-30
Northern Emirates,Ajman,Noura Al Shamsi,Hassan Ali,Waleed Omar,BR028,Fujairah Main,Digital Hub,Stable,KPI02,NPS,HIGHER,26.5,26.8,23.1,40,2025-12-31
Northern Emirates,Ajman,Noura Al Shamsi,Hassan Ali,Waleed Omar,BR028,Fujairah Main,Digital Hub,Stable,KPI02,NPS,HIGHER,26.8,23.1,23.8,40,2026-01-31
Northern Emirates,Ajman,Noura Al Shamsi,Hassan Ali,Waleed Omar,BR028,Fujairah Main,Digital Hub,Stable,KPI02,NPS,HIGHER,23.1,23.8,23.5,40,2026-02-28
Northern Emirates,Ajman,Noura Al Shamsi,Hassan Ali,Waleed Omar,BR028,Fujairah Main,Digital Hub,Stable,KPI02,NPS,HIGHER,23.8,23.5,24.0,40,2026-03-31
Northern Emirates,Ajman,Noura Al Shamsi,Hassan Ali,Waleed Omar,BR028,Fujairah Main,Digital Hub,Stable,KPI02,NPS,HIGHER,23.5,24.0,24.2,40,2026-04-30
Northern Emirates,Ajman,Noura Al Shamsi,Hassan Ali,Waleed Omar,BR028,Fujairah Main,Digital Hub,Stable,KPI02,NPS,HIGHER,24.0,24.2,24.4,40,2026-05-31
Northern Emirates,Ajman,Noura Al Shamsi,Hassan Ali,Waleed Omar,BR028,Fujairah Main,Digital Hub,Stable,KPI02,NPS,HIGHER,24.2,24.4,24.5,40,2026-06-30
Northern Emirates,Ajman,Noura Al Shamsi,Hassan Ali,Waleed Omar,BR028,Fujairah Main,Digital Hub,Stable,KPI03,Complaint Rate,LOWER,2.55,2.54,2.45,2.0,2025-07-31
Northern Emirates,Ajman,Noura Al Shamsi,Hassan Ali,Waleed Omar,BR028,Fujairah Main,Digital Hub,Stable,KPI03,Complaint Rate,LOWER,2.54,2.45,2.44,2.0,2025-08-31
Northern Emirates,Ajman,Noura Al Shamsi,Hassan Ali,Waleed Omar,BR028,Fujairah Main,Digital Hub,Stable,KPI03,Complaint Rate,LOWER,2.45,2.44,2.32,2.0,2025-09-30
Northern Emirates,Ajman,Noura Al Shamsi,Hassan Ali,Waleed Omar,BR028,Fujairah Main,Digital Hub,Stable,KPI03,Complaint Rate,LOWER,2.44,2.32,2.23,2.0,2025-10-31
Northern Emirates,Ajman,Noura Al Shamsi,Hassan Ali,Waleed Omar,BR028,Fujairah Main,Digital Hub,Stable,KPI03,Complaint Rate,LOWER,2.32,2.23,2.27,2.0,2025-11-30
Northern Emirates,Ajman,Noura Al Shamsi,Hassan Ali,Waleed Omar,BR028,Fujairah Main,Digital Hub,Stable,KPI03,Complaint Rate,LOWER,2.23,2.27,3.1,2.0,2025-12-31
Northern Emirates,Ajman,Noura Al Shamsi,Hassan Ali,Waleed Omar,BR028,Fujairah Main,Digital Hub,Stable,KPI03,Complaint Rate,LOWER,2.27,3.1,3.06,2.0,2026-01-31
Northern Emirates,Ajman,Noura Al Shamsi,Hassan Ali,Waleed Omar,BR028,Fujairah Main,Digital Hub,Stable,KPI03,Complaint Rate,LOWER,3.1,3.06,3.08,2.0,2026-02-28
Northern Emirates,Ajman,Noura Al Shamsi,Hassan Ali,Waleed Omar,BR028,Fujairah Main,Digital Hub,Stable,KPI03,Complaint Rate,LOWER,3.06,3.08,3.02,2.0,2026-03-31
Northern Emirates,Ajman,Noura Al Shamsi,Hassan Ali,Waleed Omar,BR028,Fujairah Main,Digital Hub,Stable,KPI03,Complaint Rate,LOWER,3.08,3.02,2.93,2.0,2026-04-30
Northern Emirates,Ajman,Noura Al Shamsi,Hassan Ali,Waleed Omar,BR028,Fujairah Main,Digital Hub,Stable,KPI03,Complaint Rate,LOWER,3.02,2.93,2.92,2.0,2026-05-31
Northern Emirates,Ajman,Noura Al Shamsi,Hassan Ali,Waleed Omar,BR028,Fujairah Main,Digital Hub,Stable,KPI03,Complaint Rate,LOWER,2.93,2.92,2.94,2.0,2026-06-30
Northern Emirates,Ajman,Noura Al Shamsi,Hassan Ali,Waleed Omar,BR028,Fujairah Main,Digital Hub,Stable,KPI04,Complaint Volume,LOWER,147.0,147.0,148.0,100,2025-07-31
Northern Emirates,Ajman,Noura Al Shamsi,Hassan Ali,Waleed Omar,BR028,Fujairah Main,Digital Hub,Stable,KPI04,Complaint Volume,LOWER,147.0,148.0,148.0,100,2025-08-31
Northern Emirates,Ajman,Noura Al Shamsi,Hassan Ali,Waleed Omar,BR028,Fujairah Main,Digital Hub,Stable,KPI04,Complaint Volume,LOWER,148.0,148.0,148.0,100,2025-09-30
Northern Emirates,Ajman,Noura Al Shamsi,Hassan Ali,Waleed Omar,BR028,Fujairah Main,Digital Hub,Stable,KPI04,Complaint Volume,LOWER,148.0,148.0,149.0,100,2025-10-31
Northern Emirates,Ajman,Noura Al Shamsi,Hassan Ali,Waleed Omar,BR028,Fujairah Main,Digital Hub,Stable,KPI04,Complaint Volume,LOWER,148.0,149.0,155.0,100,2025-11-30
Northern Emirates,Ajman,Noura Al Shamsi,Hassan Ali,Waleed Omar,BR028,Fujairah Main,Digital Hub,Stable,KPI04,Complaint Volume,LOWER,149.0,155.0,218.0,100,2025-12-31
Northern Emirates,Ajman,Noura Al Shamsi,Hassan Ali,Waleed Omar,BR028,Fujairah Main,Digital Hub,Stable,KPI04,Complaint Volume,LOWER,155.0,218.0,218.0,100,2026-01-31
Northern Emirates,Ajman,Noura Al Shamsi,Hassan Ali,Waleed Omar,BR028,Fujairah Main,Digital Hub,Stable,KPI04,Complaint Volume,LOWER,218.0,218.0,215.0,100,2026-02-28
Northern Emirates,Ajman,Noura Al Shamsi,Hassan Ali,Waleed Omar,BR028,Fujairah Main,Digital Hub,Stable,KPI04,Complaint Volume,LOWER,218.0,215.0,212.0,100,2026-03-31
Northern Emirates,Ajman,Noura Al Shamsi,Hassan Ali,Waleed Omar,BR028,Fujairah Main,Digital Hub,Stable,KPI04,Complaint Volume,LOWER,215.0,212.0,214.0,100,2026-04-30
Northern Emirates,Ajman,Noura Al Shamsi,Hassan Ali,Waleed Omar,BR028,Fujairah Main,Digital Hub,Stable,KPI04,Complaint Volume,LOWER,212.0,214.0,209.0,100,2026-05-31
Northern Emirates,Ajman,Noura Al Shamsi,Hassan Ali,Waleed Omar,BR028,Fujairah Main,Digital Hub,Stable,KPI04,Complaint Volume,LOWER,214.0,209.0,208.0,100,2026-06-30
Northern Emirates,Ajman,Noura Al Shamsi,Hassan Ali,Waleed Omar,BR028,Fujairah Main,Digital Hub,Stable,KPI05,Resolution Time,LOWER,2.36,2.39,2.48,3.0,2025-07-31
Northern Emirates,Ajman,Noura Al Shamsi,Hassan Ali,Waleed Omar,BR028,Fujairah Main,Digital Hub,Stable,KPI05,Resolution Time,LOWER,2.39,2.48,2.33,3.0,2025-08-31
Northern Emirates,Ajman,Noura Al Shamsi,Hassan Ali,Waleed Omar,BR028,Fujairah Main,Digital Hub,Stable,KPI05,Resolution Time,LOWER,2.48,2.33,2.21,3.0,2025-09-30
Northern Emirates,Ajman,Noura Al Shamsi,Hassan Ali,Waleed Omar,BR028,Fujairah Main,Digital Hub,Stable,KPI05,Resolution Time,LOWER,2.33,2.21,2.37,3.0,2025-10-31
Northern Emirates,Ajman,Noura Al Shamsi,Hassan Ali,Waleed Omar,BR028,Fujairah Main,Digital Hub,Stable,KPI05,Resolution Time,LOWER,2.21,2.37,2.36,3.0,2025-11-30
Northern Emirates,Ajman,Noura Al Shamsi,Hassan Ali,Waleed Omar,BR028,Fujairah Main,Digital Hub,Stable,KPI05,Resolution Time,LOWER,2.37,2.36,2.46,3.0,2025-12-31
Northern Emirates,Ajman,Noura Al Shamsi,Hassan Ali,Waleed Omar,BR028,Fujairah Main,Digital Hub,Stable,KPI05,Resolution Time,LOWER,2.36,2.46,2.52,3.0,2026-01-31
Northern Emirates,Ajman,Noura Al Shamsi,Hassan Ali,Waleed Omar,BR028,Fujairah Main,Digital Hub,Stable,KPI05,Resolution Time,LOWER,2.46,2.52,2.68,3.0,2026-02-28
Northern Emirates,Ajman,Noura Al Shamsi,Hassan Ali,Waleed Omar,BR028,Fujairah Main,Digital Hub,Stable,KPI05,Resolution Time,LOWER,2.52,2.68,2.63,3.0,2026-03-31
Northern Emirates,Ajman,Noura Al Shamsi,Hassan Ali,Waleed Omar,BR028,Fujairah Main,Digital Hub,Stable,KPI05,Resolution Time,LOWER,2.68,2.63,2.6,3.0,2026-04-30
Northern Emirates,Ajman,Noura Al Shamsi,Hassan Ali,Waleed Omar,BR028,Fujairah Main,Digital Hub,Stable,KPI05,Resolution Time,LOWER,2.63,2.6,2.57,3.0,2026-05-31
Northern Emirates,Ajman,Noura Al Shamsi,Hassan Ali,Waleed Omar,BR028,Fujairah Main,Digital Hub,Stable,KPI05,Resolution Time,LOWER,2.6,2.57,2.59,3.0,2026-06-30
Northern Emirates,Ajman,Noura Al Shamsi,Hassan Ali,Waleed Omar,BR028,Fujairah Main,Digital Hub,Stable,KPI06,SLA Compliance,HIGHER,79.1,80.0,80.3,95,2025-07-31
Northern Emirates,Ajman,Noura Al Shamsi,Hassan Ali,Waleed Omar,BR028,Fujairah Main,Digital Hub,Stable,KPI06,SLA Compliance,HIGHER,80.0,80.3,79.4,95,2025-08-31
Northern Emirates,Ajman,Noura Al Shamsi,Hassan Ali,Waleed Omar,BR028,Fujairah Main,Digital Hub,Stable,KPI06,SLA Compliance,HIGHER,80.3,79.4,79.9,95,2025-09-30
Northern Emirates,Ajman,Noura Al Shamsi,Hassan Ali,Waleed Omar,BR028,Fujairah Main,Digital Hub,Stable,KPI06,SLA Compliance,HIGHER,79.4,79.9,79.4,95,2025-10-31
Northern Emirates,Ajman,Noura Al Shamsi,Hassan Ali,Waleed Omar,BR028,Fujairah Main,Digital Hub,Stable,KPI06,SLA Compliance,HIGHER,79.9,79.4,78.9,95,2025-11-30
Northern Emirates,Ajman,Noura Al Shamsi,Hassan Ali,Waleed Omar,BR028,Fujairah Main,Digital Hub,Stable,KPI06,SLA Compliance,HIGHER,79.4,78.9,78.7,95,2025-12-31
Northern Emirates,Ajman,Noura Al Shamsi,Hassan Ali,Waleed Omar,BR028,Fujairah Main,Digital Hub,Stable,KPI06,SLA Compliance,HIGHER,78.9,78.7,79.1,95,2026-01-31
Northern Emirates,Ajman,Noura Al Shamsi,Hassan Ali,Waleed Omar,BR028,Fujairah Main,Digital Hub,Stable,KPI06,SLA Compliance,HIGHER,78.7,79.1,79.0,95,2026-02-28
Northern Emirates,Ajman,Noura Al Shamsi,Hassan Ali,Waleed Omar,BR028,Fujairah Main,Digital Hub,Stable,KPI06,SLA Compliance,HIGHER,79.1,79.0,79.1,95,2026-03-31
Northern Emirates,Ajman,Noura Al Shamsi,Hassan Ali,Waleed Omar,BR028,Fujairah Main,Digital Hub,Stable,KPI06,SLA Compliance,HIGHER,79.0,79.1,78.5,95,2026-04-30
Northern Emirates,Ajman,Noura Al Shamsi,Hassan Ali,Waleed Omar,BR028,Fujairah Main,Digital Hub,Stable,KPI06,SLA Compliance,HIGHER,79.1,78.5,78.9,95,2026-05-31
Northern Emirates,Ajman,Noura Al Shamsi,Hassan Ali,Waleed Omar,BR028,Fujairah Main,Digital Hub,Stable,KPI06,SLA Compliance,HIGHER,78.5,78.9,78.8,95,2026-06-30
Northern Emirates,Ajman,Noura Al Shamsi,Hassan Ali,Waleed Omar,BR028,Fujairah Main,Digital Hub,Stable,KPI07,First Contact Resolution,HIGHER,76.4,76.4,76.5,85,2025-07-31
Northern Emirates,Ajman,Noura Al Shamsi,Hassan Ali,Waleed Omar,BR028,Fujairah Main,Digital Hub,Stable,KPI07,First Contact Resolution,HIGHER,76.4,76.5,76.6,85,2025-08-31
Northern Emirates,Ajman,Noura Al Shamsi,Hassan Ali,Waleed Omar,BR028,Fujairah Main,Digital Hub,Stable,KPI07,First Contact Resolution,HIGHER,76.5,76.6,75.7,85,2025-09-30
Northern Emirates,Ajman,Noura Al Shamsi,Hassan Ali,Waleed Omar,BR028,Fujairah Main,Digital Hub,Stable,KPI07,First Contact Resolution,HIGHER,76.6,75.7,74.7,85,2025-10-31
Northern Emirates,Ajman,Noura Al Shamsi,Hassan Ali,Waleed Omar,BR028,Fujairah Main,Digital Hub,Stable,KPI07,First Contact Resolution,HIGHER,75.7,74.7,74.5,85,2025-11-30
Northern Emirates,Ajman,Noura Al Shamsi,Hassan Ali,Waleed Omar,BR028,Fujairah Main,Digital Hub,Stable,KPI07,First Contact Resolution,HIGHER,74.7,74.5,74.3,85,2025-12-31
Northern Emirates,Ajman,Noura Al Shamsi,Hassan Ali,Waleed Omar,BR028,Fujairah Main,Digital Hub,Stable,KPI07,First Contact Resolution,HIGHER,74.5,74.3,73.8,85,2026-01-31
Northern Emirates,Ajman,Noura Al Shamsi,Hassan Ali,Waleed Omar,BR028,Fujairah Main,Digital Hub,Stable,KPI07,First Contact Resolution,HIGHER,74.3,73.8,74.8,85,2026-02-28
Northern Emirates,Ajman,Noura Al Shamsi,Hassan Ali,Waleed Omar,BR028,Fujairah Main,Digital Hub,Stable,KPI07,First Contact Resolution,HIGHER,73.8,74.8,74.8,85,2026-03-31
Northern Emirates,Ajman,Noura Al Shamsi,Hassan Ali,Waleed Omar,BR028,Fujairah Main,Digital Hub,Stable,KPI07,First Contact Resolution,HIGHER,74.8,74.8,74.8,85,2026-04-30
Northern Emirates,Ajman,Noura Al Shamsi,Hassan Ali,Waleed Omar,BR028,Fujairah Main,Digital Hub,Stable,KPI07,First Contact Resolution,HIGHER,74.8,74.8,74.9,85,2026-05-31
Northern Emirates,Ajman,Noura Al Shamsi,Hassan Ali,Waleed Omar,BR028,Fujairah Main,Digital Hub,Stable,KPI07,First Contact Resolution,HIGHER,74.8,74.9,74.6,85,2026-06-30
Northern Emirates,Ajman,Noura Al Shamsi,Hassan Ali,Waleed Omar,BR028,Fujairah Main,Digital Hub,Stable,KPI08,Customer Effort Score,LOWER,2.26,2.18,2.28,3.0,2025-07-31
Northern Emirates,Ajman,Noura Al Shamsi,Hassan Ali,Waleed Omar,BR028,Fujairah Main,Digital Hub,Stable,KPI08,Customer Effort Score,LOWER,2.18,2.28,2.33,3.0,2025-08-31
Northern Emirates,Ajman,Noura Al Shamsi,Hassan Ali,Waleed Omar,BR028,Fujairah Main,Digital Hub,Stable,KPI08,Customer Effort Score,LOWER,2.28,2.33,2.28,3.0,2025-09-30
Northern Emirates,Ajman,Noura Al Shamsi,Hassan Ali,Waleed Omar,BR028,Fujairah Main,Digital Hub,Stable,KPI08,Customer Effort Score,LOWER,2.33,2.28,2.29,3.0,2025-10-31
Northern Emirates,Ajman,Noura Al Shamsi,Hassan Ali,Waleed Omar,BR028,Fujairah Main,Digital Hub,Stable,KPI08,Customer Effort Score,LOWER,2.28,2.29,2.32,3.0,2025-11-30
Northern Emirates,Ajman,Noura Al Shamsi,Hassan Ali,Waleed Omar,BR028,Fujairah Main,Digital Hub,Stable,KPI08,Customer Effort Score,LOWER,2.29,2.32,2.3,3.0,2025-12-31
Northern Emirates,Ajman,Noura Al Shamsi,Hassan Ali,Waleed Omar,BR028,Fujairah Main,Digital Hub,Stable,KPI08,Customer Effort Score,LOWER,2.32,2.3,2.36,3.0,2026-01-31
Northern Emirates,Ajman,Noura Al Shamsi,Hassan Ali,Waleed Omar,BR028,Fujairah Main,Digital Hub,Stable,KPI08,Customer Effort Score,LOWER,2.3,2.36,2.34,3.0,2026-02-28
Northern Emirates,Ajman,Noura Al Shamsi,Hassan Ali,Waleed Omar,BR028,Fujairah Main,Digital Hub,Stable,KPI08,Customer Effort Score,LOWER,2.36,2.34,2.39,3.0,2026-03-31
Northern Emirates,Ajman,Noura Al Shamsi,Hassan Ali,Waleed Omar,BR028,Fujairah Main,Digital Hub,Stable,KPI08,Customer Effort Score,LOWER,2.34,2.39,2.36,3.0,2026-04-30
Northern Emirates,Ajman,Noura Al Shamsi,Hassan Ali,Waleed Omar,BR028,Fujairah Main,Digital Hub,Stable,KPI08,Customer Effort Score,LOWER,2.39,2.36,2.38,3.0,2026-05-31
Northern Emirates,Ajman,Noura Al Shamsi,Hassan Ali,Waleed Omar,BR028,Fujairah Main,Digital Hub,Stable,KPI08,Customer Effort Score,LOWER,2.36,2.38,2.46,3.0,2026-06-30
Northern Emirates,Ajman,Noura Al Shamsi,Hassan Ali,Waleed Omar,BR028,Fujairah Main,Digital Hub,Stable,KPI09,Digital Adoption Rate,HIGHER,91.5,91.9,91.9,75,2025-07-31
Northern Emirates,Ajman,Noura Al Shamsi,Hassan Ali,Waleed Omar,BR028,Fujairah Main,Digital Hub,Stable,KPI09,Digital Adoption Rate,HIGHER,91.9,91.9,92.7,75,2025-08-31
Northern Emirates,Ajman,Noura Al Shamsi,Hassan Ali,Waleed Omar,BR028,Fujairah Main,Digital Hub,Stable,KPI09,Digital Adoption Rate,HIGHER,91.9,92.7,92.9,75,2025-09-30
Northern Emirates,Ajman,Noura Al Shamsi,Hassan Ali,Waleed Omar,BR028,Fujairah Main,Digital Hub,Stable,KPI09,Digital Adoption Rate,HIGHER,92.7,92.9,93.1,75,2025-10-31
Northern Emirates,Ajman,Noura Al Shamsi,Hassan Ali,Waleed Omar,BR028,Fujairah Main,Digital Hub,Stable,KPI09,Digital Adoption Rate,HIGHER,92.9,93.1,93.9,75,2025-11-30
Northern Emirates,Ajman,Noura Al Shamsi,Hassan Ali,Waleed Omar,BR028,Fujairah Main,Digital Hub,Stable,KPI09,Digital Adoption Rate,HIGHER,93.1,93.9,93.4,75,2025-12-31
Northern Emirates,Ajman,Noura Al Shamsi,Hassan Ali,Waleed Omar,BR028,Fujairah Main,Digital Hub,Stable,KPI09,Digital Adoption Rate,HIGHER,93.9,93.4,93.0,75,2026-01-31
Northern Emirates,Ajman,Noura Al Shamsi,Hassan Ali,Waleed Omar,BR028,Fujairah Main,Digital Hub,Stable,KPI09,Digital Adoption Rate,HIGHER,93.4,93.0,92.3,75,2026-02-28
Northern Emirates,Ajman,Noura Al Shamsi,Hassan Ali,Waleed Omar,BR028,Fujairah Main,Digital Hub,Stable,KPI09,Digital Adoption Rate,HIGHER,93.0,92.3,92.4,75,2026-03-31
Northern Emirates,Ajman,Noura Al Shamsi,Hassan Ali,Waleed Omar,BR028,Fujairah Main,Digital Hub,Stable,KPI09,Digital Adoption Rate,HIGHER,92.3,92.4,91.7,75,2026-04-30
Northern Emirates,Ajman,Noura Al Shamsi,Hassan Ali,Waleed Omar,BR028,Fujairah Main,Digital Hub,Stable,KPI09,Digital Adoption Rate,HIGHER,92.4,91.7,92.3,75,2026-05-31
Northern Emirates,Ajman,Noura Al Shamsi,Hassan Ali,Waleed Omar,BR028,Fujairah Main,Digital Hub,Stable,KPI09,Digital Adoption Rate,HIGHER,91.7,92.3,92.5,75,2026-06-30
Northern Emirates,Ajman,Noura Al Shamsi,Hassan Ali,Waleed Omar,BR028,Fujairah Main,Digital Hub,Stable,KPI10,Repeat Complaint Rate,LOWER,13.5,13.6,14.0,8,2025-07-31
Northern Emirates,Ajman,Noura Al Shamsi,Hassan Ali,Waleed Omar,BR028,Fujairah Main,Digital Hub,Stable,KPI10,Repeat Complaint Rate,LOWER,13.6,14.0,13.7,8,2025-08-31
Northern Emirates,Ajman,Noura Al Shamsi,Hassan Ali,Waleed Omar,BR028,Fujairah Main,Digital Hub,Stable,KPI10,Repeat Complaint Rate,LOWER,14.0,13.7,12.9,8,2025-09-30
Northern Emirates,Ajman,Noura Al Shamsi,Hassan Ali,Waleed Omar,BR028,Fujairah Main,Digital Hub,Stable,KPI10,Repeat Complaint Rate,LOWER,13.7,12.9,12.9,8,2025-10-31
Northern Emirates,Ajman,Noura Al Shamsi,Hassan Ali,Waleed Omar,BR028,Fujairah Main,Digital Hub,Stable,KPI10,Repeat Complaint Rate,LOWER,12.9,12.9,13.1,8,2025-11-30
Northern Emirates,Ajman,Noura Al Shamsi,Hassan Ali,Waleed Omar,BR028,Fujairah Main,Digital Hub,Stable,KPI10,Repeat Complaint Rate,LOWER,12.9,13.1,13.0,8,2025-12-31
Northern Emirates,Ajman,Noura Al Shamsi,Hassan Ali,Waleed Omar,BR028,Fujairah Main,Digital Hub,Stable,KPI10,Repeat Complaint Rate,LOWER,13.1,13.0,13.1,8,2026-01-31
Northern Emirates,Ajman,Noura Al Shamsi,Hassan Ali,Waleed Omar,BR028,Fujairah Main,Digital Hub,Stable,KPI10,Repeat Complaint Rate,LOWER,13.0,13.1,13.4,8,2026-02-28
Northern Emirates,Ajman,Noura Al Shamsi,Hassan Ali,Waleed Omar,BR028,Fujairah Main,Digital Hub,Stable,KPI10,Repeat Complaint Rate,LOWER,13.1,13.4,13.9,8,2026-03-31
Northern Emirates,Ajman,Noura Al Shamsi,Hassan Ali,Waleed Omar,BR028,Fujairah Main,Digital Hub,Stable,KPI10,Repeat Complaint Rate,LOWER,13.4,13.9,14.0,8,2026-04-30
Northern Emirates,Ajman,Noura Al Shamsi,Hassan Ali,Waleed Omar,BR028,Fujairah Main,Digital Hub,Stable,KPI10,Repeat Complaint Rate,LOWER,13.9,14.0,13.7,8,2026-05-31
Northern Emirates,Ajman,Noura Al Shamsi,Hassan Ali,Waleed Omar,BR028,Fujairah Main,Digital Hub,Stable,KPI10,Repeat Complaint Rate,LOWER,14.0,13.7,13.8,8,2026-06-30
Dubai,New Dubai,Mariam Al Mansoori,Leila Hassan,Farah Nasser,BR029,Dibba,Flagship,Recovering,KPI01,CSAT,HIGHER,81.3,81.3,81.3,85,2025-07-31
Dubai,New Dubai,Mariam Al Mansoori,Leila Hassan,Farah Nasser,BR029,Dibba,Flagship,Recovering,KPI01,CSAT,HIGHER,81.3,81.3,81.8,85,2025-08-31
Dubai,New Dubai,Mariam Al Mansoori,Leila Hassan,Farah Nasser,BR029,Dibba,Flagship,Recovering,KPI01,CSAT,HIGHER,81.3,81.8,81.2,85,2025-09-30
Dubai,New Dubai,Mariam Al Mansoori,Leila Hassan,Farah Nasser,BR029,Dibba,Flagship,Recovering,KPI01,CSAT,HIGHER,81.8,81.2,80.5,85,2025-10-31
Dubai,New Dubai,Mariam Al Mansoori,Leila Hassan,Farah Nasser,BR029,Dibba,Flagship,Recovering,KPI01,CSAT,HIGHER,81.2,80.5,81.1,85,2025-11-30
Dubai,New Dubai,Mariam Al Mansoori,Leila Hassan,Farah Nasser,BR029,Dibba,Flagship,Recovering,KPI01,CSAT,HIGHER,80.5,81.1,81.6,85,2025-12-31
Dubai,New Dubai,Mariam Al Mansoori,Leila Hassan,Farah Nasser,BR029,Dibba,Flagship,Recovering,KPI01,CSAT,HIGHER,81.1,81.6,82.3,85,2026-01-31
Dubai,New Dubai,Mariam Al Mansoori,Leila Hassan,Farah Nasser,BR029,Dibba,Flagship,Recovering,KPI01,CSAT,HIGHER,81.6,82.3,83.4,85,2026-02-28
Dubai,New Dubai,Mariam Al Mansoori,Leila Hassan,Farah Nasser,BR029,Dibba,Flagship,Recovering,KPI01,CSAT,HIGHER,82.3,83.4,83.8,85,2026-03-31
Dubai,New Dubai,Mariam Al Mansoori,Leila Hassan,Farah Nasser,BR029,Dibba,Flagship,Recovering,KPI01,CSAT,HIGHER,83.4,83.8,84.8,85,2026-04-30
Dubai,New Dubai,Mariam Al Mansoori,Leila Hassan,Farah Nasser,BR029,Dibba,Flagship,Recovering,KPI01,CSAT,HIGHER,83.8,84.8,85.4,85,2026-05-31
Dubai,New Dubai,Mariam Al Mansoori,Leila Hassan,Farah Nasser,BR029,Dibba,Flagship,Recovering,KPI01,CSAT,HIGHER,84.8,85.4,86.4,85,2026-06-30
Dubai,New Dubai,Mariam Al Mansoori,Leila Hassan,Farah Nasser,BR029,Dibba,Flagship,Recovering,KPI02,NPS,HIGHER,25.0,24.3,22.8,40,2025-07-31
Dubai,New Dubai,Mariam Al Mansoori,Leila Hassan,Farah Nasser,BR029,Dibba,Flagship,Recovering,KPI02,NPS,HIGHER,24.3,22.8,22.6,40,2025-08-31
Dubai,New Dubai,Mariam Al Mansoori,Leila Hassan,Farah Nasser,BR029,Dibba,Flagship,Recovering,KPI02,NPS,HIGHER,22.8,22.6,22.0,40,2025-09-30
Dubai,New Dubai,Mariam Al Mansoori,Leila Hassan,Farah Nasser,BR029,Dibba,Flagship,Recovering,KPI02,NPS,HIGHER,22.6,22.0,22.3,40,2025-10-31
Dubai,New Dubai,Mariam Al Mansoori,Leila Hassan,Farah Nasser,BR029,Dibba,Flagship,Recovering,KPI02,NPS,HIGHER,22.0,22.3,22.6,40,2025-11-30
Dubai,New Dubai,Mariam Al Mansoori,Leila Hassan,Farah Nasser,BR029,Dibba,Flagship,Recovering,KPI02,NPS,HIGHER,22.3,22.6,25.1,40,2025-12-31
Dubai,New Dubai,Mariam Al Mansoori,Leila Hassan,Farah Nasser,BR029,Dibba,Flagship,Recovering,KPI02,NPS,HIGHER,22.6,25.1,26.4,40,2026-01-31
Dubai,New Dubai,Mariam Al Mansoori,Leila Hassan,Farah Nasser,BR029,Dibba,Flagship,Recovering,KPI02,NPS,HIGHER,25.1,26.4,28.3,40,2026-02-28
Dubai,New Dubai,Mariam Al Mansoori,Leila Hassan,Farah Nasser,BR029,Dibba,Flagship,Recovering,KPI02,NPS,HIGHER,26.4,28.3,30.4,40,2026-03-31
Dubai,New Dubai,Mariam Al Mansoori,Leila Hassan,Farah Nasser,BR029,Dibba,Flagship,Recovering,KPI02,NPS,HIGHER,28.3,30.4,32.6,40,2026-04-30
Dubai,New Dubai,Mariam Al Mansoori,Leila Hassan,Farah Nasser,BR029,Dibba,Flagship,Recovering,KPI02,NPS,HIGHER,30.4,32.6,34.1,40,2026-05-31
Dubai,New Dubai,Mariam Al Mansoori,Leila Hassan,Farah Nasser,BR029,Dibba,Flagship,Recovering,KPI02,NPS,HIGHER,32.6,34.1,35.8,40,2026-06-30
Dubai,New Dubai,Mariam Al Mansoori,Leila Hassan,Farah Nasser,BR029,Dibba,Flagship,Recovering,KPI03,Complaint Rate,LOWER,1.97,2.11,2.15,2.0,2025-07-31
Dubai,New Dubai,Mariam Al Mansoori,Leila Hassan,Farah Nasser,BR029,Dibba,Flagship,Recovering,KPI03,Complaint Rate,LOWER,2.11,2.15,2.24,2.0,2025-08-31
Dubai,New Dubai,Mariam Al Mansoori,Leila Hassan,Farah Nasser,BR029,Dibba,Flagship,Recovering,KPI03,Complaint Rate,LOWER,2.15,2.24,2.34,2.0,2025-09-30
Dubai,New Dubai,Mariam Al Mansoori,Leila Hassan,Farah Nasser,BR029,Dibba,Flagship,Recovering,KPI03,Complaint Rate,LOWER,2.24,2.34,2.4,2.0,2025-10-31
Dubai,New Dubai,Mariam Al Mansoori,Leila Hassan,Farah Nasser,BR029,Dibba,Flagship,Recovering,KPI03,Complaint Rate,LOWER,2.34,2.4,2.31,2.0,2025-11-30
Dubai,New Dubai,Mariam Al Mansoori,Leila Hassan,Farah Nasser,BR029,Dibba,Flagship,Recovering,KPI03,Complaint Rate,LOWER,2.4,2.31,2.17,2.0,2025-12-31
Dubai,New Dubai,Mariam Al Mansoori,Leila Hassan,Farah Nasser,BR029,Dibba,Flagship,Recovering,KPI03,Complaint Rate,LOWER,2.31,2.17,1.86,2.0,2026-01-31
Dubai,New Dubai,Mariam Al Mansoori,Leila Hassan,Farah Nasser,BR029,Dibba,Flagship,Recovering,KPI03,Complaint Rate,LOWER,2.17,1.86,1.76,2.0,2026-02-28
Dubai,New Dubai,Mariam Al Mansoori,Leila Hassan,Farah Nasser,BR029,Dibba,Flagship,Recovering,KPI03,Complaint Rate,LOWER,1.86,1.76,1.69,2.0,2026-03-31
Dubai,New Dubai,Mariam Al Mansoori,Leila Hassan,Farah Nasser,BR029,Dibba,Flagship,Recovering,KPI03,Complaint Rate,LOWER,1.76,1.69,1.53,2.0,2026-04-30
Dubai,New Dubai,Mariam Al Mansoori,Leila Hassan,Farah Nasser,BR029,Dibba,Flagship,Recovering,KPI03,Complaint Rate,LOWER,1.69,1.53,1.4,2.0,2026-05-31
Dubai,New Dubai,Mariam Al Mansoori,Leila Hassan,Farah Nasser,BR029,Dibba,Flagship,Recovering,KPI03,Complaint Rate,LOWER,1.53,1.4,1.19,2.0,2026-06-30
Dubai,New Dubai,Mariam Al Mansoori,Leila Hassan,Farah Nasser,BR029,Dibba,Flagship,Recovering,KPI04,Complaint Volume,LOWER,86.0,88.0,88.0,100,2025-07-31
Dubai,New Dubai,Mariam Al Mansoori,Leila Hassan,Farah Nasser,BR029,Dibba,Flagship,Recovering,KPI04,Complaint Volume,LOWER,88.0,88.0,95.0,100,2025-08-31
Dubai,New Dubai,Mariam Al Mansoori,Leila Hassan,Farah Nasser,BR029,Dibba,Flagship,Recovering,KPI04,Complaint Volume,LOWER,88.0,95.0,105.0,100,2025-09-30
Dubai,New Dubai,Mariam Al Mansoori,Leila Hassan,Farah Nasser,BR029,Dibba,Flagship,Recovering,KPI04,Complaint Volume,LOWER,95.0,105.0,112.0,100,2025-10-31
Dubai,New Dubai,Mariam Al Mansoori,Leila Hassan,Farah Nasser,BR029,Dibba,Flagship,Recovering,KPI04,Complaint Volume,LOWER,105.0,112.0,101.0,100,2025-11-30
Dubai,New Dubai,Mariam Al Mansoori,Leila Hassan,Farah Nasser,BR029,Dibba,Flagship,Recovering,KPI04,Complaint Volume,LOWER,112.0,101.0,95.0,100,2025-12-31
Dubai,New Dubai,Mariam Al Mansoori,Leila Hassan,Farah Nasser,BR029,Dibba,Flagship,Recovering,KPI04,Complaint Volume,LOWER,101.0,95.0,86.0,100,2026-01-31
Dubai,New Dubai,Mariam Al Mansoori,Leila Hassan,Farah Nasser,BR029,Dibba,Flagship,Recovering,KPI04,Complaint Volume,LOWER,95.0,86.0,81.0,100,2026-02-28
Dubai,New Dubai,Mariam Al Mansoori,Leila Hassan,Farah Nasser,BR029,Dibba,Flagship,Recovering,KPI04,Complaint Volume,LOWER,86.0,81.0,72.0,100,2026-03-31
Dubai,New Dubai,Mariam Al Mansoori,Leila Hassan,Farah Nasser,BR029,Dibba,Flagship,Recovering,KPI04,Complaint Volume,LOWER,81.0,72.0,69.0,100,2026-04-30
Dubai,New Dubai,Mariam Al Mansoori,Leila Hassan,Farah Nasser,BR029,Dibba,Flagship,Recovering,KPI04,Complaint Volume,LOWER,72.0,69.0,65.0,100,2026-05-31
Dubai,New Dubai,Mariam Al Mansoori,Leila Hassan,Farah Nasser,BR029,Dibba,Flagship,Recovering,KPI04,Complaint Volume,LOWER,69.0,65.0,58.0,100,2026-06-30
Dubai,New Dubai,Mariam Al Mansoori,Leila Hassan,Farah Nasser,BR029,Dibba,Flagship,Recovering,KPI05,Resolution Time,LOWER,2.05,2.24,2.37,3.0,2025-07-31
Dubai,New Dubai,Mariam Al Mansoori,Leila Hassan,Farah Nasser,BR029,Dibba,Flagship,Recovering,KPI05,Resolution Time,LOWER,2.24,2.37,2.45,3.0,2025-08-31
Dubai,New Dubai,Mariam Al Mansoori,Leila Hassan,Farah Nasser,BR029,Dibba,Flagship,Recovering,KPI05,Resolution Time,LOWER,2.37,2.45,2.44,3.0,2025-09-30
Dubai,New Dubai,Mariam Al Mansoori,Leila Hassan,Farah Nasser,BR029,Dibba,Flagship,Recovering,KPI05,Resolution Time,LOWER,2.45,2.44,2.47,3.0,2025-10-31
Dubai,New Dubai,Mariam Al Mansoori,Leila Hassan,Farah Nasser,BR029,Dibba,Flagship,Recovering,KPI05,Resolution Time,LOWER,2.44,2.47,2.4,3.0,2025-11-30
Dubai,New Dubai,Mariam Al Mansoori,Leila Hassan,Farah Nasser,BR029,Dibba,Flagship,Recovering,KPI05,Resolution Time,LOWER,2.47,2.4,2.38,3.0,2025-12-31
Dubai,New Dubai,Mariam Al Mansoori,Leila Hassan,Farah Nasser,BR029,Dibba,Flagship,Recovering,KPI05,Resolution Time,LOWER,2.4,2.38,2.18,3.0,2026-01-31
Dubai,New Dubai,Mariam Al Mansoori,Leila Hassan,Farah Nasser,BR029,Dibba,Flagship,Recovering,KPI05,Resolution Time,LOWER,2.38,2.18,2.14,3.0,2026-02-28
Dubai,New Dubai,Mariam Al Mansoori,Leila Hassan,Farah Nasser,BR029,Dibba,Flagship,Recovering,KPI05,Resolution Time,LOWER,2.18,2.14,1.88,3.0,2026-03-31
Dubai,New Dubai,Mariam Al Mansoori,Leila Hassan,Farah Nasser,BR029,Dibba,Flagship,Recovering,KPI05,Resolution Time,LOWER,2.14,1.88,1.76,3.0,2026-04-30
Dubai,New Dubai,Mariam Al Mansoori,Leila Hassan,Farah Nasser,BR029,Dibba,Flagship,Recovering,KPI05,Resolution Time,LOWER,1.88,1.76,1.68,3.0,2026-05-31
Dubai,New Dubai,Mariam Al Mansoori,Leila Hassan,Farah Nasser,BR029,Dibba,Flagship,Recovering,KPI05,Resolution Time,LOWER,1.76,1.68,1.5,3.0,2026-06-30
Dubai,New Dubai,Mariam Al Mansoori,Leila Hassan,Farah Nasser,BR029,Dibba,Flagship,Recovering,KPI06,SLA Compliance,HIGHER,84.0,83.5,83.4,95,2025-07-31
Dubai,New Dubai,Mariam Al Mansoori,Leila Hassan,Farah Nasser,BR029,Dibba,Flagship,Recovering,KPI06,SLA Compliance,HIGHER,83.5,83.4,83.6,95,2025-08-31
Dubai,New Dubai,Mariam Al Mansoori,Leila Hassan,Farah Nasser,BR029,Dibba,Flagship,Recovering,KPI06,SLA Compliance,HIGHER,83.4,83.6,82.9,95,2025-09-30
Dubai,New Dubai,Mariam Al Mansoori,Leila Hassan,Farah Nasser,BR029,Dibba,Flagship,Recovering,KPI06,SLA Compliance,HIGHER,83.6,82.9,82.9,95,2025-10-31
Dubai,New Dubai,Mariam Al Mansoori,Leila Hassan,Farah Nasser,BR029,Dibba,Flagship,Recovering,KPI06,SLA Compliance,HIGHER,82.9,82.9,82.9,95,2025-11-30
Dubai,New Dubai,Mariam Al Mansoori,Leila Hassan,Farah Nasser,BR029,Dibba,Flagship,Recovering,KPI06,SLA Compliance,HIGHER,82.9,82.9,83.2,95,2025-12-31
Dubai,New Dubai,Mariam Al Mansoori,Leila Hassan,Farah Nasser,BR029,Dibba,Flagship,Recovering,KPI06,SLA Compliance,HIGHER,82.9,83.2,84.1,95,2026-01-31
Dubai,New Dubai,Mariam Al Mansoori,Leila Hassan,Farah Nasser,BR029,Dibba,Flagship,Recovering,KPI06,SLA Compliance,HIGHER,83.2,84.1,84.8,95,2026-02-28
Dubai,New Dubai,Mariam Al Mansoori,Leila Hassan,Farah Nasser,BR029,Dibba,Flagship,Recovering,KPI06,SLA Compliance,HIGHER,84.1,84.8,85.5,95,2026-03-31
Dubai,New Dubai,Mariam Al Mansoori,Leila Hassan,Farah Nasser,BR029,Dibba,Flagship,Recovering,KPI06,SLA Compliance,HIGHER,84.8,85.5,86.4,95,2026-04-30
Dubai,New Dubai,Mariam Al Mansoori,Leila Hassan,Farah Nasser,BR029,Dibba,Flagship,Recovering,KPI06,SLA Compliance,HIGHER,85.5,86.4,87.0,95,2026-05-31
Dubai,New Dubai,Mariam Al Mansoori,Leila Hassan,Farah Nasser,BR029,Dibba,Flagship,Recovering,KPI06,SLA Compliance,HIGHER,86.4,87.0,87.9,95,2026-06-30
Dubai,New Dubai,Mariam Al Mansoori,Leila Hassan,Farah Nasser,BR029,Dibba,Flagship,Recovering,KPI07,First Contact Resolution,HIGHER,81.9,81.9,81.7,85,2025-07-31
Dubai,New Dubai,Mariam Al Mansoori,Leila Hassan,Farah Nasser,BR029,Dibba,Flagship,Recovering,KPI07,First Contact Resolution,HIGHER,81.9,81.7,80.9,85,2025-08-31
Dubai,New Dubai,Mariam Al Mansoori,Leila Hassan,Farah Nasser,BR029,Dibba,Flagship,Recovering,KPI07,First Contact Resolution,HIGHER,81.7,80.9,79.5,85,2025-09-30
Dubai,New Dubai,Mariam Al Mansoori,Leila Hassan,Farah Nasser,BR029,Dibba,Flagship,Recovering,KPI07,First Contact Resolution,HIGHER,80.9,79.5,78.4,85,2025-10-31
Dubai,New Dubai,Mariam Al Mansoori,Leila Hassan,Farah Nasser,BR029,Dibba,Flagship,Recovering,KPI07,First Contact Resolution,HIGHER,79.5,78.4,78.9,85,2025-11-30
Dubai,New Dubai,Mariam Al Mansoori,Leila Hassan,Farah Nasser,BR029,Dibba,Flagship,Recovering,KPI07,First Contact Resolution,HIGHER,78.4,78.9,79.8,85,2025-12-31
Dubai,New Dubai,Mariam Al Mansoori,Leila Hassan,Farah Nasser,BR029,Dibba,Flagship,Recovering,KPI07,First Contact Resolution,HIGHER,78.9,79.8,81.2,85,2026-01-31
Dubai,New Dubai,Mariam Al Mansoori,Leila Hassan,Farah Nasser,BR029,Dibba,Flagship,Recovering,KPI07,First Contact Resolution,HIGHER,79.8,81.2,82.1,85,2026-02-28
Dubai,New Dubai,Mariam Al Mansoori,Leila Hassan,Farah Nasser,BR029,Dibba,Flagship,Recovering,KPI07,First Contact Resolution,HIGHER,81.2,82.1,82.3,85,2026-03-31
Dubai,New Dubai,Mariam Al Mansoori,Leila Hassan,Farah Nasser,BR029,Dibba,Flagship,Recovering,KPI07,First Contact Resolution,HIGHER,82.1,82.3,82.2,85,2026-04-30
Dubai,New Dubai,Mariam Al Mansoori,Leila Hassan,Farah Nasser,BR029,Dibba,Flagship,Recovering,KPI07,First Contact Resolution,HIGHER,82.3,82.2,82.9,85,2026-05-31
Dubai,New Dubai,Mariam Al Mansoori,Leila Hassan,Farah Nasser,BR029,Dibba,Flagship,Recovering,KPI07,First Contact Resolution,HIGHER,82.2,82.9,83.4,85,2026-06-30
Dubai,New Dubai,Mariam Al Mansoori,Leila Hassan,Farah Nasser,BR029,Dibba,Flagship,Recovering,KPI08,Customer Effort Score,LOWER,2.45,2.52,2.61,3.0,2025-07-31
Dubai,New Dubai,Mariam Al Mansoori,Leila Hassan,Farah Nasser,BR029,Dibba,Flagship,Recovering,KPI08,Customer Effort Score,LOWER,2.52,2.61,2.63,3.0,2025-08-31
Dubai,New Dubai,Mariam Al Mansoori,Leila Hassan,Farah Nasser,BR029,Dibba,Flagship,Recovering,KPI08,Customer Effort Score,LOWER,2.61,2.63,2.73,3.0,2025-09-30
Dubai,New Dubai,Mariam Al Mansoori,Leila Hassan,Farah Nasser,BR029,Dibba,Flagship,Recovering,KPI08,Customer Effort Score,LOWER,2.63,2.73,2.79,3.0,2025-10-31
Dubai,New Dubai,Mariam Al Mansoori,Leila Hassan,Farah Nasser,BR029,Dibba,Flagship,Recovering,KPI08,Customer Effort Score,LOWER,2.73,2.79,2.71,3.0,2025-11-30
Dubai,New Dubai,Mariam Al Mansoori,Leila Hassan,Farah Nasser,BR029,Dibba,Flagship,Recovering,KPI08,Customer Effort Score,LOWER,2.79,2.71,2.6,3.0,2025-12-31
Dubai,New Dubai,Mariam Al Mansoori,Leila Hassan,Farah Nasser,BR029,Dibba,Flagship,Recovering,KPI08,Customer Effort Score,LOWER,2.71,2.6,2.52,3.0,2026-01-31
Dubai,New Dubai,Mariam Al Mansoori,Leila Hassan,Farah Nasser,BR029,Dibba,Flagship,Recovering,KPI08,Customer Effort Score,LOWER,2.6,2.52,2.46,3.0,2026-02-28
Dubai,New Dubai,Mariam Al Mansoori,Leila Hassan,Farah Nasser,BR029,Dibba,Flagship,Recovering,KPI08,Customer Effort Score,LOWER,2.52,2.46,2.32,3.0,2026-03-31
Dubai,New Dubai,Mariam Al Mansoori,Leila Hassan,Farah Nasser,BR029,Dibba,Flagship,Recovering,KPI08,Customer Effort Score,LOWER,2.46,2.32,2.15,3.0,2026-04-30
Dubai,New Dubai,Mariam Al Mansoori,Leila Hassan,Farah Nasser,BR029,Dibba,Flagship,Recovering,KPI08,Customer Effort Score,LOWER,2.32,2.15,2.06,3.0,2026-05-31
Dubai,New Dubai,Mariam Al Mansoori,Leila Hassan,Farah Nasser,BR029,Dibba,Flagship,Recovering,KPI08,Customer Effort Score,LOWER,2.15,2.06,2.01,3.0,2026-06-30
Dubai,New Dubai,Mariam Al Mansoori,Leila Hassan,Farah Nasser,BR029,Dibba,Flagship,Recovering,KPI09,Digital Adoption Rate,HIGHER,63.2,62.3,61.7,75,2025-07-31
Dubai,New Dubai,Mariam Al Mansoori,Leila Hassan,Farah Nasser,BR029,Dibba,Flagship,Recovering,KPI09,Digital Adoption Rate,HIGHER,62.3,61.7,60.9,75,2025-08-31
Dubai,New Dubai,Mariam Al Mansoori,Leila Hassan,Farah Nasser,BR029,Dibba,Flagship,Recovering,KPI09,Digital Adoption Rate,HIGHER,61.7,60.9,59.7,75,2025-09-30
Dubai,New Dubai,Mariam Al Mansoori,Leila Hassan,Farah Nasser,BR029,Dibba,Flagship,Recovering,KPI09,Digital Adoption Rate,HIGHER,60.9,59.7,58.0,75,2025-10-31
Dubai,New Dubai,Mariam Al Mansoori,Leila Hassan,Farah Nasser,BR029,Dibba,Flagship,Recovering,KPI09,Digital Adoption Rate,HIGHER,59.7,58.0,58.8,75,2025-11-30
Dubai,New Dubai,Mariam Al Mansoori,Leila Hassan,Farah Nasser,BR029,Dibba,Flagship,Recovering,KPI09,Digital Adoption Rate,HIGHER,58.0,58.8,60.4,75,2025-12-31
Dubai,New Dubai,Mariam Al Mansoori,Leila Hassan,Farah Nasser,BR029,Dibba,Flagship,Recovering,KPI09,Digital Adoption Rate,HIGHER,58.8,60.4,62.1,75,2026-01-31
Dubai,New Dubai,Mariam Al Mansoori,Leila Hassan,Farah Nasser,BR029,Dibba,Flagship,Recovering,KPI09,Digital Adoption Rate,HIGHER,60.4,62.1,63.0,75,2026-02-28
Dubai,New Dubai,Mariam Al Mansoori,Leila Hassan,Farah Nasser,BR029,Dibba,Flagship,Recovering,KPI09,Digital Adoption Rate,HIGHER,62.1,63.0,64.0,75,2026-03-31
Dubai,New Dubai,Mariam Al Mansoori,Leila Hassan,Farah Nasser,BR029,Dibba,Flagship,Recovering,KPI09,Digital Adoption Rate,HIGHER,63.0,64.0,65.6,75,2026-04-30
Dubai,New Dubai,Mariam Al Mansoori,Leila Hassan,Farah Nasser,BR029,Dibba,Flagship,Recovering,KPI09,Digital Adoption Rate,HIGHER,64.0,65.6,67.5,75,2026-05-31
Dubai,New Dubai,Mariam Al Mansoori,Leila Hassan,Farah Nasser,BR029,Dibba,Flagship,Recovering,KPI09,Digital Adoption Rate,HIGHER,65.6,67.5,68.4,75,2026-06-30
Dubai,New Dubai,Mariam Al Mansoori,Leila Hassan,Farah Nasser,BR029,Dibba,Flagship,Recovering,KPI10,Repeat Complaint Rate,LOWER,6.8,6.9,7.0,8,2025-07-31
Dubai,New Dubai,Mariam Al Mansoori,Leila Hassan,Farah Nasser,BR029,Dibba,Flagship,Recovering,KPI10,Repeat Complaint Rate,LOWER,6.9,7.0,7.0,8,2025-08-31
Dubai,New Dubai,Mariam Al Mansoori,Leila Hassan,Farah Nasser,BR029,Dibba,Flagship,Recovering,KPI10,Repeat Complaint Rate,LOWER,7.0,7.0,6.9,8,2025-09-30
Dubai,New Dubai,Mariam Al Mansoori,Leila Hassan,Farah Nasser,BR029,Dibba,Flagship,Recovering,KPI10,Repeat Complaint Rate,LOWER,7.0,6.9,7.2,8,2025-10-31
Dubai,New Dubai,Mariam Al Mansoori,Leila Hassan,Farah Nasser,BR029,Dibba,Flagship,Recovering,KPI10,Repeat Complaint Rate,LOWER,6.9,7.2,6.6,8,2025-11-30
Dubai,New Dubai,Mariam Al Mansoori,Leila Hassan,Farah Nasser,BR029,Dibba,Flagship,Recovering,KPI10,Repeat Complaint Rate,LOWER,7.2,6.6,6.4,8,2025-12-31
Dubai,New Dubai,Mariam Al Mansoori,Leila Hassan,Farah Nasser,BR029,Dibba,Flagship,Recovering,KPI10,Repeat Complaint Rate,LOWER,6.6,6.4,5.4,8,2026-01-31
Dubai,New Dubai,Mariam Al Mansoori,Leila Hassan,Farah Nasser,BR029,Dibba,Flagship,Recovering,KPI10,Repeat Complaint Rate,LOWER,6.4,5.4,4.8,8,2026-02-28
Dubai,New Dubai,Mariam Al Mansoori,Leila Hassan,Farah Nasser,BR029,Dibba,Flagship,Recovering,KPI10,Repeat Complaint Rate,LOWER,5.4,4.8,4.1,8,2026-03-31
Dubai,New Dubai,Mariam Al Mansoori,Leila Hassan,Farah Nasser,BR029,Dibba,Flagship,Recovering,KPI10,Repeat Complaint Rate,LOWER,4.8,4.1,3.7,8,2026-04-30
Dubai,New Dubai,Mariam Al Mansoori,Leila Hassan,Farah Nasser,BR029,Dibba,Flagship,Recovering,KPI10,Repeat Complaint Rate,LOWER,4.1,3.7,3.2,8,2026-05-31
Dubai,New Dubai,Mariam Al Mansoori,Leila Hassan,Farah Nasser,BR029,Dibba,Flagship,Recovering,KPI10,Repeat Complaint Rate,LOWER,3.7,3.2,3.0,8,2026-06-30
Abu Dhabi,Al Ain,Saeed Al Mazrouei,Huda Salem,Khalid Mahmoud,BR030,Umm Al Quwain,Premium,Volatile,KPI01,CSAT,HIGHER,72.3,72.3,72.3,85,2025-07-31
Abu Dhabi,Al Ain,Saeed Al Mazrouei,Huda Salem,Khalid Mahmoud,BR030,Umm Al Quwain,Premium,Volatile,KPI01,CSAT,HIGHER,72.3,72.3,72.2,85,2025-08-31
Abu Dhabi,Al Ain,Saeed Al Mazrouei,Huda Salem,Khalid Mahmoud,BR030,Umm Al Quwain,Premium,Volatile,KPI01,CSAT,HIGHER,72.3,72.2,72.4,85,2025-09-30
Abu Dhabi,Al Ain,Saeed Al Mazrouei,Huda Salem,Khalid Mahmoud,BR030,Umm Al Quwain,Premium,Volatile,KPI01,CSAT,HIGHER,72.2,72.4,72.8,85,2025-10-31
Abu Dhabi,Al Ain,Saeed Al Mazrouei,Huda Salem,Khalid Mahmoud,BR030,Umm Al Quwain,Premium,Volatile,KPI01,CSAT,HIGHER,72.4,72.8,73.8,85,2025-11-30
Abu Dhabi,Al Ain,Saeed Al Mazrouei,Huda Salem,Khalid Mahmoud,BR030,Umm Al Quwain,Premium,Volatile,KPI01,CSAT,HIGHER,72.8,73.8,73.6,85,2025-12-31
Abu Dhabi,Al Ain,Saeed Al Mazrouei,Huda Salem,Khalid Mahmoud,BR030,Umm Al Quwain,Premium,Volatile,KPI01,CSAT,HIGHER,73.8,73.6,73.4,85,2026-01-31
Abu Dhabi,Al Ain,Saeed Al Mazrouei,Huda Salem,Khalid Mahmoud,BR030,Umm Al Quwain,Premium,Volatile,KPI01,CSAT,HIGHER,73.6,73.4,73.1,85,2026-02-28
Abu Dhabi,Al Ain,Saeed Al Mazrouei,Huda Salem,Khalid Mahmoud,BR030,Umm Al Quwain,Premium,Volatile,KPI01,CSAT,HIGHER,73.4,73.1,73.6,85,2026-03-31
Abu Dhabi,Al Ain,Saeed Al Mazrouei,Huda Salem,Khalid Mahmoud,BR030,Umm Al Quwain,Premium,Volatile,KPI01,CSAT,HIGHER,73.1,73.6,74.3,85,2026-04-30
Abu Dhabi,Al Ain,Saeed Al Mazrouei,Huda Salem,Khalid Mahmoud,BR030,Umm Al Quwain,Premium,Volatile,KPI01,CSAT,HIGHER,73.6,74.3,74.3,85,2026-05-31
Abu Dhabi,Al Ain,Saeed Al Mazrouei,Huda Salem,Khalid Mahmoud,BR030,Umm Al Quwain,Premium,Volatile,KPI01,CSAT,HIGHER,74.3,74.3,73.7,85,2026-06-30
Abu Dhabi,Al Ain,Saeed Al Mazrouei,Huda Salem,Khalid Mahmoud,BR030,Umm Al Quwain,Premium,Volatile,KPI02,NPS,HIGHER,30.7,31.9,33.2,40,2025-07-31
Abu Dhabi,Al Ain,Saeed Al Mazrouei,Huda Salem,Khalid Mahmoud,BR030,Umm Al Quwain,Premium,Volatile,KPI02,NPS,HIGHER,31.9,33.2,33.1,40,2025-08-31
Abu Dhabi,Al Ain,Saeed Al Mazrouei,Huda Salem,Khalid Mahmoud,BR030,Umm Al Quwain,Premium,Volatile,KPI02,NPS,HIGHER,33.2,33.1,31.4,40,2025-09-30
Abu Dhabi,Al Ain,Saeed Al Mazrouei,Huda Salem,Khalid Mahmoud,BR030,Umm Al Quwain,Premium,Volatile,KPI02,NPS,HIGHER,33.1,31.4,32.6,40,2025-10-31
Abu Dhabi,Al Ain,Saeed Al Mazrouei,Huda Salem,Khalid Mahmoud,BR030,Umm Al Quwain,Premium,Volatile,KPI02,NPS,HIGHER,31.4,32.6,33.9,40,2025-11-30
Abu Dhabi,Al Ain,Saeed Al Mazrouei,Huda Salem,Khalid Mahmoud,BR030,Umm Al Quwain,Premium,Volatile,KPI02,NPS,HIGHER,32.6,33.9,34.7,40,2025-12-31
Abu Dhabi,Al Ain,Saeed Al Mazrouei,Huda Salem,Khalid Mahmoud,BR030,Umm Al Quwain,Premium,Volatile,KPI02,NPS,HIGHER,33.9,34.7,33.4,40,2026-01-31
Abu Dhabi,Al Ain,Saeed Al Mazrouei,Huda Salem,Khalid Mahmoud,BR030,Umm Al Quwain,Premium,Volatile,KPI02,NPS,HIGHER,34.7,33.4,34.1,40,2026-02-28
Abu Dhabi,Al Ain,Saeed Al Mazrouei,Huda Salem,Khalid Mahmoud,BR030,Umm Al Quwain,Premium,Volatile,KPI02,NPS,HIGHER,33.4,34.1,36.5,40,2026-03-31
Abu Dhabi,Al Ain,Saeed Al Mazrouei,Huda Salem,Khalid Mahmoud,BR030,Umm Al Quwain,Premium,Volatile,KPI02,NPS,HIGHER,34.1,36.5,36.9,40,2026-04-30
Abu Dhabi,Al Ain,Saeed Al Mazrouei,Huda Salem,Khalid Mahmoud,BR030,Umm Al Quwain,Premium,Volatile,KPI02,NPS,HIGHER,36.5,36.9,35.9,40,2026-05-31
Abu Dhabi,Al Ain,Saeed Al Mazrouei,Huda Salem,Khalid Mahmoud,BR030,Umm Al Quwain,Premium,Volatile,KPI02,NPS,HIGHER,36.9,35.9,33.9,40,2026-06-30
Abu Dhabi,Al Ain,Saeed Al Mazrouei,Huda Salem,Khalid Mahmoud,BR030,Umm Al Quwain,Premium,Volatile,KPI03,Complaint Rate,LOWER,3.67,3.5,3.48,2.0,2025-07-31
Abu Dhabi,Al Ain,Saeed Al Mazrouei,Huda Salem,Khalid Mahmoud,BR030,Umm Al Quwain,Premium,Volatile,KPI03,Complaint Rate,LOWER,3.5,3.48,3.54,2.0,2025-08-31
Abu Dhabi,Al Ain,Saeed Al Mazrouei,Huda Salem,Khalid Mahmoud,BR030,Umm Al Quwain,Premium,Volatile,KPI03,Complaint Rate,LOWER,3.48,3.54,3.61,2.0,2025-09-30
Abu Dhabi,Al Ain,Saeed Al Mazrouei,Huda Salem,Khalid Mahmoud,BR030,Umm Al Quwain,Premium,Volatile,KPI03,Complaint Rate,LOWER,3.54,3.61,3.64,2.0,2025-10-31
Abu Dhabi,Al Ain,Saeed Al Mazrouei,Huda Salem,Khalid Mahmoud,BR030,Umm Al Quwain,Premium,Volatile,KPI03,Complaint Rate,LOWER,3.61,3.64,3.49,2.0,2025-11-30
Abu Dhabi,Al Ain,Saeed Al Mazrouei,Huda Salem,Khalid Mahmoud,BR030,Umm Al Quwain,Premium,Volatile,KPI03,Complaint Rate,LOWER,3.64,3.49,3.46,2.0,2025-12-31
Abu Dhabi,Al Ain,Saeed Al Mazrouei,Huda Salem,Khalid Mahmoud,BR030,Umm Al Quwain,Premium,Volatile,KPI03,Complaint Rate,LOWER,3.49,3.46,3.55,2.0,2026-01-31
Abu Dhabi,Al Ain,Saeed Al Mazrouei,Huda Salem,Khalid Mahmoud,BR030,Umm Al Quwain,Premium,Volatile,KPI03,Complaint Rate,LOWER,3.46,3.55,3.56,2.0,2026-02-28
Abu Dhabi,Al Ain,Saeed Al Mazrouei,Huda Salem,Khalid Mahmoud,BR030,Umm Al Quwain,Premium,Volatile,KPI03,Complaint Rate,LOWER,3.55,3.56,3.49,2.0,2026-03-31
Abu Dhabi,Al Ain,Saeed Al Mazrouei,Huda Salem,Khalid Mahmoud,BR030,Umm Al Quwain,Premium,Volatile,KPI03,Complaint Rate,LOWER,3.56,3.49,3.41,2.0,2026-04-30
Abu Dhabi,Al Ain,Saeed Al Mazrouei,Huda Salem,Khalid Mahmoud,BR030,Umm Al Quwain,Premium,Volatile,KPI03,Complaint Rate,LOWER,3.49,3.41,3.42,2.0,2026-05-31
Abu Dhabi,Al Ain,Saeed Al Mazrouei,Huda Salem,Khalid Mahmoud,BR030,Umm Al Quwain,Premium,Volatile,KPI03,Complaint Rate,LOWER,3.41,3.42,3.52,2.0,2026-06-30
Abu Dhabi,Al Ain,Saeed Al Mazrouei,Huda Salem,Khalid Mahmoud,BR030,Umm Al Quwain,Premium,Volatile,KPI04,Complaint Volume,LOWER,62.0,61.0,58.0,100,2025-07-31
Abu Dhabi,Al Ain,Saeed Al Mazrouei,Huda Salem,Khalid Mahmoud,BR030,Umm Al Quwain,Premium,Volatile,KPI04,Complaint Volume,LOWER,61.0,58.0,61.0,100,2025-08-31
Abu Dhabi,Al Ain,Saeed Al Mazrouei,Huda Salem,Khalid Mahmoud,BR030,Umm Al Quwain,Premium,Volatile,KPI04,Complaint Volume,LOWER,58.0,61.0,68.0,100,2025-09-30
Abu Dhabi,Al Ain,Saeed Al Mazrouei,Huda Salem,Khalid Mahmoud,BR030,Umm Al Quwain,Premium,Volatile,KPI04,Complaint Volume,LOWER,61.0,68.0,69.0,100,2025-10-31
Abu Dhabi,Al Ain,Saeed Al Mazrouei,Huda Salem,Khalid Mahmoud,BR030,Umm Al Quwain,Premium,Volatile,KPI04,Complaint Volume,LOWER,68.0,69.0,61.0,100,2025-11-30
Abu Dhabi,Al Ain,Saeed Al Mazrouei,Huda Salem,Khalid Mahmoud,BR030,Umm Al Quwain,Premium,Volatile,KPI04,Complaint Volume,LOWER,69.0,61.0,63.0,100,2025-12-31
Abu Dhabi,Al Ain,Saeed Al Mazrouei,Huda Salem,Khalid Mahmoud,BR030,Umm Al Quwain,Premium,Volatile,KPI04,Complaint Volume,LOWER,61.0,63.0,74.0,100,2026-01-31
Abu Dhabi,Al Ain,Saeed Al Mazrouei,Huda Salem,Khalid Mahmoud,BR030,Umm Al Quwain,Premium,Volatile,KPI04,Complaint Volume,LOWER,63.0,74.0,64.0,100,2026-02-28
Abu Dhabi,Al Ain,Saeed Al Mazrouei,Huda Salem,Khalid Mahmoud,BR030,Umm Al Quwain,Premium,Volatile,KPI04,Complaint Volume,LOWER,74.0,64.0,53.0,100,2026-03-31
Abu Dhabi,Al Ain,Saeed Al Mazrouei,Huda Salem,Khalid Mahmoud,BR030,Umm Al Quwain,Premium,Volatile,KPI04,Complaint Volume,LOWER,64.0,53.0,49.0,100,2026-04-30
Abu Dhabi,Al Ain,Saeed Al Mazrouei,Huda Salem,Khalid Mahmoud,BR030,Umm Al Quwain,Premium,Volatile,KPI04,Complaint Volume,LOWER,53.0,49.0,49.0,100,2026-05-31
Abu Dhabi,Al Ain,Saeed Al Mazrouei,Huda Salem,Khalid Mahmoud,BR030,Umm Al Quwain,Premium,Volatile,KPI04,Complaint Volume,LOWER,49.0,49.0,62.0,100,2026-06-30
Abu Dhabi,Al Ain,Saeed Al Mazrouei,Huda Salem,Khalid Mahmoud,BR030,Umm Al Quwain,Premium,Volatile,KPI05,Resolution Time,LOWER,6.41,6.31,6.33,3.0,2025-07-31
Abu Dhabi,Al Ain,Saeed Al Mazrouei,Huda Salem,Khalid Mahmoud,BR030,Umm Al Quwain,Premium,Volatile,KPI05,Resolution Time,LOWER,6.31,6.33,6.48,3.0,2025-08-31
Abu Dhabi,Al Ain,Saeed Al Mazrouei,Huda Salem,Khalid Mahmoud,BR030,Umm Al Quwain,Premium,Volatile,KPI05,Resolution Time,LOWER,6.33,6.48,6.64,3.0,2025-09-30
Abu Dhabi,Al Ain,Saeed Al Mazrouei,Huda Salem,Khalid Mahmoud,BR030,Umm Al Quwain,Premium,Volatile,KPI05,Resolution Time,LOWER,6.48,6.64,6.71,3.0,2025-10-31
Abu Dhabi,Al Ain,Saeed Al Mazrouei,Huda Salem,Khalid Mahmoud,BR030,Umm Al Quwain,Premium,Volatile,KPI05,Resolution Time,LOWER,6.64,6.71,6.63,3.0,2025-11-30
Abu Dhabi,Al Ain,Saeed Al Mazrouei,Huda Salem,Khalid Mahmoud,BR030,Umm Al Quwain,Premium,Volatile,KPI05,Resolution Time,LOWER,6.71,6.63,6.51,3.0,2025-12-31
Abu Dhabi,Al Ain,Saeed Al Mazrouei,Huda Salem,Khalid Mahmoud,BR030,Umm Al Quwain,Premium,Volatile,KPI05,Resolution Time,LOWER,6.63,6.51,6.74,3.0,2026-01-31
Abu Dhabi,Al Ain,Saeed Al Mazrouei,Huda Salem,Khalid Mahmoud,BR030,Umm Al Quwain,Premium,Volatile,KPI05,Resolution Time,LOWER,6.51,6.74,6.89,3.0,2026-02-28
Abu Dhabi,Al Ain,Saeed Al Mazrouei,Huda Salem,Khalid Mahmoud,BR030,Umm Al Quwain,Premium,Volatile,KPI05,Resolution Time,LOWER,6.74,6.89,6.77,3.0,2026-03-31
Abu Dhabi,Al Ain,Saeed Al Mazrouei,Huda Salem,Khalid Mahmoud,BR030,Umm Al Quwain,Premium,Volatile,KPI05,Resolution Time,LOWER,6.89,6.77,6.8,3.0,2026-04-30
Abu Dhabi,Al Ain,Saeed Al Mazrouei,Huda Salem,Khalid Mahmoud,BR030,Umm Al Quwain,Premium,Volatile,KPI05,Resolution Time,LOWER,6.77,6.8,6.75,3.0,2026-05-31
Abu Dhabi,Al Ain,Saeed Al Mazrouei,Huda Salem,Khalid Mahmoud,BR030,Umm Al Quwain,Premium,Volatile,KPI05,Resolution Time,LOWER,6.8,6.75,6.93,3.0,2026-06-30
Abu Dhabi,Al Ain,Saeed Al Mazrouei,Huda Salem,Khalid Mahmoud,BR030,Umm Al Quwain,Premium,Volatile,KPI06,SLA Compliance,HIGHER,78.0,78.8,78.1,95,2025-07-31
Abu Dhabi,Al Ain,Saeed Al Mazrouei,Huda Salem,Khalid Mahmoud,BR030,Umm Al Quwain,Premium,Volatile,KPI06,SLA Compliance,HIGHER,78.8,78.1,77.5,95,2025-08-31
Abu Dhabi,Al Ain,Saeed Al Mazrouei,Huda Salem,Khalid Mahmoud,BR030,Umm Al Quwain,Premium,Volatile,KPI06,SLA Compliance,HIGHER,78.1,77.5,76.4,95,2025-09-30
Abu Dhabi,Al Ain,Saeed Al Mazrouei,Huda Salem,Khalid Mahmoud,BR030,Umm Al Quwain,Premium,Volatile,KPI06,SLA Compliance,HIGHER,77.5,76.4,76.8,95,2025-10-31
Abu Dhabi,Al Ain,Saeed Al Mazrouei,Huda Salem,Khalid Mahmoud,BR030,Umm Al Quwain,Premium,Volatile,KPI06,SLA Compliance,HIGHER,76.4,76.8,77.3,95,2025-11-30
Abu Dhabi,Al Ain,Saeed Al Mazrouei,Huda Salem,Khalid Mahmoud,BR030,Umm Al Quwain,Premium,Volatile,KPI06,SLA Compliance,HIGHER,76.8,77.3,77.6,95,2025-12-31
Abu Dhabi,Al Ain,Saeed Al Mazrouei,Huda Salem,Khalid Mahmoud,BR030,Umm Al Quwain,Premium,Volatile,KPI06,SLA Compliance,HIGHER,77.3,77.6,76.9,95,2026-01-31
Abu Dhabi,Al Ain,Saeed Al Mazrouei,Huda Salem,Khalid Mahmoud,BR030,Umm Al Quwain,Premium,Volatile,KPI06,SLA Compliance,HIGHER,77.6,76.9,76.5,95,2026-02-28
Abu Dhabi,Al Ain,Saeed Al Mazrouei,Huda Salem,Khalid Mahmoud,BR030,Umm Al Quwain,Premium,Volatile,KPI06,SLA Compliance,HIGHER,76.9,76.5,77.5,95,2026-03-31
Abu Dhabi,Al Ain,Saeed Al Mazrouei,Huda Salem,Khalid Mahmoud,BR030,Umm Al Quwain,Premium,Volatile,KPI06,SLA Compliance,HIGHER,76.5,77.5,77.8,95,2026-04-30
Abu Dhabi,Al Ain,Saeed Al Mazrouei,Huda Salem,Khalid Mahmoud,BR030,Umm Al Quwain,Premium,Volatile,KPI06,SLA Compliance,HIGHER,77.5,77.8,77.5,95,2026-05-31
Abu Dhabi,Al Ain,Saeed Al Mazrouei,Huda Salem,Khalid Mahmoud,BR030,Umm Al Quwain,Premium,Volatile,KPI06,SLA Compliance,HIGHER,77.8,77.5,77.3,95,2026-06-30
Abu Dhabi,Al Ain,Saeed Al Mazrouei,Huda Salem,Khalid Mahmoud,BR030,Umm Al Quwain,Premium,Volatile,KPI07,First Contact Resolution,HIGHER,70.6,70.8,71.2,85,2025-07-31
Abu Dhabi,Al Ain,Saeed Al Mazrouei,Huda Salem,Khalid Mahmoud,BR030,Umm Al Quwain,Premium,Volatile,KPI07,First Contact Resolution,HIGHER,70.8,71.2,70.8,85,2025-08-31
Abu Dhabi,Al Ain,Saeed Al Mazrouei,Huda Salem,Khalid Mahmoud,BR030,Umm Al Quwain,Premium,Volatile,KPI07,First Contact Resolution,HIGHER,71.2,70.8,69.9,85,2025-09-30
Abu Dhabi,Al Ain,Saeed Al Mazrouei,Huda Salem,Khalid Mahmoud,BR030,Umm Al Quwain,Premium,Volatile,KPI07,First Contact Resolution,HIGHER,70.8,69.9,70.0,85,2025-10-31
Abu Dhabi,Al Ain,Saeed Al Mazrouei,Huda Salem,Khalid Mahmoud,BR030,Umm Al Quwain,Premium,Volatile,KPI07,First Contact Resolution,HIGHER,69.9,70.0,70.9,85,2025-11-30
Abu Dhabi,Al Ain,Saeed Al Mazrouei,Huda Salem,Khalid Mahmoud,BR030,Umm Al Quwain,Premium,Volatile,KPI07,First Contact Resolution,HIGHER,70.0,70.9,71.2,85,2025-12-31
Abu Dhabi,Al Ain,Saeed Al Mazrouei,Huda Salem,Khalid Mahmoud,BR030,Umm Al Quwain,Premium,Volatile,KPI07,First Contact Resolution,HIGHER,70.9,71.2,71.0,85,2026-01-31
Abu Dhabi,Al Ain,Saeed Al Mazrouei,Huda Salem,Khalid Mahmoud,BR030,Umm Al Quwain,Premium,Volatile,KPI07,First Contact Resolution,HIGHER,71.2,71.0,71.2,85,2026-02-28
Abu Dhabi,Al Ain,Saeed Al Mazrouei,Huda Salem,Khalid Mahmoud,BR030,Umm Al Quwain,Premium,Volatile,KPI07,First Contact Resolution,HIGHER,71.0,71.2,71.9,85,2026-03-31
Abu Dhabi,Al Ain,Saeed Al Mazrouei,Huda Salem,Khalid Mahmoud,BR030,Umm Al Quwain,Premium,Volatile,KPI07,First Contact Resolution,HIGHER,71.2,71.9,72.6,85,2026-04-30
Abu Dhabi,Al Ain,Saeed Al Mazrouei,Huda Salem,Khalid Mahmoud,BR030,Umm Al Quwain,Premium,Volatile,KPI07,First Contact Resolution,HIGHER,71.9,72.6,72.3,85,2026-05-31
Abu Dhabi,Al Ain,Saeed Al Mazrouei,Huda Salem,Khalid Mahmoud,BR030,Umm Al Quwain,Premium,Volatile,KPI07,First Contact Resolution,HIGHER,72.6,72.3,71.0,85,2026-06-30
Abu Dhabi,Al Ain,Saeed Al Mazrouei,Huda Salem,Khalid Mahmoud,BR030,Umm Al Quwain,Premium,Volatile,KPI08,Customer Effort Score,LOWER,3.89,3.82,3.79,3.0,2025-07-31
Abu Dhabi,Al Ain,Saeed Al Mazrouei,Huda Salem,Khalid Mahmoud,BR030,Umm Al Quwain,Premium,Volatile,KPI08,Customer Effort Score,LOWER,3.82,3.79,3.88,3.0,2025-08-31
Abu Dhabi,Al Ain,Saeed Al Mazrouei,Huda Salem,Khalid Mahmoud,BR030,Umm Al Quwain,Premium,Volatile,KPI08,Customer Effort Score,LOWER,3.79,3.88,3.87,3.0,2025-09-30
Abu Dhabi,Al Ain,Saeed Al Mazrouei,Huda Salem,Khalid Mahmoud,BR030,Umm Al Quwain,Premium,Volatile,KPI08,Customer Effort Score,LOWER,3.88,3.87,3.75,3.0,2025-10-31
Abu Dhabi,Al Ain,Saeed Al Mazrouei,Huda Salem,Khalid Mahmoud,BR030,Umm Al Quwain,Premium,Volatile,KPI08,Customer Effort Score,LOWER,3.87,3.75,3.73,3.0,2025-11-30
Abu Dhabi,Al Ain,Saeed Al Mazrouei,Huda Salem,Khalid Mahmoud,BR030,Umm Al Quwain,Premium,Volatile,KPI08,Customer Effort Score,LOWER,3.75,3.73,3.74,3.0,2025-12-31
Abu Dhabi,Al Ain,Saeed Al Mazrouei,Huda Salem,Khalid Mahmoud,BR030,Umm Al Quwain,Premium,Volatile,KPI08,Customer Effort Score,LOWER,3.73,3.74,3.89,3.0,2026-01-31
Abu Dhabi,Al Ain,Saeed Al Mazrouei,Huda Salem,Khalid Mahmoud,BR030,Umm Al Quwain,Premium,Volatile,KPI08,Customer Effort Score,LOWER,3.74,3.89,3.95,3.0,2026-02-28
Abu Dhabi,Al Ain,Saeed Al Mazrouei,Huda Salem,Khalid Mahmoud,BR030,Umm Al Quwain,Premium,Volatile,KPI08,Customer Effort Score,LOWER,3.89,3.95,3.85,3.0,2026-03-31
Abu Dhabi,Al Ain,Saeed Al Mazrouei,Huda Salem,Khalid Mahmoud,BR030,Umm Al Quwain,Premium,Volatile,KPI08,Customer Effort Score,LOWER,3.95,3.85,3.7,3.0,2026-04-30
Abu Dhabi,Al Ain,Saeed Al Mazrouei,Huda Salem,Khalid Mahmoud,BR030,Umm Al Quwain,Premium,Volatile,KPI08,Customer Effort Score,LOWER,3.85,3.7,3.77,3.0,2026-05-31
Abu Dhabi,Al Ain,Saeed Al Mazrouei,Huda Salem,Khalid Mahmoud,BR030,Umm Al Quwain,Premium,Volatile,KPI08,Customer Effort Score,LOWER,3.7,3.77,3.88,3.0,2026-06-30
Abu Dhabi,Al Ain,Saeed Al Mazrouei,Huda Salem,Khalid Mahmoud,BR030,Umm Al Quwain,Premium,Volatile,KPI09,Digital Adoption Rate,HIGHER,87.6,87.7,88.4,75,2025-07-31
Abu Dhabi,Al Ain,Saeed Al Mazrouei,Huda Salem,Khalid Mahmoud,BR030,Umm Al Quwain,Premium,Volatile,KPI09,Digital Adoption Rate,HIGHER,87.7,88.4,86.9,75,2025-08-31
Abu Dhabi,Al Ain,Saeed Al Mazrouei,Huda Salem,Khalid Mahmoud,BR030,Umm Al Quwain,Premium,Volatile,KPI09,Digital Adoption Rate,HIGHER,88.4,86.9,86.4,75,2025-09-30
Abu Dhabi,Al Ain,Saeed Al Mazrouei,Huda Salem,Khalid Mahmoud,BR030,Umm Al Quwain,Premium,Volatile,KPI09,Digital Adoption Rate,HIGHER,86.9,86.4,87.7,75,2025-10-31
Abu Dhabi,Al Ain,Saeed Al Mazrouei,Huda Salem,Khalid Mahmoud,BR030,Umm Al Quwain,Premium,Volatile,KPI09,Digital Adoption Rate,HIGHER,86.4,87.7,88.6,75,2025-11-30
Abu Dhabi,Al Ain,Saeed Al Mazrouei,Huda Salem,Khalid Mahmoud,BR030,Umm Al Quwain,Premium,Volatile,KPI09,Digital Adoption Rate,HIGHER,87.7,88.6,88.8,75,2025-12-31
Abu Dhabi,Al Ain,Saeed Al Mazrouei,Huda Salem,Khalid Mahmoud,BR030,Umm Al Quwain,Premium,Volatile,KPI09,Digital Adoption Rate,HIGHER,88.6,88.8,88.3,75,2026-01-31
Abu Dhabi,Al Ain,Saeed Al Mazrouei,Huda Salem,Khalid Mahmoud,BR030,Umm Al Quwain,Premium,Volatile,KPI09,Digital Adoption Rate,HIGHER,88.8,88.3,87.4,75,2026-02-28
Abu Dhabi,Al Ain,Saeed Al Mazrouei,Huda Salem,Khalid Mahmoud,BR030,Umm Al Quwain,Premium,Volatile,KPI09,Digital Adoption Rate,HIGHER,88.3,87.4,87.9,75,2026-03-31
Abu Dhabi,Al Ain,Saeed Al Mazrouei,Huda Salem,Khalid Mahmoud,BR030,Umm Al Quwain,Premium,Volatile,KPI09,Digital Adoption Rate,HIGHER,87.4,87.9,88.9,75,2026-04-30
Abu Dhabi,Al Ain,Saeed Al Mazrouei,Huda Salem,Khalid Mahmoud,BR030,Umm Al Quwain,Premium,Volatile,KPI09,Digital Adoption Rate,HIGHER,87.9,88.9,88.2,75,2026-05-31
Abu Dhabi,Al Ain,Saeed Al Mazrouei,Huda Salem,Khalid Mahmoud,BR030,Umm Al Quwain,Premium,Volatile,KPI09,Digital Adoption Rate,HIGHER,88.9,88.2,86.8,75,2026-06-30
Abu Dhabi,Al Ain,Saeed Al Mazrouei,Huda Salem,Khalid Mahmoud,BR030,Umm Al Quwain,Premium,Volatile,KPI10,Repeat Complaint Rate,LOWER,7.5,7.4,7.1,8,2025-07-31
Abu Dhabi,Al Ain,Saeed Al Mazrouei,Huda Salem,Khalid Mahmoud,BR030,Umm Al Quwain,Premium,Volatile,KPI10,Repeat Complaint Rate,LOWER,7.4,7.1,8.0,8,2025-08-31
Abu Dhabi,Al Ain,Saeed Al Mazrouei,Huda Salem,Khalid Mahmoud,BR030,Umm Al Quwain,Premium,Volatile,KPI10,Repeat Complaint Rate,LOWER,7.1,8.0,8.7,8,2025-09-30
Abu Dhabi,Al Ain,Saeed Al Mazrouei,Huda Salem,Khalid Mahmoud,BR030,Umm Al Quwain,Premium,Volatile,KPI10,Repeat Complaint Rate,LOWER,8.0,8.7,8.3,8,2025-10-31
Abu Dhabi,Al Ain,Saeed Al Mazrouei,Huda Salem,Khalid Mahmoud,BR030,Umm Al Quwain,Premium,Volatile,KPI10,Repeat Complaint Rate,LOWER,8.7,8.3,8.0,8,2025-11-30
Abu Dhabi,Al Ain,Saeed Al Mazrouei,Huda Salem,Khalid Mahmoud,BR030,Umm Al Quwain,Premium,Volatile,KPI10,Repeat Complaint Rate,LOWER,8.3,8.0,8.0,8,2025-12-31
Abu Dhabi,Al Ain,Saeed Al Mazrouei,Huda Salem,Khalid Mahmoud,BR030,Umm Al Quwain,Premium,Volatile,KPI10,Repeat Complaint Rate,LOWER,8.0,8.0,8.5,8,2026-01-31
Abu Dhabi,Al Ain,Saeed Al Mazrouei,Huda Salem,Khalid Mahmoud,BR030,Umm Al Quwain,Premium,Volatile,KPI10,Repeat Complaint Rate,LOWER,8.0,8.5,8.9,8,2026-02-28
Abu Dhabi,Al Ain,Saeed Al Mazrouei,Huda Salem,Khalid Mahmoud,BR030,Umm Al Quwain,Premium,Volatile,KPI10,Repeat Complaint Rate,LOWER,8.5,8.9,8.5,8,2026-03-31
Abu Dhabi,Al Ain,Saeed Al Mazrouei,Huda Salem,Khalid Mahmoud,BR030,Umm Al Quwain,Premium,Volatile,KPI10,Repeat Complaint Rate,LOWER,8.9,8.5,8.1,8,2026-04-30
Abu Dhabi,Al Ain,Saeed Al Mazrouei,Huda Salem,Khalid Mahmoud,BR030,Umm Al Quwain,Premium,Volatile,KPI10,Repeat Complaint Rate,LOWER,8.5,8.1,8.2,8,2026-05-31
Abu Dhabi,Al Ain,Saeed Al Mazrouei,Huda Salem,Khalid Mahmoud,BR030,Umm Al Quwain,Premium,Volatile,KPI10,Repeat Complaint Rate,LOWER,8.1,8.2,8.4,8,2026-06-30
